{
  "type": "FeatureCollection",
  "features": [
    {
      "type": "Feature",
      "geometry": {
        "type": "GeometryCollection",
        "geometries": [
          {
            "type": "Polygon",
            "coordinates": [
              [
                [
                  -67.2877211180444,
                  -55.79966900880521,
                  0
                ],
                [
                  -67.42199193558939,
                  -55.82027332583945,
                  0
                ],
                [
                  -67.33826475349943,
                  -55.86496731859076,
                  0
                ],
                [
                  -67.18114408610182,
                  -55.89760078259076,
                  0
                ],
                [
                  -67.21721169349942,
                  -55.85178372559076,
                  0
                ],
                [
                  -67.2877211180444,
                  -55.79966900880521,
                  0
                ]
              ]
            ]
          },
          {
            "type": "Polygon",
            "coordinates": [
              [
                [
                  -73.54556800233438,
                  -36.97343768383032,
                  0
                ],
                [
                  -73.5625660381309,
                  -37.0266943246454,
                  0
                ],
                [
                  -73.54752931415699,
                  -37.07261124909355,
                  0
                ],
                [
                  -73.52007094863991,
                  -37.08825839591847,
                  0
                ],
                [
                  -73.50372668345153,
                  -37.04913447424124,
                  0
                ],
                [
                  -73.46907684125095,
                  -37.05800433191423,
                  0
                ],
                [
                  -73.46842307064341,
                  -37.02721626390827,
                  0
                ],
                [
                  -73.4978427479831,
                  -37.01207856926118,
                  0
                ],
                [
                  -73.51614832499467,
                  -36.99380492167945,
                  0
                ],
                [
                  -73.521378489855,
                  -36.96403558130961,
                  0
                ],
                [
                  -73.5462217729419,
                  -36.95724445172687,
                  0
                ],
                [
                  -73.54556800233438,
                  -36.97343768383032,
                  0
                ]
              ]
            ]
          },
          {
            "type": "Polygon",
            "coordinates": [
              [
                [
                  -80.07923684949942,
                  -26.31575708459076,
                  0
                ],
                [
                  -80.09057083949942,
                  -26.27993108459076,
                  0
                ],
                [
                  -80.12146161949943,
                  -26.29442631859077,
                  0
                ],
                [
                  -80.07923684949942,
                  -26.31575708459076,
                  0
                ]
              ]
            ]
          },
          {
            "type": "Polygon",
            "coordinates": [
              [
                [
                  -79.85884180848548,
                  -26.3457789858672,
                  0
                ],
                [
                  -79.88311839246043,
                  -26.33229007764254,
                  0
                ],
                [
                  -79.90873018855403,
                  -26.33500974212026,
                  0
                ],
                [
                  -79.91324892351828,
                  -26.35606139674825,
                  0
                ],
                [
                  -79.85884180848548,
                  -26.3457789858672,
                  0
                ]
              ]
            ]
          },
          {
            "type": "Polygon",
            "coordinates": [
              [
                [
                  -105.367095575129,
                  -26.46865598811057,
                  0
                ],
                [
                  -105.3662572165566,
                  -26.47280036361164,
                  0
                ],
                [
                  -105.3640700603176,
                  -26.47704972781024,
                  0
                ],
                [
                  -105.3581048609023,
                  -26.47512901760927,
                  0
                ],
                [
                  -105.3600545320647,
                  -26.47013958013572,
                  0
                ],
                [
                  -105.367095575129,
                  -26.46865598811057,
                  0
                ]
              ]
            ]
          },
          {
            "type": "Polygon",
            "coordinates": [
              [
                [
                  -67.19259153698046,
                  -55.97631366792341,
                  0
                ],
                [
                  -67.25507627621644,
                  -55.91171368936113,
                  0
                ],
                [
                  -67.37867246371621,
                  -55.91864027036367,
                  0
                ],
                [
                  -67.30156915830855,
                  -55.98188056519547,
                  0
                ],
                [
                  -67.19259153698046,
                  -55.97631366792341,
                  0
                ]
              ]
            ]
          },
          {
            "type": "Polygon",
            "coordinates": [
              [
                [
                  -68.68596202451994,
                  -56.53251400136337,
                  0
                ],
                [
                  -68.71033793953725,
                  -56.4386795280792,
                  0
                ],
                [
                  -68.76080638276633,
                  -56.44323443206326,
                  0
                ],
                [
                  -68.75536843879017,
                  -56.53235831379244,
                  0
                ],
                [
                  -68.68596202451994,
                  -56.53251400136337,
                  0
                ]
              ]
            ]
          },
          {
            "type": "Polygon",
            "coordinates": [
              [
                [
                  -67.0434966347973,
                  -55.91379544359076,
                  0
                ],
                [
                  -67.05961923349183,
                  -55.80659866611303,
                  0
                ],
                [
                  -67.15678688849943,
                  -55.83363593859076,
                  0
                ],
                [
                  -67.16472145849943,
                  -55.87969713659075,
                  0
                ],
                [
                  -67.0434966347973,
                  -55.91379544359076,
                  0
                ]
              ]
            ]
          },
          {
            "type": "Polygon",
            "coordinates": [
              [
                [
                  -67.45800489888076,
                  -55.7910372512881,
                  0
                ],
                [
                  -67.68200100127366,
                  -55.78668457136317,
                  0
                ],
                [
                  -67.80046364649942,
                  -55.81247708459076,
                  0
                ],
                [
                  -67.93680594131398,
                  -55.81719368293507,
                  0
                ],
                [
                  -67.90442189271658,
                  -55.88081345502609,
                  0
                ],
                [
                  -67.72963186464804,
                  -55.9188043228173,
                  0
                ],
                [
                  -67.66144284556796,
                  -55.90285460751057,
                  0
                ],
                [
                  -67.64059789049942,
                  -55.91416029759075,
                  0
                ],
                [
                  -67.58920700252816,
                  -55.91860528555329,
                  0
                ],
                [
                  -67.45561242212901,
                  -55.85460298381873,
                  0
                ],
                [
                  -67.45800489888076,
                  -55.7910372512881,
                  0
                ]
              ]
            ]
          },
          {
            "type": "Polygon",
            "coordinates": [
              [
                [
                  -67.27249320557861,
                  -55.57643616806072,
                  0
                ],
                [
                  -67.40375949248698,
                  -55.54270038162088,
                  0
                ],
                [
                  -67.48893347976626,
                  -55.59496616251475,
                  0
                ],
                [
                  -67.40662412849943,
                  -55.69943997559077,
                  0
                ],
                [
                  -67.50566384149943,
                  -55.65411119959077,
                  0
                ],
                [
                  -67.53886696649943,
                  -55.66013333459076,
                  0
                ],
                [
                  -67.58506057673029,
                  -55.73370812261855,
                  0
                ],
                [
                  -67.4186379927397,
                  -55.77675330235527,
                  0
                ],
                [
                  -67.16838032924592,
                  -55.81349503118373,
                  0
                ],
                [
                  -67.21587361615757,
                  -55.68809957109706,
                  0
                ],
                [
                  -67.36162087249943,
                  -55.70627591259075,
                  0
                ],
                [
                  -67.27249320557861,
                  -55.57643616806072,
                  0
                ]
              ]
            ]
          },
          {
            "type": "Polygon",
            "coordinates": [
              [
                [
                  -67.65794100845403,
                  -55.72259963621781,
                  0
                ],
                [
                  -67.4941279349732,
                  -55.6141512868268,
                  0
                ],
                [
                  -67.58513161549942,
                  -55.55417630359075,
                  0
                ],
                [
                  -67.61855117499012,
                  -55.48420038361306,
                  0
                ],
                [
                  -67.71719002636978,
                  -55.49537737158325,
                  0
                ],
                [
                  -67.69977466236975,
                  -55.5554817551514,
                  0
                ],
                [
                  -67.75548628354481,
                  -55.60170334025399,
                  0
                ],
                [
                  -67.65794100845403,
                  -55.72259963621781,
                  0
                ]
              ]
            ]
          },
          {
            "type": "Polygon",
            "coordinates": [
              [
                [
                  -69.65597308649943,
                  -55.36423489759076,
                  0
                ],
                [
                  -69.80156227949942,
                  -55.33265937659076,
                  0
                ],
                [
                  -69.77421852949942,
                  -55.38051093859076,
                  0
                ],
                [
                  -69.70256325549943,
                  -55.40899401159077,
                  0
                ],
                [
                  -69.65597308649943,
                  -55.36423489759076,
                  0
                ]
              ]
            ]
          },
          {
            "type": "Polygon",
            "coordinates": [
              [
                [
                  -66.85761452134713,
                  -55.35327066458954,
                  0
                ],
                [
                  -66.74280695302694,
                  -55.31358372964065,
                  0
                ],
                [
                  -66.80671477206472,
                  -55.28250769354678,
                  0
                ],
                [
                  -66.86416595351531,
                  -55.21607477625209,
                  0
                ],
                [
                  -66.97734833820557,
                  -55.21904567289175,
                  0
                ],
                [
                  -67.07143562513531,
                  -55.26224288055819,
                  0
                ],
                [
                  -67.03223415333072,
                  -55.34894056351074,
                  0
                ],
                [
                  -66.85761452134713,
                  -55.35327066458954,
                  0
                ]
              ]
            ]
          },
          {
            "type": "Polygon",
            "coordinates": [
              [
                [
                  -66.47156553449943,
                  -55.18243151159076,
                  0
                ],
                [
                  -66.53463519549943,
                  -55.16281888159077,
                  0
                ],
                [
                  -66.66151795652591,
                  -55.20487036345184,
                  0
                ],
                [
                  -66.65626494430933,
                  -55.26661273820553,
                  0
                ],
                [
                  -66.65779614842056,
                  -55.29085170517811,
                  0
                ],
                [
                  -66.56914040449942,
                  -55.28171536559076,
                  0
                ],
                [
                  -66.54128033224185,
                  -55.28168805478122,
                  0
                ],
                [
                  -66.50120867059427,
                  -55.27509201006775,
                  0
                ],
                [
                  -66.50383278649943,
                  -55.25803372559076,
                  0
                ],
                [
                  -66.47987142310326,
                  -55.23122213886904,
                  0
                ],
                [
                  -66.41088875626518,
                  -55.22388801673222,
                  0
                ],
                [
                  -66.4261738042362,
                  -55.1889543862662,
                  0
                ],
                [
                  -66.47156553449943,
                  -55.18243151159076,
                  0
                ]
              ]
            ]
          },
          {
            "type": "Polygon",
            "coordinates": [
              [
                [
                  -66.80498811049965,
                  -55.11379141185155,
                  0
                ],
                [
                  -66.85246860106093,
                  -55.01981987826861,
                  0
                ],
                [
                  -67.05439042154796,
                  -54.98036105264006,
                  0
                ],
                [
                  -67.07170910203584,
                  -55.01822715105081,
                  0
                ],
                [
                  -66.92011271745034,
                  -55.08756876502368,
                  0
                ],
                [
                  -66.83454629088963,
                  -55.13112700008481,
                  0
                ],
                [
                  -66.80498811049965,
                  -55.11379141185155,
                  0
                ]
              ]
            ]
          },
          {
            "type": "Polygon",
            "coordinates": [
              [
                [
                  -68.34550759149943,
                  -54.99851224059076,
                  0
                ],
                [
                  -68.39848811136247,
                  -54.95888261181438,
                  0
                ],
                [
                  -68.44096657549943,
                  -54.93975573059076,
                  0
                ],
                [
                  -68.51339496149943,
                  -54.92893216259076,
                  0
                ],
                [
                  -68.57508115949943,
                  -54.94219713659076,
                  0
                ],
                [
                  -68.73527809949942,
                  -54.94968411559077,
                  0
                ],
                [
                  -68.83419574249943,
                  -54.98158515759076,
                  0
                ],
                [
                  -69.31946592449943,
                  -54.99338528759076,
                  0
                ],
                [
                  -69.42631813849943,
                  -55.03138984459077,
                  0
                ],
                [
                  -69.52739235749942,
                  -55.03204088659076,
                  0
                ],
                [
                  -69.65007302149942,
                  -55.05173489759076,
                  0
                ],
                [
                  -69.88579079449943,
                  -55.06361640759076,
                  0
                ],
                [
                  -69.94739561249942,
                  -55.08713528759076,
                  0
                ],
                [
                  -70.03129860749942,
                  -55.15329739759076,
                  0
                ],
                [
                  -69.95939919349942,
                  -55.16184231859076,
                  0
                ],
                [
                  -69.85222145849943,
                  -55.21555325659077,
                  0
                ],
                [
                  -69.84786761749943,
                  -55.25795234459077,
                  0
                ],
                [
                  -69.71672341149943,
                  -55.24379218859076,
                  0
                ],
                [
                  -69.72945941449943,
                  -55.29115546959076,
                  0
                ],
                [
                  -69.60747048249942,
                  -55.36553698059076,
                  0
                ],
                [
                  -69.50387347749943,
                  -55.38051093859076,
                  0
                ],
                [
                  -69.45134255249943,
                  -55.40891263159077,
                  0
                ],
                [
                  -69.43689756549942,
                  -55.49135078259077,
                  0
                ],
                [
                  -69.34624001349943,
                  -55.46726224059076,
                  0
                ],
                [
                  -69.29920225349943,
                  -55.49037421959076,
                  0
                ],
                [
                  -69.22620420649943,
                  -55.46986640759076,
                  0
                ],
                [
                  -69.20598122449942,
                  -55.43780260559076,
                  0
                ],
                [
                  -69.29871397149942,
                  -55.41379544359076,
                  0
                ],
                [
                  -69.24321266949943,
                  -55.38392890759075,
                  0
                ],
                [
                  -69.39262673249942,
                  -55.28741198059076,
                  0
                ],
                [
                  -69.45146462249943,
                  -55.27121731859076,
                  0
                ],
                [
                  -69.27193988349943,
                  -55.21351875159076,
                  0
                ],
                [
                  -69.32076800849943,
                  -55.13962552259076,
                  0
                ],
                [
                  -69.24956032549943,
                  -55.14434557459076,
                  0
                ],
                [
                  -69.21253233149943,
                  -55.21652981859076,
                  0
                ],
                [
                  -69.16468076849942,
                  -55.24216458459076,
                  0
                ],
                [
                  -68.96892067749943,
                  -55.26096341259076,
                  0
                ],
                [
                  -68.90401996149943,
                  -55.22279609459076,
                  0
                ],
                [
                  -68.85563942749943,
                  -55.25754544359075,
                  0
                ],
                [
                  -68.95032529949943,
                  -55.38116198059076,
                  0
                ],
                [
                  -68.78581520849943,
                  -55.33200833459076,
                  0
                ],
                [
                  -68.82776670649943,
                  -55.38734687659076,
                  0
                ],
                [
                  -68.90401996149943,
                  -55.38734687659076,
                  0
                ],
                [
                  -68.96717100349943,
                  -55.42999010559076,
                  0
                ],
                [
                  -68.86516091149943,
                  -55.50534817859075,
                  0
                ],
                [
                  -68.76811501349943,
                  -55.49265286559076,
                  0
                ],
                [
                  -68.73133115949943,
                  -55.46498359459076,
                  0
                ],
                [
                  -68.66858381524102,
                  -55.63160514618561,
                  0
                ],
                [
                  -68.46117861248692,
                  -55.5969474348677,
                  0
                ],
                [
                  -68.34591891578769,
                  -55.55644530788186,
                  0
                ],
                [
                  -68.29292613830837,
                  -55.56927989337321,
                  0
                ],
                [
                  -68.28361794349942,
                  -55.58957669359076,
                  0
                ],
                [
                  -68.28905810654777,
                  -55.62223289269392,
                  0
                ],
                [
                  -68.23324970790352,
                  -55.64396338669131,
                  0
                ],
                [
                  -68.15312477949942,
                  -55.59633125159076,
                  0
                ],
                [
                  -68.14360329449943,
                  -55.67299140759075,
                  0
                ],
                [
                  -68.07133766949943,
                  -55.71628567859076,
                  0
                ],
                [
                  -67.9601075118544,
                  -55.68582599439379,
                  0
                ],
                [
                  -67.97941872449942,
                  -55.59763333459076,
                  0
                ],
                [
                  -67.95834211972964,
                  -55.53387707783805,
                  0
                ],
                [
                  -67.98858027919047,
                  -55.47328027839717,
                  0
                ],
                [
                  -68.02882960653784,
                  -55.45509321741281,
                  0
                ],
                [
                  -68.00277572290658,
                  -55.41719475800484,
                  0
                ],
                [
                  -68.0309025373045,
                  -55.38501924371042,
                  0
                ],
                [
                  -68.21801996538922,
                  -55.3451530557113,
                  0
                ],
                [
                  -68.34514138049943,
                  -55.34405260559076,
                  0
                ],
                [
                  -68.44780251349943,
                  -55.32639310059076,
                  0
                ],
                [
                  -68.63151833349943,
                  -55.32663724059077,
                  0
                ],
                [
                  -68.61662575549943,
                  -55.30596666759078,
                  0
                ],
                [
                  -68.49988584649942,
                  -55.31150052259076,
                  0
                ],
                [
                  -68.43136371149943,
                  -55.29856106859076,
                  0
                ],
                [
                  -68.14923599523667,
                  -55.29351142280182,
                  0
                ],
                [
                  -68.17057088110099,
                  -55.25317618365058,
                  0
                ],
                [
                  -68.20900201748258,
                  -55.15653926341123,
                  0
                ],
                [
                  -68.39148962114382,
                  -55.15770146199689,
                  0
                ],
                [
                  -68.51684145545661,
                  -55.17373341157829,
                  0
                ],
                [
                  -68.60860980549943,
                  -55.17543281359077,
                  0
                ],
                [
                  -68.80852774763642,
                  -55.13549260336107,
                  0
                ],
                [
                  -68.94829079449943,
                  -55.11097968859077,
                  0
                ],
                [
                  -68.89034808649943,
                  -55.07883450659077,
                  0
                ],
                [
                  -68.82573220049943,
                  -55.11521145959075,
                  0
                ],
                [
                  -68.57800386983652,
                  -55.16314287690247,
                  0
                ],
                [
                  -68.41199885055295,
                  -55.14864961446011,
                  0
                ],
                [
                  -68.26202186147879,
                  -55.12570850575122,
                  0
                ],
                [
                  -68.27225855931272,
                  -55.04947843763103,
                  0
                ],
                [
                  -68.34550759149943,
                  -54.99851224059076,
                  0
                ]
              ]
            ]
          },
          {
            "type": "Polygon",
            "coordinates": [
              [
                [
                  -67.80099135245639,
                  -54.89969327730667,
                  0
                ],
                [
                  -67.94576762389579,
                  -54.88878952075304,
                  0
                ],
                [
                  -68.34000251678854,
                  -54.89966648721233,
                  0
                ],
                [
                  -68.40631328484677,
                  -54.9324466477889,
                  0
                ],
                [
                  -68.31621186930998,
                  -55.00498281949363,
                  0
                ],
                [
                  -68.18824014669758,
                  -55.00622229511761,
                  0
                ],
                [
                  -68.16374489649942,
                  -55.05490872559076,
                  0
                ],
                [
                  -68.18791481849942,
                  -55.10446927259076,
                  0
                ],
                [
                  -68.15670550849943,
                  -55.19610338659077,
                  0
                ],
                [
                  -68.10782870759104,
                  -55.23792542077524,
                  0
                ],
                [
                  -68.02369966216807,
                  -55.2459807322547,
                  0
                ],
                [
                  -68.00673992928057,
                  -55.25415235532426,
                  0
                ],
                [
                  -67.9139125460715,
                  -55.27281831491229,
                  0
                ],
                [
                  -67.82108516286242,
                  -55.29148427450032,
                  0
                ],
                [
                  -67.80046364649942,
                  -55.26438138159077,
                  0
                ],
                [
                  -67.59487252131701,
                  -55.28494784717311,
                  0
                ],
                [
                  -67.59833433185662,
                  -55.20789154144289,
                  0
                ],
                [
                  -67.51768029797985,
                  -55.18497978044557,
                  0
                ],
                [
                  -67.44267974381752,
                  -55.21066769039258,
                  0
                ],
                [
                  -67.4854276584928,
                  -55.26841934561046,
                  0
                ],
                [
                  -67.43181722385084,
                  -55.33318343128722,
                  0
                ],
                [
                  -67.2209252492196,
                  -55.33192514927921,
                  0
                ],
                [
                  -67.21137839498653,
                  -55.29966514122248,
                  0
                ],
                [
                  -67.07468362528037,
                  -55.21146163863696,
                  0
                ],
                [
                  -67.03179744460448,
                  -55.15019927738831,
                  0
                ],
                [
                  -67.0504758614566,
                  -55.07441540801599,
                  0
                ],
                [
                  -67.13759079388299,
                  -54.94880165323143,
                  0
                ],
                [
                  -67.30500063295297,
                  -54.91992967918632,
                  0
                ],
                [
                  -67.64962543049943,
                  -54.92111966259076,
                  0
                ],
                [
                  -67.71787461110871,
                  -54.91493655915331,
                  0
                ],
                [
                  -67.80099135245639,
                  -54.89969327730667,
                  0
                ]
              ]
            ]
          },
          {
            "type": "Polygon",
            "coordinates": [
              [
                [
                  -70.50525694049942,
                  -54.95082343859077,
                  0
                ],
                [
                  -70.31547829449943,
                  -54.90801744959077,
                  0
                ],
                [
                  -70.35026833349943,
                  -54.89377591259076,
                  0
                ],
                [
                  -70.49186989649942,
                  -54.90004218859077,
                  0
                ],
                [
                  -70.61027809949942,
                  -54.94219713659076,
                  0
                ],
                [
                  -70.64506813849943,
                  -54.96897122559076,
                  0
                ],
                [
                  -70.79529600349943,
                  -54.97637682459077,
                  0
                ],
                [
                  -70.90519997449942,
                  -54.94846341259076,
                  0
                ],
                [
                  -70.98702777349942,
                  -54.94846341259076,
                  0
                ],
                [
                  -70.99093402349942,
                  -55.03366849059076,
                  0
                ],
                [
                  -70.91199522149942,
                  -55.07883450659077,
                  0
                ],
                [
                  -70.85665668049943,
                  -55.05857083459076,
                  0
                ],
                [
                  -70.71562477949942,
                  -55.12286119959077,
                  0
                ],
                [
                  -70.63017556049942,
                  -55.07688138159077,
                  0
                ],
                [
                  -70.51347634149943,
                  -55.10666653759076,
                  0
                ],
                [
                  -70.56873350349943,
                  -55.15818020959076,
                  0
                ],
                [
                  -70.44584938849943,
                  -55.17502591259076,
                  0
                ],
                [
                  -70.39738747449942,
                  -55.10666653759076,
                  0
                ],
                [
                  -70.33826475349943,
                  -55.12855781359077,
                  0
                ],
                [
                  -70.26705707049943,
                  -55.11293281359077,
                  0
                ],
                [
                  -70.30925270849943,
                  -55.02797187659077,
                  0
                ],
                [
                  -70.40792621149943,
                  -55.05206041759077,
                  0
                ],
                [
                  -70.54204079449943,
                  -55.01902005359076,
                  0
                ],
                [
                  -70.65125303449943,
                  -55.03098294359075,
                  0
                ],
                [
                  -70.72966286549942,
                  -55.01340481859077,
                  0
                ],
                [
                  -70.71953102949942,
                  -54.98321276159077,
                  0
                ],
                [
                  -70.59660622449942,
                  -55.00363919359076,
                  0
                ],
                [
                  -70.50948871149943,
                  -54.98825833459077,
                  0
                ],
                [
                  -70.50525694049942,
                  -54.95082343859077,
                  0
                ]
              ]
            ]
          },
          {
            "type": "Polygon",
            "coordinates": [
              [
                [
                  -69.50916319049942,
                  -54.90818020959076,
                  0
                ],
                [
                  -69.51355772149942,
                  -54.89377591259076,
                  0
                ],
                [
                  -69.67127256549942,
                  -54.86651354259078,
                  0
                ],
                [
                  -69.83614886749943,
                  -54.87229153759076,
                  0
                ],
                [
                  -69.92810850349943,
                  -54.89768216259076,
                  0
                ],
                [
                  -69.95016253949943,
                  -54.95293932459077,
                  0
                ],
                [
                  -69.86198708349943,
                  -55.03903958459077,
                  0
                ],
                [
                  -69.63709287849943,
                  -55.02414700659076,
                  0
                ],
                [
                  -69.59111306049942,
                  -55.00404609459076,
                  0
                ],
                [
                  -69.49846169349942,
                  -55.00583645959076,
                  0
                ],
                [
                  -69.33171364649942,
                  -54.97971341259076,
                  0
                ],
                [
                  -69.20821918049943,
                  -54.97019192859076,
                  0
                ],
                [
                  -69.23474912849943,
                  -54.93194323059077,
                  0
                ],
                [
                  -69.42619606849942,
                  -54.89963528759077,
                  0
                ],
                [
                  -69.50916319049942,
                  -54.90818020959076,
                  0
                ]
              ]
            ]
          },
          {
            "type": "Polygon",
            "coordinates": [
              [
                [
                  -70.41154763049943,
                  -54.85031888159077,
                  0
                ],
                [
                  -70.60690082049943,
                  -54.83233385559077,
                  0
                ],
                [
                  -70.69137347749943,
                  -54.87595364759076,
                  0
                ],
                [
                  -70.67835264349942,
                  -54.89825182459077,
                  0
                ],
                [
                  -70.58069639349942,
                  -54.89792630359076,
                  0
                ],
                [
                  -70.41154763049943,
                  -54.85031888159077,
                  0
                ]
              ]
            ]
          },
          {
            "type": "Polygon",
            "coordinates": [
              [
                [
                  -71.34538552149942,
                  -54.82859036559076,
                  0
                ],
                [
                  -71.45939919349942,
                  -54.87953437659076,
                  0
                ],
                [
                  -71.41228005249943,
                  -54.93820950659077,
                  0
                ],
                [
                  -71.31800108149943,
                  -54.94162747559076,
                  0
                ],
                [
                  -71.28190895849943,
                  -54.86993151159077,
                  0
                ],
                [
                  -71.20964333349943,
                  -54.86797838659076,
                  0
                ],
                [
                  -71.20463845049943,
                  -54.90647122559076,
                  0
                ],
                [
                  -71.06409483149943,
                  -54.94968411559077,
                  0
                ],
                [
                  -70.94796527349942,
                  -54.88693997559076,
                  0
                ],
                [
                  -71.00598936249942,
                  -54.85772448059077,
                  0
                ],
                [
                  -71.07768532549943,
                  -54.88018541759077,
                  0
                ],
                [
                  -71.14763161549942,
                  -54.84006497559076,
                  0
                ],
                [
                  -71.20333636749943,
                  -54.84600573059075,
                  0
                ],
                [
                  -71.34538552149942,
                  -54.82859036559076,
                  0
                ]
              ]
            ]
          },
          {
            "type": "Polygon",
            "coordinates": [
              [
                [
                  -72.01140114649942,
                  -54.63995104259078,
                  0
                ],
                [
                  -71.99134092449943,
                  -54.69895169359077,
                  0
                ],
                [
                  -72.00948871149943,
                  -54.73793281359077,
                  0
                ],
                [
                  -71.92619606849942,
                  -54.73679349059077,
                  0
                ],
                [
                  -71.92106911549942,
                  -54.70529935059076,
                  0
                ],
                [
                  -72.01140114649942,
                  -54.63995104259078,
                  0
                ]
              ]
            ]
          },
          {
            "type": "Polygon",
            "coordinates": [
              [
                [
                  -72.95739379049942,
                  -54.44663419559077,
                  0
                ],
                [
                  -73.05453282149942,
                  -54.45614900459076,
                  0
                ],
                [
                  -72.98893052549943,
                  -54.49574196359077,
                  0
                ],
                [
                  -72.95739379049942,
                  -54.44663419559077,
                  0
                ]
              ]
            ]
          },
          {
            "type": "Polygon",
            "coordinates": [
              [
                [
                  -72.34013649749943,
                  -54.33135729259076,
                  0
                ],
                [
                  -72.40670550849943,
                  -54.30612942859077,
                  0
                ],
                [
                  -72.53260069049942,
                  -54.36309557459077,
                  0
                ],
                [
                  -72.47758766949943,
                  -54.42315416759077,
                  0
                ],
                [
                  -72.43502582049943,
                  -54.37725573059076,
                  0
                ],
                [
                  -72.36064431049942,
                  -54.37985989759076,
                  0
                ],
                [
                  -72.34013649749943,
                  -54.33135729259076,
                  0
                ]
              ]
            ]
          },
          {
            "type": "Polygon",
            "coordinates": [
              [
                [
                  -70.38440733149943,
                  -54.18812812659075,
                  0
                ],
                [
                  -70.45524880249943,
                  -54.15362291759077,
                  0
                ],
                [
                  -70.52092263049943,
                  -54.17445625159075,
                  0
                ],
                [
                  -70.45891091149943,
                  -54.23597968859077,
                  0
                ],
                [
                  -70.26925433649943,
                  -54.27113593859077,
                  0
                ],
                [
                  -70.22612282549943,
                  -54.21547187659076,
                  0
                ],
                [
                  -70.31303688849943,
                  -54.18471015759076,
                  0
                ],
                [
                  -70.38440733149943,
                  -54.18812812659075,
                  0
                ]
              ]
            ]
          },
          {
            "type": "Polygon",
            "coordinates": [
              [
                [
                  -72.25603005249943,
                  -54.10023750159075,
                  0
                ],
                [
                  -72.31437966149943,
                  -54.06312812659075,
                  0
                ],
                [
                  -72.39295225349943,
                  -54.09454088659076,
                  0
                ],
                [
                  -72.33024880249943,
                  -54.14035794359075,
                  0
                ],
                [
                  -72.36833474049942,
                  -54.16770169359076,
                  0
                ],
                [
                  -72.43986794349942,
                  -54.17136380359076,
                  0
                ],
                [
                  -72.51518532549943,
                  -54.20236966259076,
                  0
                ],
                [
                  -72.50151345049943,
                  -54.24281562659076,
                  0
                ],
                [
                  -72.42631813849943,
                  -54.25469713659077,
                  0
                ],
                [
                  -72.37834450549943,
                  -54.22385403759075,
                  0
                ],
                [
                  -72.30131813849943,
                  -54.25144192859076,
                  0
                ],
                [
                  -72.25045550849943,
                  -54.19756823059076,
                  0
                ],
                [
                  -72.23702777349942,
                  -54.14467109459076,
                  0
                ],
                [
                  -72.25603005249943,
                  -54.10023750159075,
                  0
                ]
              ]
            ]
          },
          {
            "type": "Polygon",
            "coordinates": [
              [
                [
                  -70.29311741449943,
                  -54.06851952259076,
                  0
                ],
                [
                  -70.51350652949942,
                  -54.09133035759077,
                  0
                ],
                [
                  -70.40494925649942,
                  -54.15048619459076,
                  0
                ],
                [
                  -70.32269067649943,
                  -54.15076988559076,
                  0
                ],
                [
                  -70.29311741449943,
                  -54.06851952259076,
                  0
                ]
              ]
            ]
          },
          {
            "type": "Polygon",
            "coordinates": [
              [
                [
                  -73.24264300849943,
                  -54.04262031359077,
                  0
                ],
                [
                  -73.35808083349943,
                  -54.02365872559075,
                  0
                ],
                [
                  -73.31319964849942,
                  -54.12123359459076,
                  0
                ],
                [
                  -73.17827126349943,
                  -54.12725573059076,
                  0
                ],
                [
                  -73.18767067749943,
                  -54.05368802259076,
                  0
                ],
                [
                  -73.24264300849943,
                  -54.04262031359077,
                  0
                ]
              ]
            ]
          },
          {
            "type": "Polygon",
            "coordinates": [
              [
                [
                  -71.52381162849943,
                  -53.98606106859076,
                  0
                ],
                [
                  -71.55416644549943,
                  -53.94187161559076,
                  0
                ],
                [
                  -71.63074522149942,
                  -53.95529935059077,
                  0
                ],
                [
                  -71.65686826849942,
                  -53.98321276159075,
                  0
                ],
                [
                  -71.63074522149942,
                  -54.07883450659077,
                  0
                ],
                [
                  -71.59615863349943,
                  -54.08786770959076,
                  0
                ],
                [
                  -71.69963356849942,
                  -54.16623685059076,
                  0
                ],
                [
                  -71.65133441449943,
                  -54.23207343859077,
                  0
                ],
                [
                  -71.49968239649942,
                  -54.21107734459076,
                  0
                ],
                [
                  -71.49239886749943,
                  -54.13523099059077,
                  0
                ],
                [
                  -71.43193337249943,
                  -54.13449856859077,
                  0
                ],
                [
                  -71.44576800849943,
                  -54.18536119959077,
                  0
                ],
                [
                  -71.38098936249942,
                  -54.24631497559076,
                  0
                ],
                [
                  -71.24345681049942,
                  -54.24981432459077,
                  0
                ],
                [
                  -71.34733864649942,
                  -54.30922187659076,
                  0
                ],
                [
                  -71.29497048249942,
                  -54.31784817859076,
                  0
                ],
                [
                  -71.20732399749943,
                  -54.36928046959076,
                  0
                ],
                [
                  -71.11369606849942,
                  -54.37985989759076,
                  0
                ],
                [
                  -71.03398415449942,
                  -54.28969062659076,
                  0
                ],
                [
                  -70.98995746149943,
                  -54.26584622559076,
                  0
                ],
                [
                  -71.01233701849942,
                  -54.10088854259078,
                  0
                ],
                [
                  -71.11227191449943,
                  -54.07053372559076,
                  0
                ],
                [
                  -71.13790668049943,
                  -54.14402005359076,
                  0
                ],
                [
                  -71.21432269549943,
                  -54.15012356859076,
                  0
                ],
                [
                  -71.28235654949943,
                  -54.09486640759076,
                  0
                ],
                [
                  -71.26095355549943,
                  -54.07435859459076,
                  0
                ],
                [
                  -71.30131813849943,
                  -53.99151354259077,
                  0
                ],
                [
                  -71.37545550849943,
                  -53.96921536559076,
                  0
                ],
                [
                  -71.37911761749943,
                  -54.04123685059076,
                  0
                ],
                [
                  -71.41842425849943,
                  -54.04408515759076,
                  0
                ],
                [
                  -71.46310199249943,
                  -53.94162747559077,
                  0
                ],
                [
                  -71.52381162849943,
                  -53.98606106859076,
                  0
                ]
              ]
            ]
          },
          {
            "type": "Polygon",
            "coordinates": [
              [
                [
                  -71.86625954449943,
                  -53.88653307459077,
                  0
                ],
                [
                  -71.94552386749943,
                  -53.85284166759077,
                  0
                ],
                [
                  -72.03235654949943,
                  -53.92429349059076,
                  0
                ],
                [
                  -72.06458311249942,
                  -53.98361966259077,
                  0
                ],
                [
                  -72.12785622449942,
                  -53.93422187659077,
                  0
                ],
                [
                  -72.23181944049942,
                  -53.92510729259078,
                  0
                ],
                [
                  -72.25798317749943,
                  -53.94512682459078,
                  0
                ],
                [
                  -72.20284808649943,
                  -54.00518541759076,
                  0
                ],
                [
                  -72.22783181049942,
                  -54.05840807459078,
                  0
                ],
                [
                  -72.04244769549943,
                  -54.19659166759077,
                  0
                ],
                [
                  -71.95842263049943,
                  -54.20505520959076,
                  0
                ],
                [
                  -71.93669411549942,
                  -54.24590807459077,
                  0
                ],
                [
                  -71.97042621149943,
                  -54.32533515759076,
                  0
                ],
                [
                  -71.85722634149943,
                  -54.31784817859076,
                  0
                ],
                [
                  -71.83679990949943,
                  -54.24948880359075,
                  0
                ],
                [
                  -71.76168597749943,
                  -54.26316067859076,
                  0
                ],
                [
                  -71.83679990949943,
                  -54.16135403759075,
                  0
                ],
                [
                  -71.91533181049942,
                  -54.11683906359077,
                  0
                ],
                [
                  -71.95211566449943,
                  -54.01495104259077,
                  0
                ],
                [
                  -71.80790993549942,
                  -54.14817044359076,
                  0
                ],
                [
                  -71.71326475349943,
                  -54.14776354259077,
                  0
                ],
                [
                  -71.66044899749943,
                  -54.10381823059077,
                  0
                ],
                [
                  -71.71855446649943,
                  -54.08575182459077,
                  0
                ],
                [
                  -71.70183083349943,
                  -54.03073880359077,
                  0
                ],
                [
                  -71.71306130249943,
                  -53.96872708459076,
                  0
                ],
                [
                  -71.65271787849943,
                  -53.92640937659076,
                  0
                ],
                [
                  -71.72709938849943,
                  -53.89865872559076,
                  0
                ],
                [
                  -71.82996397149942,
                  -53.92063138159077,
                  0
                ],
                [
                  -71.86625954449943,
                  -53.88653307459077,
                  0
                ]
              ]
            ]
          },
          {
            "type": "Polygon",
            "coordinates": [
              [
                [
                  -70.41953363149943,
                  -53.87127101159076,
                  0
                ],
                [
                  -70.42145395749942,
                  -53.80257154559077,
                  0
                ],
                [
                  -70.47297080749942,
                  -53.66538974859076,
                  0
                ],
                [
                  -70.45485094849943,
                  -53.61164254959076,
                  0
                ],
                [
                  -70.46934914149942,
                  -53.56635948959078,
                  0
                ],
                [
                  -70.53536761749943,
                  -53.56052395959076,
                  0
                ],
                [
                  -70.56626811649943,
                  -53.62609779959076,
                  0
                ],
                [
                  -70.71269509149943,
                  -53.70147448059077,
                  0
                ],
                [
                  -70.69910459649942,
                  -53.78724921959076,
                  0
                ],
                [
                  -70.60035635049942,
                  -53.82919671759076,
                  0
                ],
                [
                  -70.60592950649942,
                  -53.86516973659077,
                  0
                ],
                [
                  -70.77638478049943,
                  -53.82472358659076,
                  0
                ],
                [
                  -70.88132040249943,
                  -53.84230852459077,
                  0
                ],
                [
                  -70.90035785249943,
                  -53.87375638159077,
                  0
                ],
                [
                  -70.86357399749943,
                  -53.92063138159077,
                  0
                ],
                [
                  -70.89714333349943,
                  -53.94797513159077,
                  0
                ],
                [
                  -70.88400043049943,
                  -54.02707669359075,
                  0
                ],
                [
                  -70.80628233149943,
                  -54.09600573059076,
                  0
                ],
                [
                  -70.82255837249943,
                  -54.11358385559076,
                  0
                ],
                [
                  -70.68543272149942,
                  -54.18812812659075,
                  0
                ],
                [
                  -70.54025043049943,
                  -54.22165677259076,
                  0
                ],
                [
                  -70.53520485749942,
                  -54.15769192859076,
                  0
                ],
                [
                  -70.58240537849943,
                  -54.09934231859076,
                  0
                ],
                [
                  -70.56873350349943,
                  -54.06516263159077,
                  0
                ],
                [
                  -70.67094704449943,
                  -53.96775052259077,
                  0
                ],
                [
                  -70.61031878949943,
                  -53.94846341259075,
                  0
                ],
                [
                  -70.49546987549942,
                  -54.03327600159076,
                  0
                ],
                [
                  -70.43906750149942,
                  -54.06045370659076,
                  0
                ],
                [
                  -70.38458636949943,
                  -54.05040451959076,
                  0
                ],
                [
                  -70.33609207349943,
                  -54.00744785059076,
                  0
                ],
                [
                  -70.45203428449943,
                  -53.88693997559076,
                  0
                ],
                [
                  -70.41953363149943,
                  -53.87127101159076,
                  0
                ]
              ]
            ]
          },
          {
            "type": "Polygon",
            "coordinates": [
              [
                [
                  -73.68767067749943,
                  -53.52325182459076,
                  0
                ],
                [
                  -73.81954730549943,
                  -53.47971341259076,
                  0
                ],
                [
                  -73.89213845049943,
                  -53.52634427259076,
                  0
                ],
                [
                  -73.85344216149943,
                  -53.56565091259076,
                  0
                ],
                [
                  -73.68767067749943,
                  -53.52325182459076,
                  0
                ]
              ]
            ]
          },
          {
            "type": "Polygon",
            "coordinates": [
              [
                [
                  -73.55652647149942,
                  -53.40459948059076,
                  0
                ],
                [
                  -73.59786761749943,
                  -53.39271796959076,
                  0
                ],
                [
                  -73.59322894549943,
                  -53.49004869959077,
                  0
                ],
                [
                  -73.64954404949943,
                  -53.51657864759076,
                  0
                ],
                [
                  -73.48161599049942,
                  -53.57175442859075,
                  0
                ],
                [
                  -73.39226052149942,
                  -53.53073880359076,
                  0
                ],
                [
                  -73.48784157549943,
                  -53.45163724059076,
                  0
                ],
                [
                  -73.39226052149942,
                  -53.41403958459076,
                  0
                ],
                [
                  -73.44829079449943,
                  -53.39157864759076,
                  0
                ],
                [
                  -73.55652647149942,
                  -53.40459948059076,
                  0
                ]
              ]
            ]
          },
          {
            "type": "Polygon",
            "coordinates": [
              [
                [
                  -73.01119769549943,
                  -53.48923489759077,
                  0
                ],
                [
                  -73.04000628949943,
                  -53.43503567859076,
                  0
                ],
                [
                  -73.03243793049943,
                  -53.39035794359076,
                  0
                ],
                [
                  -73.16134418049943,
                  -53.41143541759077,
                  0
                ],
                [
                  -73.13151833349943,
                  -53.48923489759077,
                  0
                ],
                [
                  -73.22282692749943,
                  -53.49395494959078,
                  0
                ],
                [
                  -73.38717425849943,
                  -53.46221666759077,
                  0
                ],
                [
                  -73.41264626349943,
                  -53.49330390759076,
                  0
                ],
                [
                  -73.33981097749943,
                  -53.54799140759076,
                  0
                ],
                [
                  -73.26188942749943,
                  -53.55808255359075,
                  0
                ],
                [
                  -73.29106423249942,
                  -53.60593411559076,
                  0
                ],
                [
                  -73.25847145849943,
                  -53.63523099059076,
                  0
                ],
                [
                  -73.15788552149942,
                  -53.64817044359076,
                  0
                ],
                [
                  -73.08061501349943,
                  -53.63693997559076,
                  0
                ],
                [
                  -72.97376279949943,
                  -53.66989895959077,
                  0
                ],
                [
                  -73.20402809949942,
                  -53.66623685059077,
                  0
                ],
                [
                  -73.30026019549943,
                  -53.63449856859076,
                  0
                ],
                [
                  -73.33610817749943,
                  -53.58900703259075,
                  0
                ],
                [
                  -73.42013324249943,
                  -53.56491849059076,
                  0
                ],
                [
                  -73.48263324249943,
                  -53.58803046959077,
                  0
                ],
                [
                  -73.58452126349943,
                  -53.58282213659075,
                  0
                ],
                [
                  -73.61589333349943,
                  -53.65166979259077,
                  0
                ],
                [
                  -73.49650856849942,
                  -53.66501614759077,
                  0
                ],
                [
                  -73.48466774749943,
                  -53.70090481859075,
                  0
                ],
                [
                  -73.53398415449942,
                  -53.75217435059076,
                  0
                ],
                [
                  -73.36227191449943,
                  -53.71335599059076,
                  0
                ],
                [
                  -73.25265277349942,
                  -53.78610989759076,
                  0
                ],
                [
                  -73.30953753949943,
                  -53.82435859459076,
                  0
                ],
                [
                  -73.26453428449943,
                  -53.93210599059076,
                  0
                ],
                [
                  -73.33757302149942,
                  -53.95529935059077,
                  0
                ],
                [
                  -73.27421852949942,
                  -53.98410794359077,
                  0
                ],
                [
                  -73.20390602949942,
                  -53.98947903759076,
                  0
                ],
                [
                  -73.08293434949942,
                  -54.03195950659076,
                  0
                ],
                [
                  -73.04387184949942,
                  -53.99916328259076,
                  0
                ],
                [
                  -73.10148903649943,
                  -53.91045885559076,
                  0
                ],
                [
                  -73.06629209649942,
                  -53.83135729259077,
                  0
                ],
                [
                  -73.02165505249943,
                  -53.82435859459076,
                  0
                ],
                [
                  -72.89702126349943,
                  -53.86732734459076,
                  0
                ],
                [
                  -72.81608864649942,
                  -53.82102200659077,
                  0
                ],
                [
                  -72.74288714849942,
                  -53.89369453259076,
                  0
                ],
                [
                  -72.83997373749942,
                  -53.96042630359075,
                  0
                ],
                [
                  -72.80758441449943,
                  -54.00583645959076,
                  0
                ],
                [
                  -72.93356097749943,
                  -54.05840807459078,
                  0
                ],
                [
                  -72.89718402349942,
                  -54.12123359459076,
                  0
                ],
                [
                  -72.81686175849943,
                  -54.12668606859075,
                  0
                ],
                [
                  -72.78610003949943,
                  -54.09250638159077,
                  0
                ],
                [
                  -72.72746559949942,
                  -54.09934231859076,
                  0
                ],
                [
                  -72.65857725349943,
                  -54.05149075659078,
                  0
                ],
                [
                  -72.54309873749942,
                  -54.10007474059076,
                  0
                ],
                [
                  -72.51701638049943,
                  -53.99509427259076,
                  0
                ],
                [
                  -72.45402809949942,
                  -54.03830716259076,
                  0
                ],
                [
                  -72.32971983149943,
                  -54.03464505359075,
                  0
                ],
                [
                  -72.32341286549942,
                  -53.98947903759076,
                  0
                ],
                [
                  -72.38497699249943,
                  -53.98109687659076,
                  0
                ],
                [
                  -72.34387998749942,
                  -53.91013333459075,
                  0
                ],
                [
                  -72.32829567749943,
                  -53.83965807459077,
                  0
                ],
                [
                  -72.25069964849942,
                  -53.87758125159076,
                  0
                ],
                [
                  -72.18681618549942,
                  -53.77658841259076,
                  0
                ],
                [
                  -72.27307920649943,
                  -53.75925442859075,
                  0
                ],
                [
                  -72.23405739649942,
                  -53.72881823059075,
                  0
                ],
                [
                  -72.48450498749942,
                  -53.67404935059076,
                  0
                ],
                [
                  -72.39710264349942,
                  -53.63352200659077,
                  0
                ],
                [
                  -72.48112770849943,
                  -53.57175442859075,
                  0
                ],
                [
                  -72.53333311249942,
                  -53.59144843859077,
                  0
                ],
                [
                  -72.65568825549943,
                  -53.53684231859075,
                  0
                ],
                [
                  -72.69080381549942,
                  -53.58444974059076,
                  0
                ],
                [
                  -72.74797341149943,
                  -53.54441067859076,
                  0
                ],
                [
                  -72.78068825549943,
                  -53.48305000159077,
                  0
                ],
                [
                  -72.86137673249942,
                  -53.47051744959077,
                  0
                ],
                [
                  -72.81474587249943,
                  -53.53928372559076,
                  0
                ],
                [
                  -72.84803037849943,
                  -53.61456041759077,
                  0
                ],
                [
                  -72.91077451849942,
                  -53.63213854259077,
                  0
                ],
                [
                  -72.87236306049942,
                  -53.53488919359076,
                  0
                ],
                [
                  -72.91101865949943,
                  -53.50990546959076,
                  0
                ],
                [
                  -72.93498513049943,
                  -53.43576810059076,
                  0
                ],
                [
                  -72.98458636749943,
                  -53.41135403759076,
                  0
                ],
                [
                  -73.01119769549943,
                  -53.48923489759077,
                  0
                ]
              ]
            ]
          },
          {
            "type": "Polygon",
            "coordinates": [
              [
                [
                  -74.18828102949942,
                  -53.32932278759076,
                  0
                ],
                [
                  -74.11593402349942,
                  -53.30743151159076,
                  0
                ],
                [
                  -74.10478493549942,
                  -53.27015937659077,
                  0
                ],
                [
                  -74.14571918049943,
                  -53.24281562659076,
                  0
                ],
                [
                  -74.24353819049942,
                  -53.30287421959076,
                  0
                ],
                [
                  -74.18828102949942,
                  -53.32932278759076,
                  0
                ]
              ]
            ]
          },
          {
            "type": "Polygon",
            "coordinates": [
              [
                [
                  -70.72497025749942,
                  -52.91365254759075,
                  0
                ],
                [
                  -70.64904975249942,
                  -52.87700177759076,
                  0
                ],
                [
                  -70.68662944649942,
                  -52.84743405159077,
                  0
                ],
                [
                  -70.78955542849943,
                  -52.90058525759077,
                  0
                ],
                [
                  -70.72497025749942,
                  -52.91365254759075,
                  0
                ]
              ]
            ]
          },
          {
            "type": "Polygon",
            "coordinates": [
              [
                [
                  -73.61153949249943,
                  -52.82175442859076,
                  0
                ],
                [
                  -73.74801410249943,
                  -52.86928046959076,
                  0
                ],
                [
                  -73.67314431049942,
                  -52.89336901159076,
                  0
                ],
                [
                  -73.63245420649943,
                  -52.87961575659077,
                  0
                ],
                [
                  -73.50175759149943,
                  -52.88596341259076,
                  0
                ],
                [
                  -73.48845192749943,
                  -52.93430325659078,
                  0
                ],
                [
                  -73.40271787849943,
                  -52.95245104259077,
                  0
                ],
                [
                  -73.38513975349943,
                  -52.89768216259076,
                  0
                ],
                [
                  -73.43323545649943,
                  -52.86545560059076,
                  0
                ],
                [
                  -73.55217263049943,
                  -52.85324856859077,
                  0
                ],
                [
                  -73.61153949249943,
                  -52.82175442859076,
                  0
                ]
              ]
            ]
          },
          {
            "type": "Polygon",
            "coordinates": [
              [
                [
                  -74.67424294349942,
                  -52.72133125159076,
                  0
                ],
                [
                  -74.74968239649942,
                  -52.75559231859076,
                  0
                ],
                [
                  -74.70830056049942,
                  -52.78562161559076,
                  0
                ],
                [
                  -74.60852842449943,
                  -52.82142890759076,
                  0
                ],
                [
                  -74.57097145849943,
                  -52.85178372559076,
                  0
                ],
                [
                  -74.59636208349943,
                  -52.92299140759075,
                  0
                ],
                [
                  -74.42485329449943,
                  -52.97385403759076,
                  0
                ],
                [
                  -74.40703102949942,
                  -53.02992500159077,
                  0
                ],
                [
                  -74.32475563849943,
                  -53.04904935059076,
                  0
                ],
                [
                  -74.31816384149943,
                  -53.09738919359075,
                  0
                ],
                [
                  -74.26241839849942,
                  -53.09128567859076,
                  0
                ],
                [
                  -74.21944964849942,
                  -53.04717760559076,
                  0
                ],
                [
                  -74.16956358149943,
                  -53.08982083459076,
                  0
                ],
                [
                  -74.08610817749943,
                  -53.10495755359076,
                  0
                ],
                [
                  -73.94031553449943,
                  -53.07891588659075,
                  0
                ],
                [
                  -73.88025694049942,
                  -53.05775703259076,
                  0
                ],
                [
                  -73.83415505249943,
                  -53.10910794359076,
                  0
                ],
                [
                  -73.76966123749942,
                  -53.10910794359076,
                  0
                ],
                [
                  -73.76095355549943,
                  -53.15069323059075,
                  0
                ],
                [
                  -73.65442686249942,
                  -53.20668281359077,
                  0
                ],
                [
                  -73.60576149749943,
                  -53.21115872559076,
                  0
                ],
                [
                  -73.55945615949943,
                  -53.32370755359076,
                  0
                ],
                [
                  -73.45781227949942,
                  -53.32004544359076,
                  0
                ],
                [
                  -73.42013324249943,
                  -53.28318020959075,
                  0
                ],
                [
                  -73.31710589849942,
                  -53.35267890759076,
                  0
                ],
                [
                  -73.23076149749943,
                  -53.36814114759076,
                  0
                ],
                [
                  -73.10763324249943,
                  -53.36895494959077,
                  0
                ],
                [
                  -73.10527321649943,
                  -53.34096015759076,
                  0
                ],
                [
                  -73.28605934949942,
                  -53.26332343859077,
                  0
                ],
                [
                  -73.43494444049942,
                  -53.14027656359077,
                  0
                ],
                [
                  -73.48161599049942,
                  -53.13295234459076,
                  0
                ],
                [
                  -73.50212380249943,
                  -53.18763984459076,
                  0
                ],
                [
                  -73.46794411549942,
                  -53.22230781359076,
                  0
                ],
                [
                  -73.53312966149943,
                  -53.24900052259076,
                  0
                ],
                [
                  -73.57780739649942,
                  -53.18763984459076,
                  0
                ],
                [
                  -73.55099261749943,
                  -53.11846666759077,
                  0
                ],
                [
                  -73.65979795649943,
                  -53.05783841259076,
                  0
                ],
                [
                  -73.62871071649943,
                  -53.14662421959076,
                  0
                ],
                [
                  -73.72864561249942,
                  -53.07151028759076,
                  0
                ],
                [
                  -73.81401345049943,
                  -53.06150052259076,
                  0
                ],
                [
                  -73.87569964849942,
                  -53.00323229259077,
                  0
                ],
                [
                  -74.00761696649943,
                  -52.96661119959078,
                  0
                ],
                [
                  -74.08366677149942,
                  -52.96164700659077,
                  0
                ],
                [
                  -74.14278949249943,
                  -52.98972317859076,
                  0
                ],
                [
                  -74.17741677149942,
                  -52.94455716259076,
                  0
                ],
                [
                  -74.24874652349942,
                  -52.96164700659077,
                  0
                ],
                [
                  -74.32670876349943,
                  -52.92413073059077,
                  0
                ],
                [
                  -74.40703102949942,
                  -52.91379544359076,
                  0
                ],
                [
                  -74.43380511749943,
                  -52.86879218859077,
                  0
                ],
                [
                  -74.50265277349942,
                  -52.82500963659076,
                  0
                ],
                [
                  -74.48898089849942,
                  -52.79709622559076,
                  0
                ],
                [
                  -74.59827451849942,
                  -52.76983385559076,
                  0
                ],
                [
                  -74.67424294349942,
                  -52.72133125159076,
                  0
                ]
              ]
            ]
          },
          {
            "type": "Polygon",
            "coordinates": [
              [
                [
                  -74.34907174049943,
                  -52.62302531859076,
                  0
                ],
                [
                  -74.39401327049943,
                  -52.51994724859076,
                  0
                ],
                [
                  -74.42757249449943,
                  -52.50370617059075,
                  0
                ],
                [
                  -74.49138742049942,
                  -52.55185525059076,
                  0
                ],
                [
                  -74.45960266849943,
                  -52.59012927059077,
                  0
                ],
                [
                  -74.34907174049943,
                  -52.62302531859076,
                  0
                ]
              ]
            ]
          },
          {
            "type": "Polygon",
            "coordinates": [
              [
                [
                  -69.18575824249943,
                  -52.66778307459077,
                  0
                ],
                [
                  -69.22575661549942,
                  -52.63930000159076,
                  0
                ],
                [
                  -69.37397399749943,
                  -52.47033440659077,
                  0
                ],
                [
                  -69.41738019549943,
                  -52.45151695059078,
                  0
                ],
                [
                  -69.58370746149943,
                  -52.50990546959076,
                  0
                ],
                [
                  -69.62342100349943,
                  -52.56036119959077,
                  0
                ],
                [
                  -69.59082615449942,
                  -52.64191794559077,
                  0
                ],
                [
                  -69.73416616449943,
                  -52.77450372559076,
                  0
                ],
                [
                  -69.82421816049943,
                  -52.78256469859076,
                  0
                ],
                [
                  -69.91121484249943,
                  -52.84794880859075,
                  0
                ],
                [
                  -70.00094808949943,
                  -52.84177832359077,
                  0
                ],
                [
                  -70.11437768049943,
                  -52.75669255959076,
                  0
                ],
                [
                  -70.12843028849943,
                  -52.73232701659076,
                  0
                ],
                [
                  -70.27454404949943,
                  -52.73565416759077,
                  0
                ],
                [
                  -70.41594216149943,
                  -52.75811510559076,
                  0
                ],
                [
                  -70.28247493449943,
                  -52.79849321159077,
                  0
                ],
                [
                  -70.25701684349943,
                  -52.86834071059076,
                  0
                ],
                [
                  -70.11023740949943,
                  -52.88783515759076,
                  0
                ],
                [
                  -70.08898989549942,
                  -52.91110755759076,
                  0
                ],
                [
                  -70.13404436449943,
                  -53.01199515659076,
                  0
                ],
                [
                  -70.24326719049942,
                  -53.06176939359077,
                  0
                ],
                [
                  -70.32376027949942,
                  -53.06158030359076,
                  0
                ],
                [
                  -70.34274066449943,
                  -53.00632474059076,
                  0
                ],
                [
                  -70.41880769049942,
                  -53.01176093059076,
                  0
                ],
                [
                  -70.44000580549942,
                  -53.10610570359076,
                  0
                ],
                [
                  -70.43459183149943,
                  -53.16868635759077,
                  0
                ],
                [
                  -70.46240615349943,
                  -53.22069859559076,
                  0
                ],
                [
                  -70.47335589849942,
                  -53.30930325659077,
                  0
                ],
                [
                  -70.44235003949943,
                  -53.36252591259076,
                  0
                ],
                [
                  -70.34453102949942,
                  -53.39182278759076,
                  0
                ],
                [
                  -70.25651833349943,
                  -53.46107734459076,
                  0
                ],
                [
                  -70.20252256549942,
                  -53.46872708459077,
                  0
                ],
                [
                  -70.11625954449943,
                  -53.43454739759076,
                  0
                ],
                [
                  -70.02141674249943,
                  -53.43637059559077,
                  0
                ],
                [
                  -69.95010838849943,
                  -53.39947501359077,
                  0
                ],
                [
                  -69.67528857649943,
                  -53.35840225959077,
                  0
                ],
                [
                  -69.35246559949942,
                  -53.35577135559076,
                  0
                ],
                [
                  -69.31842780649943,
                  -53.45056736559076,
                  0
                ],
                [
                  -69.36065753049942,
                  -53.52171904359076,
                  0
                ],
                [
                  -69.65125495949943,
                  -53.63627505959077,
                  0
                ],
                [
                  -69.80658003949942,
                  -53.66552723259075,
                  0
                ],
                [
                  -69.87909212449942,
                  -53.65793056559076,
                  0
                ],
                [
                  -70.13676735749942,
                  -53.73874661559076,
                  0
                ],
                [
                  -70.17497536549942,
                  -53.76055651159076,
                  0
                ],
                [
                  -70.18510720049943,
                  -53.81133776159076,
                  0
                ],
                [
                  -70.14689919349942,
                  -53.92234036559076,
                  0
                ],
                [
                  -70.10319802149942,
                  -53.96954088659076,
                  0
                ],
                [
                  -70.05656716149943,
                  -54.08705390759076,
                  0
                ],
                [
                  -69.88347145849943,
                  -54.16135403759075,
                  0
                ],
                [
                  -69.61662575549943,
                  -54.22230781359077,
                  0
                ],
                [
                  -69.53854144549943,
                  -54.25363919359075,
                  0
                ],
                [
                  -69.27942686249942,
                  -54.32159166759077,
                  0
                ],
                [
                  -69.17155739649942,
                  -54.38246406359077,
                  0
                ],
                [
                  -69.09119444049942,
                  -54.39141588659076,
                  0
                ],
                [
                  -68.98881813849943,
                  -54.43145494959077,
                  0
                ],
                [
                  -68.99475889349942,
                  -54.46848294359076,
                  0
                ],
                [
                  -69.09794899749943,
                  -54.44724270959077,
                  0
                ],
                [
                  -69.17469053449943,
                  -54.47605130359076,
                  0
                ],
                [
                  -69.15727516949943,
                  -54.55857083459076,
                  0
                ],
                [
                  -69.24736306049942,
                  -54.52553046959076,
                  0
                ],
                [
                  -69.23979470049943,
                  -54.44138333459076,
                  0
                ],
                [
                  -69.50029274749943,
                  -54.34226224059076,
                  0
                ],
                [
                  -69.54342425849943,
                  -54.34128567859076,
                  0
                ],
                [
                  -69.58859027349942,
                  -54.40101875159075,
                  0
                ],
                [
                  -69.69169899749943,
                  -54.31784817859076,
                  0
                ],
                [
                  -69.85893532549943,
                  -54.28041328259076,
                  0
                ],
                [
                  -69.88176247449942,
                  -54.31272122559076,
                  0
                ],
                [
                  -69.80782855549943,
                  -54.38441718859077,
                  0
                ],
                [
                  -69.82467425849943,
                  -54.46840156359077,
                  0
                ],
                [
                  -69.91142556049942,
                  -54.37985989759076,
                  0
                ],
                [
                  -69.97376279949943,
                  -54.34535468859077,
                  0
                ],
                [
                  -69.97282692749943,
                  -54.29734036559077,
                  0
                ],
                [
                  -70.07280251349943,
                  -54.24883776159076,
                  0
                ],
                [
                  -70.19886045649943,
                  -54.32061510559076,
                  0
                ],
                [
                  -70.08586403649943,
                  -54.38327786559076,
                  0
                ],
                [
                  -70.19194313849943,
                  -54.40101875159075,
                  0
                ],
                [
                  -70.24577614649942,
                  -54.35723619959077,
                  0
                ],
                [
                  -70.32231423249942,
                  -54.32533515759076,
                  0
                ],
                [
                  -70.54025043049943,
                  -54.25656888159077,
                  0
                ],
                [
                  -70.93250303449943,
                  -54.11358385559076,
                  0
                ],
                [
                  -70.86837543049943,
                  -54.24623359459076,
                  0
                ],
                [
                  -70.80701475349943,
                  -54.26950833459076,
                  0
                ],
                [
                  -70.65784483149943,
                  -54.26413724059076,
                  0
                ],
                [
                  -70.57752256549942,
                  -54.27487942859075,
                  0
                ],
                [
                  -70.51013975349943,
                  -54.32094062659076,
                  0
                ],
                [
                  -70.51347634149943,
                  -54.35935208459077,
                  0
                ],
                [
                  -70.45891091149943,
                  -54.38327786559076,
                  0
                ],
                [
                  -70.42745746149943,
                  -54.43772122559075,
                  0
                ],
                [
                  -70.25232725349943,
                  -54.48614244959078,
                  0
                ],
                [
                  -70.27580544349942,
                  -54.53244778759076,
                  0
                ],
                [
                  -70.43958311249942,
                  -54.47849270959076,
                  0
                ],
                [
                  -70.58500954449943,
                  -54.39060208459076,
                  0
                ],
                [
                  -70.65125303449943,
                  -54.42771145959076,
                  0
                ],
                [
                  -70.72697731849942,
                  -54.42771145959076,
                  0
                ],
                [
                  -70.61027809949942,
                  -54.33884427259076,
                  0
                ],
                [
                  -70.66447731849942,
                  -54.32500963659076,
                  0
                ],
                [
                  -70.72465798249942,
                  -54.34690091259077,
                  0
                ],
                [
                  -70.77120746149943,
                  -54.31955716259076,
                  0
                ],
                [
                  -70.86015602949942,
                  -54.31784817859076,
                  0
                ],
                [
                  -70.92912575549943,
                  -54.34421536559076,
                  0
                ],
                [
                  -70.93396787849943,
                  -54.41599270959076,
                  0
                ],
                [
                  -71.01066872449942,
                  -54.44870755359076,
                  0
                ],
                [
                  -71.18909483149943,
                  -54.42852526159076,
                  0
                ],
                [
                  -71.36442849049942,
                  -54.37302395959077,
                  0
                ],
                [
                  -71.33566058649943,
                  -54.43861640759076,
                  0
                ],
                [
                  -71.51384255249943,
                  -54.43381497559076,
                  0
                ],
                [
                  -71.49504372449942,
                  -54.49379218859077,
                  0
                ],
                [
                  -71.61467263049943,
                  -54.50144192859076,
                  0
                ],
                [
                  -71.72482074249943,
                  -54.40549466259076,
                  0
                ],
                [
                  -71.77189919349942,
                  -54.39353177259077,
                  0
                ],
                [
                  -71.84269997449942,
                  -54.41916653759076,
                  0
                ],
                [
                  -71.83049294349942,
                  -54.46905260559075,
                  0
                ],
                [
                  -71.71647927149942,
                  -54.46270494959077,
                  0
                ],
                [
                  -71.65743793049943,
                  -54.51364895959075,
                  0
                ],
                [
                  -71.74801410249943,
                  -54.51088203259076,
                  0
                ],
                [
                  -71.70573708349943,
                  -54.56898750159076,
                  0
                ],
                [
                  -71.84957660249943,
                  -54.53822578259077,
                  0
                ],
                [
                  -71.86564919349942,
                  -54.50144192859076,
                  0
                ],
                [
                  -71.93982725349943,
                  -54.51088203259076,
                  0
                ],
                [
                  -72.00126931049942,
                  -54.57175442859076,
                  0
                ],
                [
                  -71.96171852949942,
                  -54.64719388159076,
                  0
                ],
                [
                  -71.82247699249943,
                  -54.65492500159076,
                  0
                ],
                [
                  -71.81633278649943,
                  -54.62009427259077,
                  0
                ],
                [
                  -71.75428037849943,
                  -54.59275052259076,
                  0
                ],
                [
                  -71.68746722749943,
                  -54.60577135559077,
                  0
                ],
                [
                  -71.67542295649943,
                  -54.65110013159077,
                  0
                ],
                [
                  -71.59143858149943,
                  -54.63881171959076,
                  0
                ],
                [
                  -71.47718076849942,
                  -54.67649075659077,
                  0
                ],
                [
                  -71.40475238349943,
                  -54.64060208459076,
                  0
                ],
                [
                  -71.40011371149943,
                  -54.55612942859076,
                  0
                ],
                [
                  -71.26518532549943,
                  -54.56866198059077,
                  0
                ],
                [
                  -71.25558246149943,
                  -54.61390937659075,
                  0
                ],
                [
                  -71.28947731849942,
                  -54.67649075659077,
                  0
                ],
                [
                  -71.16248350349943,
                  -54.69821927259076,
                  0
                ],
                [
                  -71.10466286549942,
                  -54.63742825659077,
                  0
                ],
                [
                  -71.04985329449943,
                  -54.65744778759076,
                  0
                ],
                [
                  -71.00069964849942,
                  -54.71563463659076,
                  0
                ],
                [
                  -70.92705056049942,
                  -54.73825833459075,
                  0
                ],
                [
                  -70.81572243549942,
                  -54.75046536559077,
                  0
                ],
                [
                  -70.74211403649943,
                  -54.71921536559076,
                  0
                ],
                [
                  -70.69910459649942,
                  -54.72995755359076,
                  0
                ],
                [
                  -70.58240537849943,
                  -54.68910468859077,
                  0
                ],
                [
                  -70.63078591149943,
                  -54.66778307459077,
                  0
                ],
                [
                  -70.54289528649943,
                  -54.62351224059077,
                  0
                ],
                [
                  -70.45268532549943,
                  -54.63376614759076,
                  0
                ],
                [
                  -70.54537738349943,
                  -54.69773099059076,
                  0
                ],
                [
                  -70.62439756549942,
                  -54.73158515759075,
                  0
                ],
                [
                  -70.77950824249943,
                  -54.76023099059076,
                  0
                ],
                [
                  -70.83684059949942,
                  -54.78773750159077,
                  0
                ],
                [
                  -70.82475563849943,
                  -54.82151028759076,
                  0
                ],
                [
                  -70.75859352949942,
                  -54.84063463659076,
                  0
                ],
                [
                  -70.61031878949943,
                  -54.78073880359076,
                  0
                ],
                [
                  -70.23955056049942,
                  -54.85788724059076,
                  0
                ],
                [
                  -70.07988259149943,
                  -54.84991198059076,
                  0
                ],
                [
                  -69.91142556049942,
                  -54.81866198059077,
                  0
                ],
                [
                  -69.84196755249943,
                  -54.82110338659076,
                  0
                ],
                [
                  -69.79472634149943,
                  -54.78773750159077,
                  0
                ],
                [
                  -69.67424294349942,
                  -54.80482734459077,
                  0
                ],
                [
                  -69.50574522149942,
                  -54.86154935059076,
                  0
                ],
                [
                  -69.28251931049942,
                  -54.89914700659077,
                  0
                ],
                [
                  -69.12993141949943,
                  -54.94219713659076,
                  0
                ],
                [
                  -69.06682106849942,
                  -54.94887031359077,
                  0
                ],
                [
                  -68.78780902349942,
                  -54.92022448059077,
                  0
                ],
                [
                  -68.78780507949942,
                  -54.92022453459077,
                  0
                ],
                [
                  -68.76005507949942,
                  -54.91127453459077,
                  0
                ],
                [
                  -68.73767507949943,
                  -54.89613453459076,
                  0
                ],
                [
                  -68.74431507949943,
                  -54.88645453459076,
                  0
                ],
                [
                  -68.79415507949943,
                  -54.87334453459077,
                  0
                ],
                [
                  -68.81295507949943,
                  -54.86537453459076,
                  0
                ],
                [
                  -68.83826507949942,
                  -54.85105453459077,
                  0
                ],
                [
                  -68.86040507949943,
                  -54.83510453459077,
                  0
                ],
                [
                  -68.86992507949942,
                  -54.82175453459077,
                  0
                ],
                [
                  -68.88277507949942,
                  -54.80775453459076,
                  0
                ],
                [
                  -68.96550507949942,
                  -54.79074453459076,
                  0
                ],
                [
                  -68.96550507949942,
                  -54.78448453459076,
                  0
                ],
                [
                  -68.92839507949942,
                  -54.77854453459076,
                  0
                ],
                [
                  -68.73963507949942,
                  -54.84714453459075,
                  0
                ],
                [
                  -68.68596507949943,
                  -54.87937453459076,
                  0
                ],
                [
                  -68.66611507949943,
                  -54.89884453459076,
                  0
                ],
                [
                  -68.60915507949943,
                  -54.89589453459077,
                  0
                ],
                [
                  -68.58834678485243,
                  -54.8949240274925,
                  0
                ],
                [
                  -68.55838300583254,
                  -54.89283154926563,
                  0
                ],
                [
                  -68.54679241999938,
                  -54.88642228435845,
                  0
                ],
                [
                  -68.5316108342107,
                  -54.88203953436495,
                  0
                ],
                [
                  -68.51016142963103,
                  -54.87291502037564,
                  0
                ],
                [
                  -68.49903706325355,
                  -54.86865197669939,
                  0
                ],
                [
                  -68.47710952354724,
                  -54.86976347762215,
                  0
                ],
                [
                  -68.45559594963379,
                  -54.86899733611357,
                  0
                ],
                [
                  -68.43315176845942,
                  -54.86801428958074,
                  0
                ],
                [
                  -68.43419397747172,
                  -53.30339041154453,
                  0
                ],
                [
                  -68.45808226774669,
                  -53.29332956654223,
                  0
                ],
                [
                  -68.53351125035012,
                  -53.25066549871816,
                  0
                ],
                [
                  -68.56031366817923,
                  -53.23315083485431,
                  0
                ],
                [
                  -68.55429142728289,
                  -53.16803739973911,
                  0
                ],
                [
                  -68.51910704018267,
                  -53.13128629707415,
                  0
                ],
                [
                  -68.46376011066057,
                  -53.09214597234885,
                  0
                ],
                [
                  -68.43305362074533,
                  -53.06451667701997,
                  0
                ],
                [
                  -68.43293766742663,
                  -52.82594060878668,
                  0
                ],
                [
                  -68.60657607949943,
                  -52.65906633459077,
                  0
                ],
                [
                  -68.60615607949943,
                  -52.65845653459076,
                  0
                ],
                [
                  -68.62743507949942,
                  -52.63961453459076,
                  0
                ],
                [
                  -68.74577614649942,
                  -52.55694323059076,
                  0
                ],
                [
                  -68.92047164249942,
                  -52.64021978759077,
                  0
                ],
                [
                  -69.02006813849943,
                  -52.65020494959077,
                  0
                ],
                [
                  -69.08834613349943,
                  -52.68039700659077,
                  0
                ],
                [
                  -69.18575824249943,
                  -52.66778307459077,
                  0
                ]
              ]
            ]
          },
          {
            "type": "Polygon",
            "coordinates": [
              [
                [
                  -73.72498350349943,
                  -52.40476224059076,
                  0
                ],
                [
                  -73.78947731849942,
                  -52.42787421959076,
                  0
                ],
                [
                  -73.89469964749942,
                  -52.40818589859076,
                  0
                ],
                [
                  -74.02954380749942,
                  -52.42996226159077,
                  0
                ],
                [
                  -74.03402490349943,
                  -52.47603164859076,
                  0
                ],
                [
                  -73.97687054449943,
                  -52.49837701059078,
                  0
                ],
                [
                  -74.04952777349942,
                  -52.56377916759077,
                  0
                ],
                [
                  -74.18418308049942,
                  -52.58684525859077,
                  0
                ],
                [
                  -74.18136366349943,
                  -52.64799355959078,
                  0
                ],
                [
                  -74.12759566849942,
                  -52.66595962059077,
                  0
                ],
                [
                  -73.90959450549943,
                  -52.65647122559076,
                  0
                ],
                [
                  -73.95122048249942,
                  -52.68820950659076,
                  0
                ],
                [
                  -73.93596169349942,
                  -52.72043606859075,
                  0
                ],
                [
                  -73.79631325549943,
                  -52.68723294359076,
                  0
                ],
                [
                  -73.73670225349943,
                  -52.59291328259076,
                  0
                ],
                [
                  -73.78154274749943,
                  -52.56377916759077,
                  0
                ],
                [
                  -73.69548317749943,
                  -52.50762682459076,
                  0
                ],
                [
                  -73.67770160249943,
                  -52.47336575659077,
                  0
                ],
                [
                  -73.72498350349943,
                  -52.40476224059076,
                  0
                ]
              ]
            ]
          },
          {
            "type": "Polygon",
            "coordinates": [
              [
                [
                  -74.46169852749942,
                  -52.43763799259078,
                  0
                ],
                [
                  -74.46887926449942,
                  -52.35305518059076,
                  0
                ],
                [
                  -74.52853630849943,
                  -52.32962239059077,
                  0
                ],
                [
                  -74.53758480949942,
                  -52.40437104559076,
                  0
                ],
                [
                  -74.46169852749942,
                  -52.43763799259078,
                  0
                ]
              ]
            ]
          },
          {
            "type": "Polygon",
            "coordinates": [
              [
                [
                  -74.83195778649943,
                  -52.21758776159076,
                  0
                ],
                [
                  -74.90613584649942,
                  -52.23484036559076,
                  0
                ],
                [
                  -74.80647546849943,
                  -52.28428862459076,
                  0
                ],
                [
                  -74.81522849349943,
                  -52.35049148459076,
                  0
                ],
                [
                  -74.70173462449942,
                  -52.34960782159077,
                  0
                ],
                [
                  -74.70333649149943,
                  -52.38597302459076,
                  0
                ],
                [
                  -74.59365375049943,
                  -52.39486479259077,
                  0
                ],
                [
                  -74.53591124949942,
                  -52.27194908159076,
                  0
                ],
                [
                  -74.58910008549942,
                  -52.21294418759076,
                  0
                ],
                [
                  -74.64547503949943,
                  -52.20456692859076,
                  0
                ],
                [
                  -74.83195778649943,
                  -52.21758776159076,
                  0
                ]
              ]
            ]
          },
          {
            "type": "Polygon",
            "coordinates": [
              [
                [
                  -74.01603981849942,
                  -52.15964505359077,
                  0
                ],
                [
                  -74.05351540449942,
                  -52.20139310059075,
                  0
                ],
                [
                  -74.00236794349942,
                  -52.25583645959076,
                  0
                ],
                [
                  -73.82426735749942,
                  -52.34470364759076,
                  0
                ],
                [
                  -73.78007790449942,
                  -52.27487942859076,
                  0
                ],
                [
                  -73.81515277349942,
                  -52.24118802259076,
                  0
                ],
                [
                  -73.89250466149943,
                  -52.22181953259076,
                  0
                ],
                [
                  -74.01603981849942,
                  -52.15964505359077,
                  0
                ]
              ]
            ]
          },
          {
            "type": "Polygon",
            "coordinates": [
              [
                [
                  -74.23649880249943,
                  -52.10951484459076,
                  0
                ],
                [
                  -74.29716774749943,
                  -52.08461250159076,
                  0
                ],
                [
                  -74.40174131549942,
                  -52.11830390759076,
                  0
                ],
                [
                  -74.41447731849942,
                  -52.14304349059076,
                  0
                ],
                [
                  -74.33818337249943,
                  -52.16648099059076,
                  0
                ],
                [
                  -74.29798154949943,
                  -52.14890286559076,
                  0
                ],
                [
                  -74.21432269549943,
                  -52.16941067859076,
                  0
                ],
                [
                  -74.18714170649943,
                  -52.36740872559076,
                  0
                ],
                [
                  -74.12236306049942,
                  -52.39776354259076,
                  0
                ],
                [
                  -73.99016091149943,
                  -52.34877265759076,
                  0
                ],
                [
                  -73.95085427149942,
                  -52.30710599059076,
                  0
                ],
                [
                  -74.11894509149943,
                  -52.18186185059076,
                  0
                ],
                [
                  -74.23649880249943,
                  -52.10951484459076,
                  0
                ]
              ]
            ]
          },
          {
            "type": "Polygon",
            "coordinates": [
              [
                [
                  -74.65617653649943,
                  -52.12269843859077,
                  0
                ],
                [
                  -74.68746722749943,
                  -52.08786770959077,
                  0
                ],
                [
                  -74.79684222749943,
                  -52.12904609459076,
                  0
                ],
                [
                  -74.77019020849943,
                  -52.18763984459076,
                  0
                ],
                [
                  -74.67176084649942,
                  -52.16306302259076,
                  0
                ],
                [
                  -74.65617653649943,
                  -52.12269843859077,
                  0
                ]
              ]
            ]
          },
          {
            "type": "Polygon",
            "coordinates": [
              [
                [
                  -74.72026345049943,
                  -52.08420560059077,
                  0
                ],
                [
                  -74.49370095049943,
                  -51.99232734459077,
                  0
                ],
                [
                  -74.49968239649942,
                  -51.95188138159077,
                  0
                ],
                [
                  -74.54362770849943,
                  -51.92071276159076,
                  0
                ],
                [
                  -74.70695778649943,
                  -52.02634427259076,
                  0
                ],
                [
                  -74.72026345049943,
                  -52.08420560059077,
                  0
                ]
              ]
            ]
          },
          {
            "type": "Polygon",
            "coordinates": [
              [
                [
                  -74.01945778649943,
                  -51.92380520959077,
                  0
                ],
                [
                  -74.09420550849943,
                  -51.92706041759077,
                  0
                ],
                [
                  -74.11003395849943,
                  -51.96897122559076,
                  0
                ],
                [
                  -74.09005511749943,
                  -52.01006823059076,
                  0
                ],
                [
                  -73.96477028649943,
                  -52.05051419359077,
                  0
                ],
                [
                  -73.87106097749943,
                  -52.09494778759076,
                  0
                ],
                [
                  -73.75126931049942,
                  -52.19024401159076,
                  0
                ],
                [
                  -73.70748675849943,
                  -52.15964505359077,
                  0
                ],
                [
                  -73.78382139349942,
                  -52.05971015759076,
                  0
                ],
                [
                  -74.01945778649943,
                  -51.92380520959077,
                  0
                ]
              ]
            ]
          },
          {
            "type": "Polygon",
            "coordinates": [
              [
                [
                  -74.73051735749942,
                  -51.86732734459077,
                  0
                ],
                [
                  -74.77971169349942,
                  -51.87172187659076,
                  0
                ],
                [
                  -74.85893532549943,
                  -52.05661770959076,
                  0
                ],
                [
                  -74.78276345049943,
                  -52.08298489759077,
                  0
                ],
                [
                  -74.72612282549943,
                  -52.00730130359076,
                  0
                ],
                [
                  -74.72775043049943,
                  -51.96888984459076,
                  0
                ],
                [
                  -74.64075498749942,
                  -51.89825182459078,
                  0
                ],
                [
                  -74.73051735749942,
                  -51.86732734459077,
                  0
                ]
              ]
            ]
          },
          {
            "type": "Polygon",
            "coordinates": [
              [
                [
                  -73.82805930249943,
                  -51.85117433059076,
                  0
                ],
                [
                  -73.90056387049943,
                  -51.80364761559076,
                  0
                ],
                [
                  -73.97917324149942,
                  -51.83858842359076,
                  0
                ],
                [
                  -73.94343431249943,
                  -51.89291986459077,
                  0
                ],
                [
                  -73.83846481349943,
                  -51.91688314659076,
                  0
                ],
                [
                  -73.80493373949943,
                  -51.98051576859076,
                  0
                ],
                [
                  -73.73822240549943,
                  -52.01129778159076,
                  0
                ],
                [
                  -73.70359311049943,
                  -51.97606257259076,
                  0
                ],
                [
                  -73.69748800849943,
                  -51.90780131359077,
                  0
                ],
                [
                  -73.71814468549942,
                  -51.84890458059076,
                  0
                ],
                [
                  -73.76934991849943,
                  -51.82764001859076,
                  0
                ],
                [
                  -73.82805930249943,
                  -51.85117433059076,
                  0
                ]
              ]
            ]
          },
          {
            "type": "Polygon",
            "coordinates": [
              [
                [
                  -74.98556293049943,
                  -51.76145169359077,
                  0
                ],
                [
                  -75.05441058649943,
                  -51.72491198059076,
                  0
                ],
                [
                  -75.09518207049943,
                  -51.77650703259076,
                  0
                ],
                [
                  -75.09225238349943,
                  -51.82452135559076,
                  0
                ],
                [
                  -75.11959613349943,
                  -51.87815091259076,
                  0
                ],
                [
                  -75.02356748749942,
                  -51.86911770959076,
                  0
                ],
                [
                  -74.97498350349943,
                  -51.77666979259078,
                  0
                ],
                [
                  -74.98556293049943,
                  -51.76145169359077,
                  0
                ]
              ]
            ]
          },
          {
            "type": "Polygon",
            "coordinates": [
              [
                [
                  -74.37171201849942,
                  -51.76926419359076,
                  0
                ],
                [
                  -74.37565895849943,
                  -51.74232734459077,
                  0
                ],
                [
                  -74.50265277349942,
                  -51.70725247559077,
                  0
                ],
                [
                  -74.44332660249943,
                  -51.79856106859077,
                  0
                ],
                [
                  -74.43437477949942,
                  -51.84494778759076,
                  0
                ],
                [
                  -74.36927061249942,
                  -51.89133450659078,
                  0
                ],
                [
                  -74.31344378949943,
                  -51.89874010559076,
                  0
                ],
                [
                  -74.24199196649943,
                  -51.94065091259076,
                  0
                ],
                [
                  -74.14571918049943,
                  -51.94740546959076,
                  0
                ],
                [
                  -74.09611794349942,
                  -51.87741849059076,
                  0
                ],
                [
                  -74.23881813849943,
                  -51.81711575659078,
                  0
                ],
                [
                  -74.31393207049943,
                  -51.81394192859075,
                  0
                ],
                [
                  -74.31767556049942,
                  -51.76242825659077,
                  0
                ],
                [
                  -74.37171201849942,
                  -51.76926419359076,
                  0
                ]
              ]
            ]
          },
          {
            "type": "Polygon",
            "coordinates": [
              [
                [
                  -73.87199684949942,
                  -51.68047838659077,
                  0
                ],
                [
                  -73.94031553449943,
                  -51.66322578259077,
                  0
                ],
                [
                  -73.86735817749943,
                  -51.78724921959076,
                  0
                ],
                [
                  -73.79460427149942,
                  -51.80547838659077,
                  0
                ],
                [
                  -73.77104470049943,
                  -51.76576484459076,
                  0
                ],
                [
                  -73.83964821649943,
                  -51.73313138159077,
                  0
                ],
                [
                  -73.87199684949942,
                  -51.68047838659077,
                  0
                ]
              ]
            ]
          },
          {
            "type": "Polygon",
            "coordinates": [
              [
                [
                  -74.85616839849942,
                  -51.63816067859075,
                  0
                ],
                [
                  -74.92204567749943,
                  -51.65590156359077,
                  0
                ],
                [
                  -74.85209938849943,
                  -51.70725247559077,
                  0
                ],
                [
                  -74.88619769549943,
                  -51.77308906359077,
                  0
                ],
                [
                  -74.83167295649943,
                  -51.83754218859077,
                  0
                ],
                [
                  -74.86516091149943,
                  -51.87912747559076,
                  0
                ],
                [
                  -74.93331683649943,
                  -51.85642239759076,
                  0
                ],
                [
                  -74.95732399749943,
                  -51.81565091259076,
                  0
                ],
                [
                  -75.03703591149943,
                  -51.92071276159076,
                  0
                ],
                [
                  -75.02454404949943,
                  -51.96604153759076,
                  0
                ],
                [
                  -75.06507139349942,
                  -51.99460599059076,
                  0
                ],
                [
                  -74.98092425849943,
                  -52.05287421959076,
                  0
                ],
                [
                  -75.02340472749943,
                  -52.08461250159076,
                  0
                ],
                [
                  -74.94934873749942,
                  -52.11065416759077,
                  0
                ],
                [
                  -74.88619769549943,
                  -52.04310859459077,
                  0
                ],
                [
                  -74.90377582049943,
                  -52.00681302259076,
                  0
                ],
                [
                  -74.83415505249943,
                  -51.94740546959076,
                  0
                ],
                [
                  -74.83167295649943,
                  -51.89621731859076,
                  0
                ],
                [
                  -74.76274391949943,
                  -51.78293606859076,
                  0
                ],
                [
                  -74.80705544349942,
                  -51.63425442859076,
                  0
                ],
                [
                  -74.85616839849942,
                  -51.63816067859075,
                  0
                ]
              ]
            ]
          },
          {
            "type": "Polygon",
            "coordinates": [
              [
                [
                  -74.03129860749942,
                  -51.60040026159076,
                  0
                ],
                [
                  -74.14946266949943,
                  -51.60422513159077,
                  0
                ],
                [
                  -74.13888324249943,
                  -51.66680651159076,
                  0
                ],
                [
                  -74.21892067749943,
                  -51.67136380359076,
                  0
                ],
                [
                  -74.23206358149943,
                  -51.70725247559077,
                  0
                ],
                [
                  -74.04944639349942,
                  -51.79343411559076,
                  0
                ],
                [
                  -73.97966286549942,
                  -51.79717760559076,
                  0
                ],
                [
                  -73.93665342449943,
                  -51.74395494959077,
                  0
                ],
                [
                  -74.00753558649943,
                  -51.70261380359076,
                  0
                ],
                [
                  -73.99248024749943,
                  -51.66322578259077,
                  0
                ],
                [
                  -74.03129860749942,
                  -51.60040026159076,
                  0
                ]
              ]
            ]
          },
          {
            "type": "Polygon",
            "coordinates": [
              [
                [
                  -74.30606401149943,
                  -51.41782817659077,
                  0
                ],
                [
                  -74.29632525249943,
                  -51.39543360059076,
                  0
                ],
                [
                  -74.34486835549943,
                  -51.34239737959076,
                  0
                ],
                [
                  -74.38409389349943,
                  -51.33623410059077,
                  0
                ],
                [
                  -74.39630309049943,
                  -51.41312691559077,
                  0
                ],
                [
                  -74.30606401149943,
                  -51.41782817659077,
                  0
                ]
              ]
            ]
          },
          {
            "type": "Polygon",
            "coordinates": [
              [
                [
                  -74.16492490949943,
                  -51.28708645959076,
                  0
                ],
                [
                  -74.25444313849943,
                  -51.29082994959077,
                  0
                ],
                [
                  -74.25981423249942,
                  -51.35316718859077,
                  0
                ],
                [
                  -74.23841123749942,
                  -51.40964505359076,
                  0
                ],
                [
                  -74.10950498749942,
                  -51.42803698059076,
                  0
                ],
                [
                  -74.11223122449942,
                  -51.37888333459076,
                  0
                ],
                [
                  -74.16492490949943,
                  -51.28708645959076,
                  0
                ]
              ]
            ]
          },
          {
            "type": "Polygon",
            "coordinates": [
              [
                [
                  -75.15434548249942,
                  -51.36374661559076,
                  0
                ],
                [
                  -75.12590309949942,
                  -51.28627265759077,
                  0
                ],
                [
                  -75.21965309949942,
                  -51.30547838659076,
                  0
                ],
                [
                  -75.20773089849942,
                  -51.36521145959076,
                  0
                ],
                [
                  -75.22514626349943,
                  -51.49069974059076,
                  0
                ],
                [
                  -75.31450173249942,
                  -51.53659817859075,
                  0
                ],
                [
                  -75.31271136749943,
                  -51.62920885559076,
                  0
                ],
                [
                  -75.20561501349943,
                  -51.60178372559076,
                  0
                ],
                [
                  -75.13322731849942,
                  -51.53285468859077,
                  0
                ],
                [
                  -75.15751931049942,
                  -51.45066067859076,
                  0
                ],
                [
                  -75.10592425849943,
                  -51.44707994959078,
                  0
                ],
                [
                  -75.07060524749943,
                  -51.40069323059076,
                  0
                ],
                [
                  -75.01599912849943,
                  -51.41355130359076,
                  0
                ],
                [
                  -75.00334450549943,
                  -51.34193671959076,
                  0
                ],
                [
                  -75.10983050849943,
                  -51.29856106859076,
                  0
                ],
                [
                  -75.15434548249942,
                  -51.36374661559076,
                  0
                ]
              ]
            ]
          },
          {
            "type": "Polygon",
            "coordinates": [
              [
                [
                  -73.75468727949942,
                  -51.29766588659075,
                  0
                ],
                [
                  -73.79289528649943,
                  -51.25876614759076,
                  0
                ],
                [
                  -73.86455056049942,
                  -51.25876614759076,
                  0
                ],
                [
                  -73.92045876349943,
                  -51.30368802259076,
                  0
                ],
                [
                  -73.87199684949942,
                  -51.35837552259076,
                  0
                ],
                [
                  -73.77873513049943,
                  -51.36350247559076,
                  0
                ],
                [
                  -73.75468727949942,
                  -51.29766588659075,
                  0
                ]
              ]
            ]
          },
          {
            "type": "Polygon",
            "coordinates": [
              [
                [
                  -74.67753884149943,
                  -51.20147448059076,
                  0
                ],
                [
                  -74.79289528649943,
                  -51.21124010559076,
                  0
                ],
                [
                  -74.83781716149943,
                  -51.27585599059076,
                  0
                ],
                [
                  -74.91008278649943,
                  -51.29229479259077,
                  0
                ],
                [
                  -74.96261371149943,
                  -51.32940416759077,
                  0
                ],
                [
                  -74.87008441449943,
                  -51.37758125159076,
                  0
                ],
                [
                  -75.02397438849943,
                  -51.45627591259076,
                  0
                ],
                [
                  -74.90613584649942,
                  -51.45334622559076,
                  0
                ],
                [
                  -74.79846983149943,
                  -51.43235013159076,
                  0
                ],
                [
                  -74.73881813849943,
                  -51.36862942859077,
                  0
                ],
                [
                  -74.71774066449943,
                  -51.31410468859077,
                  0
                ],
                [
                  -74.59404274749943,
                  -51.39955390759077,
                  0
                ],
                [
                  -74.54362770849943,
                  -51.36521145959076,
                  0
                ],
                [
                  -74.62370583349943,
                  -51.28098294359076,
                  0
                ],
                [
                  -74.54879535249943,
                  -51.28440091259077,
                  0
                ],
                [
                  -74.60173317749943,
                  -51.20603177259076,
                  0
                ],
                [
                  -74.67753884149943,
                  -51.20147448059076,
                  0
                ]
              ]
            ]
          },
          {
            "type": "Polygon",
            "coordinates": [
              [
                [
                  -74.87675759149943,
                  -51.15850573059076,
                  0
                ],
                [
                  -74.87862933649943,
                  -51.11008450659077,
                  0
                ],
                [
                  -74.96879860749942,
                  -51.10446927259077,
                  0
                ],
                [
                  -75.00371071649943,
                  -51.17600247559076,
                  0
                ],
                [
                  -74.87675759149943,
                  -51.15850573059076,
                  0
                ]
              ]
            ]
          },
          {
            "type": "Polygon",
            "coordinates": [
              [
                [
                  -74.45423154949943,
                  -51.04587552259076,
                  0
                ],
                [
                  -74.50265277349942,
                  -51.02194974059076,
                  0
                ],
                [
                  -74.60502907549943,
                  -51.08029935059076,
                  0
                ],
                [
                  -74.57418597749943,
                  -51.15492500159076,
                  0
                ],
                [
                  -74.42371397149942,
                  -51.20521796959076,
                  0
                ],
                [
                  -74.38969704449943,
                  -51.16941067859076,
                  0
                ],
                [
                  -74.39433571649943,
                  -51.12229153759075,
                  0
                ],
                [
                  -74.51933571649943,
                  -51.09641263159077,
                  0
                ],
                [
                  -74.51249977949942,
                  -51.05954739759076,
                  0
                ],
                [
                  -74.45423154949943,
                  -51.04587552259076,
                  0
                ]
              ]
            ]
          },
          {
            "type": "Polygon",
            "coordinates": [
              [
                [
                  -74.26241839849942,
                  -51.24151354259077,
                  0
                ],
                [
                  -74.19674457049943,
                  -51.17543281359076,
                  0
                ],
                [
                  -74.27604958349943,
                  -51.02390286559076,
                  0
                ],
                [
                  -74.33269020849943,
                  -51.03220364759076,
                  0
                ],
                [
                  -74.31596657549943,
                  -51.11016588659076,
                  0
                ],
                [
                  -74.26241839849942,
                  -51.24151354259077,
                  0
                ]
              ]
            ]
          },
          {
            "type": "Polygon",
            "coordinates": [
              [
                [
                  -74.47530902349942,
                  -50.79978177259076,
                  0
                ],
                [
                  -74.55046364649942,
                  -50.75168606859076,
                  0
                ],
                [
                  -74.66028623749942,
                  -50.72776028759076,
                  0
                ],
                [
                  -74.67778298249942,
                  -50.74631497559075,
                  0
                ],
                [
                  -74.56881488349943,
                  -50.83298489759076,
                  0
                ],
                [
                  -74.64287087249943,
                  -50.84787747559076,
                  0
                ],
                [
                  -74.62529274749943,
                  -50.92494453259076,
                  0
                ],
                [
                  -74.87846657549943,
                  -50.88637031359076,
                  0
                ],
                [
                  -74.91350075549943,
                  -50.96058906359076,
                  0
                ],
                [
                  -74.83781716149943,
                  -50.97426093859076,
                  0
                ],
                [
                  -74.89303363349943,
                  -51.04929349059076,
                  0
                ],
                [
                  -74.75582660249943,
                  -51.07647448059076,
                  0
                ],
                [
                  -74.70813779949943,
                  -51.10446927259077,
                  0
                ],
                [
                  -74.62614724049942,
                  -51.08713528759076,
                  0
                ],
                [
                  -74.63420388049943,
                  -51.04017890759075,
                  0
                ],
                [
                  -74.53618141949943,
                  -51.02194974059076,
                  0
                ],
                [
                  -74.48922503949943,
                  -50.99737291759077,
                  0
                ],
                [
                  -74.43201475349943,
                  -51.03098294359076,
                  0
                ],
                [
                  -74.38009418049943,
                  -51.02756497559076,
                  0
                ],
                [
                  -74.38538389349942,
                  -50.98109687659076,
                  0
                ],
                [
                  -74.43437477949942,
                  -50.92575833459076,
                  0
                ],
                [
                  -74.39474261749943,
                  -50.86985013159077,
                  0
                ],
                [
                  -74.41911599049942,
                  -50.82972968859077,
                  0
                ],
                [
                  -74.47530902349942,
                  -50.79978177259076,
                  0
                ]
              ]
            ]
          },
          {
            "type": "Polygon",
            "coordinates": [
              [
                [
                  -74.74223610749942,
                  -50.70725247559075,
                  0
                ],
                [
                  -74.80432920649943,
                  -50.66631823059076,
                  0
                ],
                [
                  -74.83167295649943,
                  -50.70725247559075,
                  0
                ],
                [
                  -74.95878884149943,
                  -50.72832994959077,
                  0
                ],
                [
                  -74.94145485749942,
                  -50.83762356859075,
                  0
                ],
                [
                  -74.84465309949942,
                  -50.87123359459076,
                  0
                ],
                [
                  -74.69283832049943,
                  -50.89011380359076,
                  0
                ],
                [
                  -74.66028623749942,
                  -50.82395169359076,
                  0
                ],
                [
                  -74.71489235749942,
                  -50.80287421959076,
                  0
                ],
                [
                  -74.75582660249943,
                  -50.75510403759076,
                  0
                ],
                [
                  -74.74223610749942,
                  -50.70725247559075,
                  0
                ]
              ]
            ]
          },
          {
            "type": "Polygon",
            "coordinates": [
              [
                [
                  -75.02649717449943,
                  -50.66941067859076,
                  0
                ],
                [
                  -75.04387184949942,
                  -50.70725247559075,
                  0
                ],
                [
                  -75.11296364649942,
                  -50.72133125159077,
                  0
                ],
                [
                  -75.08370746149943,
                  -50.78366849059076,
                  0
                ],
                [
                  -75.00688454449943,
                  -50.81394192859076,
                  0
                ],
                [
                  -74.98523740949943,
                  -50.65720364759076,
                  0
                ],
                [
                  -75.02649717449943,
                  -50.66941067859076,
                  0
                ]
              ]
            ]
          },
          {
            "type": "Polygon",
            "coordinates": [
              [
                [
                  -74.60246559949942,
                  -50.56312812659076,
                  0
                ],
                [
                  -74.58391091149943,
                  -50.53098294359077,
                  0
                ],
                [
                  -74.66630837249943,
                  -50.50315091259076,
                  0
                ],
                [
                  -74.67330707049943,
                  -50.57696276159076,
                  0
                ],
                [
                  -74.60246559949942,
                  -50.56312812659076,
                  0
                ]
              ]
            ]
          },
          {
            "type": "Polygon",
            "coordinates": [
              [
                [
                  -75.36296364649942,
                  -50.48679349059076,
                  0
                ],
                [
                  -75.42745746149943,
                  -50.51486966259076,
                  0
                ],
                [
                  -75.35917946649943,
                  -50.59055325659077,
                  0
                ],
                [
                  -75.45577777349942,
                  -50.60642239759076,
                  0
                ],
                [
                  -75.48210427149942,
                  -50.67510729259077,
                  0
                ],
                [
                  -75.43372373749942,
                  -50.74200182459077,
                  0
                ],
                [
                  -75.33586403649943,
                  -50.77650703259075,
                  0
                ],
                [
                  -75.27873513049943,
                  -50.77015937659077,
                  0
                ],
                [
                  -75.29025043049943,
                  -50.64581041759077,
                  0
                ],
                [
                  -75.26872536549942,
                  -50.58982083459076,
                  0
                ],
                [
                  -75.20227842449943,
                  -50.59299466259077,
                  0
                ],
                [
                  -75.13945290449942,
                  -50.54904935059076,
                  0
                ],
                [
                  -75.10515114649942,
                  -50.49582669359076,
                  0
                ],
                [
                  -75.36296364649942,
                  -50.48679349059076,
                  0
                ]
              ]
            ]
          },
          {
            "type": "Polygon",
            "coordinates": [
              [
                [
                  -74.48898089849942,
                  -50.47385403759076,
                  0
                ],
                [
                  -74.55229470049943,
                  -50.42396796959077,
                  0
                ],
                [
                  -74.61040016949943,
                  -50.43861640759076,
                  0
                ],
                [
                  -74.63945290449942,
                  -50.48191067859075,
                  0
                ],
                [
                  -74.46847308649943,
                  -50.52227526159076,
                  0
                ],
                [
                  -74.46098610749942,
                  -50.56573229259076,
                  0
                ],
                [
                  -74.51323220049943,
                  -50.57696276159076,
                  0
                ],
                [
                  -74.58102191449943,
                  -50.63360338659076,
                  0
                ],
                [
                  -74.51689431049942,
                  -50.73166653759077,
                  0
                ],
                [
                  -74.42460915449942,
                  -50.76153307459076,
                  0
                ],
                [
                  -74.37358376349943,
                  -50.82745104259077,
                  0
                ],
                [
                  -74.26917295649943,
                  -50.78659817859076,
                  0
                ],
                [
                  -74.23653949249943,
                  -50.84112291759076,
                  0
                ],
                [
                  -74.18592100349943,
                  -50.83314765759077,
                  0
                ],
                [
                  -74.18111957049943,
                  -50.78236640759076,
                  0
                ],
                [
                  -74.24223610749942,
                  -50.71408841259076,
                  0
                ],
                [
                  -74.27092263049943,
                  -50.62432604259077,
                  0
                ],
                [
                  -74.33248675849943,
                  -50.57736966259076,
                  0
                ],
                [
                  -74.34729795649943,
                  -50.51169583459076,
                  0
                ],
                [
                  -74.38294248749942,
                  -50.45603177259076,
                  0
                ],
                [
                  -74.48898089849942,
                  -50.47385403759076,
                  0
                ]
              ]
            ]
          },
          {
            "type": "Polygon",
            "coordinates": [
              [
                [
                  -74.57988259149943,
                  -50.37611640759076,
                  0
                ],
                [
                  -74.60852842449943,
                  -50.36399075659077,
                  0
                ],
                [
                  -74.73653949249943,
                  -50.37188463659076,
                  0
                ],
                [
                  -74.73540016949943,
                  -50.41241198059077,
                  0
                ],
                [
                  -74.78512347749943,
                  -50.48947903759076,
                  0
                ],
                [
                  -74.72010069049942,
                  -50.48939765759076,
                  0
                ],
                [
                  -74.64067360749942,
                  -50.44935859459077,
                  0
                ],
                [
                  -74.57988259149943,
                  -50.37611640759076,
                  0
                ]
              ]
            ]
          },
          {
            "type": "Polygon",
            "coordinates": [
              [
                [
                  -74.97608141649943,
                  -50.43293205059076,
                  0
                ],
                [
                  -74.96232253349943,
                  -50.35834636359075,
                  0
                ],
                [
                  -74.88907347049943,
                  -50.29496773559076,
                  0
                ],
                [
                  -74.97009177249943,
                  -50.28756092759076,
                  0
                ],
                [
                  -75.12099261049943,
                  -50.38213048959076,
                  0
                ],
                [
                  -75.17139656949942,
                  -50.46219454959076,
                  0
                ],
                [
                  -75.04433738149943,
                  -50.47603893259076,
                  0
                ],
                [
                  -74.97608141649943,
                  -50.43293205059076,
                  0
                ]
              ]
            ]
          },
          {
            "type": "Polygon",
            "coordinates": [
              [
                [
                  -75.29143044349942,
                  -50.02894843859077,
                  0
                ],
                [
                  -75.40019509149943,
                  -50.03920234459076,
                  0
                ],
                [
                  -75.30457334649942,
                  -50.12513984459076,
                  0
                ],
                [
                  -75.25851214849942,
                  -50.12351224059076,
                  0
                ],
                [
                  -75.18779274749943,
                  -50.16420234459076,
                  0
                ],
                [
                  -75.12708311249942,
                  -50.17087552259076,
                  0
                ],
                [
                  -75.19780251349943,
                  -50.25632474059076,
                  0
                ],
                [
                  -75.27043434949942,
                  -50.24867500159076,
                  0
                ],
                [
                  -75.35242490949943,
                  -50.20082343859077,
                  0
                ],
                [
                  -75.25590798249942,
                  -50.17022448059076,
                  0
                ],
                [
                  -75.34770485749942,
                  -50.14524075659077,
                  0
                ],
                [
                  -75.39726540449942,
                  -50.17168932459076,
                  0
                ],
                [
                  -75.44487282549943,
                  -50.27666979259076,
                  0
                ],
                [
                  -75.46074196649943,
                  -50.35007474059076,
                  0
                ],
                [
                  -75.36943337249943,
                  -50.32989244959078,
                  0
                ],
                [
                  -75.26990537849943,
                  -50.32761380359076,
                  0
                ],
                [
                  -75.25346657549943,
                  -50.36252591259076,
                  0
                ],
                [
                  -75.31759418049943,
                  -50.39190416759077,
                  0
                ],
                [
                  -75.32097145849943,
                  -50.42754869959077,
                  0
                ],
                [
                  -75.22270485749942,
                  -50.43650052259076,
                  0
                ],
                [
                  -75.18059059949942,
                  -50.38083645959077,
                  0
                ],
                [
                  -75.05913063849943,
                  -50.29782864759076,
                  0
                ],
                [
                  -74.95203428449943,
                  -50.25681302259076,
                  0
                ],
                [
                  -74.94218727949942,
                  -50.22019192859076,
                  0
                ],
                [
                  -74.83366677149942,
                  -50.21954088659076,
                  0
                ],
                [
                  -74.79350563849943,
                  -50.16989895959076,
                  0
                ],
                [
                  -74.81482725349943,
                  -50.11895494959077,
                  0
                ],
                [
                  -74.89303363349943,
                  -50.15166979259077,
                  0
                ],
                [
                  -75.07121559949942,
                  -50.17966458459077,
                  0
                ],
                [
                  -74.95195290449942,
                  -50.10886380359076,
                  0
                ],
                [
                  -75.13322731849942,
                  -50.08347317859076,
                  0
                ],
                [
                  -75.15686826849942,
                  -50.02146145959076,
                  0
                ],
                [
                  -75.29143044349942,
                  -50.02894843859077,
                  0
                ]
              ]
            ]
          },
          {
            "type": "Polygon",
            "coordinates": [
              [
                [
                  -75.48500676349943,
                  -49.56471019159076,
                  0
                ],
                [
                  -75.54783436349943,
                  -49.58901270859077,
                  0
                ],
                [
                  -75.58649258749942,
                  -49.68804275659076,
                  0
                ],
                [
                  -75.55481752549943,
                  -49.73431076959076,
                  0
                ],
                [
                  -75.62660134249943,
                  -49.75638710559076,
                  0
                ],
                [
                  -75.61720203549943,
                  -49.86426721359076,
                  0
                ],
                [
                  -75.54395326749943,
                  -49.83672274159076,
                  0
                ],
                [
                  -75.54005246149943,
                  -49.80822487259076,
                  0
                ],
                [
                  -75.38432595049943,
                  -49.74826810059077,
                  0
                ],
                [
                  -75.33952614649942,
                  -49.85959622559076,
                  0
                ],
                [
                  -75.26917295649943,
                  -49.85723619959076,
                  0
                ],
                [
                  -75.17770160249943,
                  -49.88425442859076,
                  0
                ],
                [
                  -75.21110817749943,
                  -49.79278307459077,
                  0
                ],
                [
                  -75.35515452549943,
                  -49.61022067459076,
                  0
                ],
                [
                  -75.48500676349943,
                  -49.56471019159076,
                  0
                ]
              ]
            ]
          },
          {
            "type": "Polygon",
            "coordinates": [
              [
                [
                  -74.39681781249942,
                  -49.61846666759078,
                  0
                ],
                [
                  -74.29289528649943,
                  -49.55466458459076,
                  0
                ],
                [
                  -74.30672992249943,
                  -49.51869453259076,
                  0
                ],
                [
                  -74.37163063849943,
                  -49.45342760559076,
                  0
                ],
                [
                  -74.44051898449943,
                  -49.43576810059076,
                  0
                ],
                [
                  -74.46354958349943,
                  -49.50892890759075,
                  0
                ],
                [
                  -74.43742653649943,
                  -49.52520494959078,
                  0
                ],
                [
                  -74.43510720049943,
                  -49.60284166759077,
                  0
                ],
                [
                  -74.39681781249942,
                  -49.61846666759078,
                  0
                ]
              ]
            ]
          },
          {
            "type": "Polygon",
            "coordinates": [
              [
                [
                  -75.47039640349942,
                  -49.40319398959076,
                  0
                ],
                [
                  -75.54130883849943,
                  -49.39060438459078,
                  0
                ],
                [
                  -75.54411427549942,
                  -49.45291090159076,
                  0
                ],
                [
                  -75.49227209349942,
                  -49.49539539859077,
                  0
                ],
                [
                  -75.47039640349942,
                  -49.40319398959076,
                  0
                ]
              ]
            ]
          },
          {
            "type": "Polygon",
            "coordinates": [
              [
                [
                  -75.07902809949942,
                  -49.03757474059077,
                  0
                ],
                [
                  -75.15825173249942,
                  -49.05108385559076,
                  0
                ],
                [
                  -75.22945941449943,
                  -49.11700182459076,
                  0
                ],
                [
                  -75.20154600349943,
                  -49.17234036559076,
                  0
                ],
                [
                  -75.08956683649943,
                  -49.15842435059077,
                  0
                ],
                [
                  -75.05978168049943,
                  -49.19651028759076,
                  0
                ],
                [
                  -74.96253233149943,
                  -49.27064765759076,
                  0
                ],
                [
                  -74.92033669349942,
                  -49.27268216259076,
                  0
                ],
                [
                  -74.89026670649943,
                  -49.09551744959077,
                  0
                ],
                [
                  -74.97185036549942,
                  -49.03171536559076,
                  0
                ],
                [
                  -74.98987608149943,
                  -49.07663724059076,
                  0
                ],
                [
                  -75.07902809949942,
                  -49.03757474059077,
                  0
                ]
              ]
            ]
          },
          {
            "type": "Polygon",
            "coordinates": [
              [
                [
                  -75.36634092449943,
                  -49.04082994959076,
                  0
                ],
                [
                  -75.44279763049943,
                  -49.05564114759076,
                  0
                ],
                [
                  -75.44096657549943,
                  -49.08526354259077,
                  0
                ],
                [
                  -75.56853005249943,
                  -49.12277981859076,
                  0
                ],
                [
                  -75.60714496149943,
                  -49.15110013159077,
                  0
                ],
                [
                  -75.63489561249942,
                  -49.22898099059076,
                  0
                ],
                [
                  -75.49357888049943,
                  -49.26348619959077,
                  0
                ],
                [
                  -75.46163714849942,
                  -49.17917630359076,
                  0
                ],
                [
                  -75.38912738349943,
                  -49.17917630359076,
                  0
                ],
                [
                  -75.34558897149942,
                  -49.12448880359076,
                  0
                ],
                [
                  -75.28723936249942,
                  -49.08664700659077,
                  0
                ],
                [
                  -75.36634092449943,
                  -49.04082994959076,
                  0
                ]
              ]
            ]
          },
          {
            "type": "Polygon",
            "coordinates": [
              [
                [
                  -75.42664365949943,
                  -48.87839505359076,
                  0
                ],
                [
                  -75.54049457049943,
                  -48.83371731859076,
                  0
                ],
                [
                  -75.61455056049942,
                  -48.85870104259077,
                  0
                ],
                [
                  -75.64718402349942,
                  -48.89125312659076,
                  0
                ],
                [
                  -75.64718402349942,
                  -48.96693671959077,
                  0
                ],
                [
                  -75.54358701849942,
                  -48.98663073059076,
                  0
                ],
                [
                  -75.52043434949942,
                  -49.03147122559076,
                  0
                ],
                [
                  -75.46489235749942,
                  -49.03643541759077,
                  0
                ],
                [
                  -75.41752907549943,
                  -48.97678372559076,
                  0
                ],
                [
                  -75.31486794349942,
                  -48.96555325659078,
                  0
                ],
                [
                  -75.29195941449943,
                  -49.03920234459076,
                  0
                ],
                [
                  -75.24846169349942,
                  -49.07207994959077,
                  0
                ],
                [
                  -75.20740537849943,
                  -49.03464505359076,
                  0
                ],
                [
                  -75.26909157549943,
                  -48.90793606859076,
                  0
                ],
                [
                  -75.30579404949943,
                  -48.86496731859076,
                  0
                ],
                [
                  -75.36178363349943,
                  -48.85031888159077,
                  0
                ],
                [
                  -75.42664365949943,
                  -48.87839505359076,
                  0
                ]
              ]
            ]
          },
          {
            "type": "Polygon",
            "coordinates": [
              [
                [
                  -75.09054339849942,
                  -48.91452786559076,
                  0
                ],
                [
                  -75.12065407549943,
                  -48.84983060059075,
                  0
                ],
                [
                  -75.21041644549943,
                  -48.81182604259077,
                  0
                ],
                [
                  -75.30799131549942,
                  -48.79489895959076,
                  0
                ],
                [
                  -75.29025043049943,
                  -48.84275052259076,
                  0
                ],
                [
                  -75.23572569049942,
                  -48.87074531359077,
                  0
                ],
                [
                  -75.24695615949943,
                  -48.92461901159075,
                  0
                ],
                [
                  -75.19381488349943,
                  -48.99574531359077,
                  0
                ],
                [
                  -75.13579079449943,
                  -48.97084296959076,
                  0
                ],
                [
                  -75.07263975349943,
                  -48.97035468859077,
                  0
                ],
                [
                  -75.09054339849942,
                  -48.91452786559076,
                  0
                ]
              ]
            ]
          },
          {
            "type": "Polygon",
            "coordinates": [
              [
                [
                  -74.68079404949943,
                  -48.72670234459076,
                  0
                ],
                [
                  -74.69645974049942,
                  -48.67990872559076,
                  0
                ],
                [
                  -74.75615212249943,
                  -48.67819974059076,
                  0
                ],
                [
                  -74.98483050849943,
                  -48.75909166759077,
                  0
                ],
                [
                  -75.05778786549942,
                  -48.81670885559076,
                  0
                ],
                [
                  -75.05131813849943,
                  -48.85707343859077,
                  0
                ],
                [
                  -74.95451638049943,
                  -48.91843411559076,
                  0
                ],
                [
                  -74.98613259149943,
                  -48.96742500159076,
                  0
                ],
                [
                  -74.95451638049943,
                  -49.00713854259077,
                  0
                ],
                [
                  -74.80432920649943,
                  -49.10398099059076,
                  0
                ],
                [
                  -74.85624977949942,
                  -49.15183255359075,
                  0
                ],
                [
                  -74.87879209649942,
                  -49.20277656359076,
                  0
                ],
                [
                  -74.89303363349943,
                  -49.36407213659075,
                  0
                ],
                [
                  -74.92998024749943,
                  -49.31426744959077,
                  0
                ],
                [
                  -75.00289691449943,
                  -49.26788073059076,
                  0
                ],
                [
                  -75.11235329449943,
                  -49.27325182459077,
                  0
                ],
                [
                  -75.18722308649943,
                  -49.29522448059077,
                  0
                ],
                [
                  -75.25957009149943,
                  -49.26413724059076,
                  0
                ],
                [
                  -75.42705056049942,
                  -49.27951810059076,
                  0
                ],
                [
                  -75.46708962249943,
                  -49.33274075659077,
                  0
                ],
                [
                  -75.42301541349943,
                  -49.41110287259075,
                  0
                ],
                [
                  -75.37529274749943,
                  -49.45684557459076,
                  0
                ],
                [
                  -75.30522438849943,
                  -49.56019843859077,
                  0
                ],
                [
                  -75.25395485749942,
                  -49.56320950659077,
                  0
                ],
                [
                  -75.29374977949942,
                  -49.63840481859076,
                  0
                ],
                [
                  -75.21521787849943,
                  -49.69935859459076,
                  0
                ],
                [
                  -75.20651019549943,
                  -49.76047513159077,
                  0
                ],
                [
                  -75.13375628949943,
                  -49.85837552259076,
                  0
                ],
                [
                  -75.00973285249943,
                  -49.89857734459076,
                  0
                ],
                [
                  -75.01201149749943,
                  -49.83737942859076,
                  0
                ],
                [
                  -74.96135231849942,
                  -49.78529609459076,
                  0
                ],
                [
                  -74.98088356849942,
                  -49.73988593859077,
                  0
                ],
                [
                  -74.95846332049943,
                  -49.66224921959076,
                  0
                ],
                [
                  -75.04387184949942,
                  -49.59006497559075,
                  0
                ],
                [
                  -75.00261208349943,
                  -49.58021796959076,
                  0
                ],
                [
                  -75.00932595049943,
                  -49.51869453259076,
                  0
                ],
                [
                  -74.92241188849943,
                  -49.53285468859077,
                  0
                ],
                [
                  -74.84660622449942,
                  -49.59779609459076,
                  0
                ],
                [
                  -74.77023089849942,
                  -49.61195625159076,
                  0
                ],
                [
                  -74.76990537849943,
                  -49.64475247559076,
                  0
                ],
                [
                  -74.89177224049942,
                  -49.61447903759077,
                  0
                ],
                [
                  -74.91712217449943,
                  -49.69398750159076,
                  0
                ],
                [
                  -74.88131488349943,
                  -49.72719062659076,
                  0
                ],
                [
                  -74.88237282549943,
                  -49.79701484459076,
                  0
                ],
                [
                  -74.80766579449943,
                  -49.79555000159076,
                  0
                ],
                [
                  -74.85551735749942,
                  -49.86439765759076,
                  0
                ],
                [
                  -74.90202614649942,
                  -49.87693020959077,
                  0
                ],
                [
                  -74.91321592449943,
                  -49.91680651159076,
                  0
                ],
                [
                  -74.88103005249943,
                  -49.95896145959076,
                  0
                ],
                [
                  -74.77014951849942,
                  -49.90541328259077,
                  0
                ],
                [
                  -74.73946918049943,
                  -49.92185208459076,
                  0
                ],
                [
                  -74.82215147149942,
                  -49.96482083459077,
                  0
                ],
                [
                  -74.86756162849943,
                  -50.01625312659076,
                  0
                ],
                [
                  -74.76823708349943,
                  -50.05336250159076,
                  0
                ],
                [
                  -74.66044899749943,
                  -50.05059557459077,
                  0
                ],
                [
                  -74.53618141949943,
                  -49.99476875159075,
                  0
                ],
                [
                  -74.48527809949942,
                  -49.95310208459077,
                  0
                ],
                [
                  -74.43177061249942,
                  -49.80987291759077,
                  0
                ],
                [
                  -74.45415016949943,
                  -49.77268216259076,
                  0
                ],
                [
                  -74.42033669349942,
                  -49.68967435059076,
                  0
                ],
                [
                  -74.44430316449943,
                  -49.64182278759075,
                  0
                ],
                [
                  -74.55416644549943,
                  -49.62107083459076,
                  0
                ],
                [
                  -74.50265277349942,
                  -49.57297513159077,
                  0
                ],
                [
                  -74.53618141949943,
                  -49.50803372559076,
                  0
                ],
                [
                  -74.48515602949942,
                  -49.45961250159076,
                  0
                ],
                [
                  -74.44796527349942,
                  -49.32248685059076,
                  0
                ],
                [
                  -74.44462868549942,
                  -49.21311185059075,
                  0
                ],
                [
                  -74.47327451849942,
                  -49.14825182459077,
                  0
                ],
                [
                  -74.46159645849943,
                  -49.11936185059076,
                  0
                ],
                [
                  -74.50688454449943,
                  -49.03952786559076,
                  0
                ],
                [
                  -74.47530902349942,
                  -48.94642890759076,
                  0
                ],
                [
                  -74.52995583349943,
                  -48.86692044359075,
                  0
                ],
                [
                  -74.52531716149943,
                  -48.72287747559076,
                  0
                ],
                [
                  -74.61861957049943,
                  -48.73418932459078,
                  0
                ],
                [
                  -74.68079404949943,
                  -48.72670234459076,
                  0
                ]
              ]
            ]
          },
          {
            "type": "Polygon",
            "coordinates": [
              [
                [
                  -75.11906716149943,
                  -48.81719713659077,
                  0
                ],
                [
                  -75.08875303449943,
                  -48.78269192859076,
                  0
                ],
                [
                  -75.06047341149943,
                  -48.69943997559075,
                  0
                ],
                [
                  -75.08484678449943,
                  -48.63734687659075,
                  0
                ],
                [
                  -75.13798806049942,
                  -48.69073229259077,
                  0
                ],
                [
                  -75.22941872449942,
                  -48.75241849059076,
                  0
                ],
                [
                  -75.21452614649942,
                  -48.80197903759076,
                  0
                ],
                [
                  -75.11906716149943,
                  -48.81719713659077,
                  0
                ]
              ]
            ]
          },
          {
            "type": "Polygon",
            "coordinates": [
              [
                [
                  -74.96843239649942,
                  -48.65329739759076,
                  0
                ],
                [
                  -75.00920388049943,
                  -48.65573880359077,
                  0
                ],
                [
                  -75.04387184949942,
                  -48.73288724059076,
                  0
                ],
                [
                  -74.98808571649943,
                  -48.74053698059076,
                  0
                ],
                [
                  -74.92786436249942,
                  -48.71921536559076,
                  0
                ],
                [
                  -74.82475563849943,
                  -48.65842435059076,
                  0
                ],
                [
                  -74.89791644549943,
                  -48.64271796959076,
                  0
                ],
                [
                  -74.96843239649942,
                  -48.65329739759076,
                  0
                ]
              ]
            ]
          },
          {
            "type": "Polygon",
            "coordinates": [
              [
                [
                  -75.34217100349943,
                  -48.66143541759077,
                  0
                ],
                [
                  -75.34538552149942,
                  -48.62693020959076,
                  0
                ],
                [
                  -75.46033506549942,
                  -48.69992825659077,
                  0
                ],
                [
                  -75.55778786549942,
                  -48.71921536559076,
                  0
                ],
                [
                  -75.65336891949943,
                  -48.71604153759076,
                  0
                ],
                [
                  -75.64767230549943,
                  -48.77894843859077,
                  0
                ],
                [
                  -75.61243467449943,
                  -48.79489895959076,
                  0
                ],
                [
                  -75.47587868549942,
                  -48.76755520959076,
                  0
                ],
                [
                  -75.39763161549942,
                  -48.70578763159077,
                  0
                ],
                [
                  -75.34489724049942,
                  -48.73679349059076,
                  0
                ],
                [
                  -75.29680153649943,
                  -48.72719062659076,
                  0
                ],
                [
                  -75.29025043049943,
                  -48.67819974059076,
                  0
                ],
                [
                  -75.34217100349943,
                  -48.66143541759077,
                  0
                ]
              ]
            ]
          },
          {
            "type": "Polygon",
            "coordinates": [
              [
                [
                  -75.37903623749942,
                  -48.45586901159076,
                  0
                ],
                [
                  -75.45040668049943,
                  -48.42893216259076,
                  0
                ],
                [
                  -75.52413714849942,
                  -48.47190091259077,
                  0
                ],
                [
                  -75.60624977949942,
                  -48.43926744959076,
                  0
                ],
                [
                  -75.66085589849942,
                  -48.50412747559076,
                  0
                ],
                [
                  -75.67517881549942,
                  -48.58322903759076,
                  0
                ],
                [
                  -75.62594378949943,
                  -48.63205716259076,
                  0
                ],
                [
                  -75.48894020849943,
                  -48.60373685059076,
                  0
                ],
                [
                  -75.45231911549942,
                  -48.63099921959076,
                  0
                ],
                [
                  -75.49919411549942,
                  -48.66013333459077,
                  0
                ],
                [
                  -75.59534483149943,
                  -48.65842435059076,
                  0
                ],
                [
                  -75.57304665449942,
                  -48.69919583459075,
                  0
                ],
                [
                  -75.50603005249943,
                  -48.69480130359076,
                  0
                ],
                [
                  -75.33972959649942,
                  -48.61488593859077,
                  0
                ],
                [
                  -75.32817360749942,
                  -48.55222317859076,
                  0
                ],
                [
                  -75.37903623749942,
                  -48.45586901159076,
                  0
                ]
              ]
            ]
          },
          {
            "type": "Polygon",
            "coordinates": [
              [
                [
                  -74.39986957049943,
                  -48.52553046959076,
                  0
                ],
                [
                  -74.30636371149943,
                  -48.48947903759076,
                  0
                ],
                [
                  -74.30318988349943,
                  -48.47035468859077,
                  0
                ],
                [
                  -74.40703102949942,
                  -48.41818997559077,
                  0
                ],
                [
                  -74.47669248749942,
                  -48.40557604259076,
                  0
                ],
                [
                  -74.47189105549943,
                  -48.45603177259076,
                  0
                ],
                [
                  -74.42884092449943,
                  -48.52585599059076,
                  0
                ],
                [
                  -74.39986957049943,
                  -48.52553046959076,
                  0
                ]
              ]
            ]
          },
          {
            "type": "Polygon",
            "coordinates": [
              [
                [
                  -74.05400368549942,
                  -48.45505520959076,
                  0
                ],
                [
                  -74.05701475349943,
                  -48.42559557459076,
                  0
                ],
                [
                  -74.19353005249943,
                  -48.36350247559076,
                  0
                ],
                [
                  -74.24532855549943,
                  -48.39426419359076,
                  0
                ],
                [
                  -74.11080707049943,
                  -48.47360989759076,
                  0
                ],
                [
                  -74.05400368549942,
                  -48.45505520959076,
                  0
                ]
              ]
            ]
          },
          {
            "type": "Polygon",
            "coordinates": [
              [
                [
                  -74.30213194049942,
                  -48.36342109459076,
                  0
                ],
                [
                  -74.29777809949942,
                  -48.28806302259076,
                  0
                ],
                [
                  -74.34526345049943,
                  -48.28334296959076,
                  0
                ],
                [
                  -74.46066058649943,
                  -48.38449856859077,
                  0
                ],
                [
                  -74.33891579449943,
                  -48.42299140759077,
                  0
                ],
                [
                  -74.27153298249942,
                  -48.46270494959077,
                  0
                ],
                [
                  -74.23206358149943,
                  -48.42160794359077,
                  0
                ],
                [
                  -74.30213194049942,
                  -48.36342109459076,
                  0
                ]
              ]
            ]
          },
          {
            "type": "Polygon",
            "coordinates": [
              [
                [
                  -74.72111794349942,
                  -48.22198229259077,
                  0
                ],
                [
                  -74.69743630249943,
                  -48.18438463659076,
                  0
                ],
                [
                  -74.76412738349943,
                  -48.15264635559077,
                  0
                ],
                [
                  -74.76274391949943,
                  -48.21213528759076,
                  0
                ],
                [
                  -74.79846983149943,
                  -48.26641588659076,
                  0
                ],
                [
                  -74.81108376349943,
                  -48.36350247559076,
                  0
                ],
                [
                  -74.71696755249943,
                  -48.45359036559076,
                  0
                ],
                [
                  -74.78137998749942,
                  -48.48508450659077,
                  0
                ],
                [
                  -74.81979144549943,
                  -48.40354153759076,
                  0
                ],
                [
                  -74.94544248749942,
                  -48.41762031359077,
                  0
                ],
                [
                  -75.03288552149942,
                  -48.50453437659076,
                  0
                ],
                [
                  -75.01066872449942,
                  -48.58689114759076,
                  0
                ],
                [
                  -74.94694802149942,
                  -48.61960599059076,
                  0
                ],
                [
                  -74.79065733149943,
                  -48.63734687659075,
                  0
                ],
                [
                  -74.75041481849942,
                  -48.62953437659076,
                  0
                ],
                [
                  -74.62081683649943,
                  -48.69187161559076,
                  0
                ],
                [
                  -74.52755511749943,
                  -48.67494453259077,
                  0
                ],
                [
                  -74.49211403649943,
                  -48.64076484459077,
                  0
                ],
                [
                  -74.54724912849943,
                  -48.61602526159076,
                  0
                ],
                [
                  -74.59925108149943,
                  -48.56369778759076,
                  0
                ],
                [
                  -74.60193662849943,
                  -48.47531888159077,
                  0
                ],
                [
                  -74.64718402349942,
                  -48.40785468859077,
                  0
                ],
                [
                  -74.58671852949942,
                  -48.40346015759075,
                  0
                ],
                [
                  -74.61760231849942,
                  -48.33379869959078,
                  0
                ],
                [
                  -74.67985817749943,
                  -48.30344388159077,
                  0
                ],
                [
                  -74.66716286549942,
                  -48.26430000159076,
                  0
                ],
                [
                  -74.72111794349942,
                  -48.22198229259077,
                  0
                ]
              ]
            ]
          },
          {
            "type": "Polygon",
            "coordinates": [
              [
                [
                  -74.45105772149942,
                  -48.19008125159076,
                  0
                ],
                [
                  -74.50265277349942,
                  -48.14377591259076,
                  0
                ],
                [
                  -74.55799131549942,
                  -48.12237291759077,
                  0
                ],
                [
                  -74.60356423249942,
                  -48.23549140759077,
                  0
                ],
                [
                  -74.55790993549942,
                  -48.24346666759077,
                  0
                ],
                [
                  -74.54362770849943,
                  -48.32199856859077,
                  0
                ],
                [
                  -74.51921364649942,
                  -48.33322903759077,
                  0
                ],
                [
                  -74.40373513049943,
                  -48.29001614759076,
                  0
                ],
                [
                  -74.38123350349943,
                  -48.23557278759075,
                  0
                ],
                [
                  -74.45105772149942,
                  -48.19008125159076,
                  0
                ]
              ]
            ]
          },
          {
            "type": "Polygon",
            "coordinates": [
              [
                [
                  -75.12028786549942,
                  -48.10267890759075,
                  0
                ],
                [
                  -75.16740700549943,
                  -48.07533515759076,
                  0
                ],
                [
                  -75.25615212249943,
                  -48.06866198059076,
                  0
                ],
                [
                  -75.15792621149943,
                  -48.26071927259076,
                  0
                ],
                [
                  -75.15564756549942,
                  -48.31223294359076,
                  0
                ],
                [
                  -75.08370746149943,
                  -48.37611640759076,
                  0
                ],
                [
                  -75.03093239649942,
                  -48.44382474059076,
                  0
                ],
                [
                  -74.83720681049942,
                  -48.34486640759076,
                  0
                ],
                [
                  -74.83468402349942,
                  -48.24932604259078,
                  0
                ],
                [
                  -74.80432920649943,
                  -48.17453763159078,
                  0
                ],
                [
                  -74.82763532349942,
                  -48.14553619159076,
                  0
                ],
                [
                  -75.01731972449943,
                  -48.08306467059077,
                  0
                ],
                [
                  -75.07121559949942,
                  -48.10967760559076,
                  0
                ],
                [
                  -75.12028786549942,
                  -48.10267890759075,
                  0
                ]
              ]
            ]
          },
          {
            "type": "Polygon",
            "coordinates": [
              [
                [
                  -75.34892556049942,
                  -48.05922187659077,
                  0
                ],
                [
                  -75.33875303449943,
                  -48.01755520959076,
                  0
                ],
                [
                  -75.47490212249943,
                  -48.02634427259076,
                  0
                ],
                [
                  -75.58513161549942,
                  -48.08575182459077,
                  0
                ],
                [
                  -75.56564105549943,
                  -48.17136380359075,
                  0
                ],
                [
                  -75.52031227949942,
                  -48.23321276159075,
                  0
                ],
                [
                  -75.54358701849942,
                  -48.32199856859077,
                  0
                ],
                [
                  -75.46163714849942,
                  -48.31573229259077,
                  0
                ],
                [
                  -75.40540342449943,
                  -48.34445950659076,
                  0
                ],
                [
                  -75.55481748749942,
                  -48.37863919359076,
                  0
                ],
                [
                  -75.53715798249942,
                  -48.41582994959077,
                  0
                ],
                [
                  -75.46000954449943,
                  -48.41664375159076,
                  0
                ],
                [
                  -75.36601540449942,
                  -48.38401028759077,
                  0
                ],
                [
                  -75.27043434949942,
                  -48.41818997559077,
                  0
                ],
                [
                  -75.32048317749943,
                  -48.49249010559075,
                  0
                ],
                [
                  -75.29301735749942,
                  -48.54115546959076,
                  0
                ],
                [
                  -75.30392230549943,
                  -48.57777656359077,
                  0
                ],
                [
                  -75.20524880249943,
                  -48.69984687659077,
                  0
                ],
                [
                  -75.08256813849943,
                  -48.61350247559076,
                  0
                ],
                [
                  -75.08321918049943,
                  -48.50778958459076,
                  0
                ],
                [
                  -75.09851865949943,
                  -48.46596015759075,
                  0
                ],
                [
                  -75.20374326849942,
                  -48.33558906359077,
                  0
                ],
                [
                  -75.26290668049943,
                  -48.22702786559076,
                  0
                ],
                [
                  -75.26872536549942,
                  -48.16599270959076,
                  0
                ],
                [
                  -75.34892556049942,
                  -48.05922187659077,
                  0
                ]
              ]
            ]
          },
          {
            "type": "Polygon",
            "coordinates": [
              [
                [
                  -74.83118467449943,
                  -47.81084948059076,
                  0
                ],
                [
                  -74.87260720049943,
                  -47.81556953259076,
                  0
                ],
                [
                  -74.94274074749943,
                  -47.88371014359076,
                  0
                ],
                [
                  -75.08771240849943,
                  -47.86735100859077,
                  0
                ],
                [
                  -75.20683642349942,
                  -47.91699177659076,
                  0
                ],
                [
                  -75.24931618549942,
                  -48.04196927259076,
                  0
                ],
                [
                  -75.14970681049942,
                  -48.02439114759076,
                  0
                ],
                [
                  -75.10222145849943,
                  -47.99021145959076,
                  0
                ],
                [
                  -75.03854144549943,
                  -47.98842109459077,
                  0
                ],
                [
                  -75.03333311249942,
                  -48.03122708459077,
                  0
                ],
                [
                  -74.89630113849942,
                  -48.06825826559077,
                  0
                ],
                [
                  -74.79312537049942,
                  -48.07803723159076,
                  0
                ],
                [
                  -74.72719431749942,
                  -48.10593637359077,
                  0
                ],
                [
                  -74.81279703549943,
                  -47.93894171059076,
                  0
                ],
                [
                  -74.76555194749943,
                  -47.88425609759075,
                  0
                ],
                [
                  -74.78813889249943,
                  -47.81236880559075,
                  0
                ],
                [
                  -74.83118467449943,
                  -47.81084948059076,
                  0
                ]
              ]
            ]
          },
          {
            "type": "Polygon",
            "coordinates": [
              [
                [
                  -73.97551247449942,
                  -47.85984036559076,
                  0
                ],
                [
                  -74.07463356849942,
                  -47.84787747559076,
                  0
                ],
                [
                  -74.24504372449942,
                  -47.80645494959078,
                  0
                ],
                [
                  -74.28972145849943,
                  -47.80743151159076,
                  0
                ],
                [
                  -74.39616677149942,
                  -47.83949531359077,
                  0
                ],
                [
                  -74.50265277349942,
                  -47.91794583459076,
                  0
                ],
                [
                  -74.38945290449942,
                  -47.94203437659076,
                  0
                ],
                [
                  -74.31828591149943,
                  -47.98125963659075,
                  0
                ],
                [
                  -74.11536436249942,
                  -47.94594062659077,
                  0
                ],
                [
                  -74.02434059949942,
                  -47.95391588659076,
                  0
                ],
                [
                  -73.96318337249943,
                  -47.92697903759076,
                  0
                ],
                [
                  -73.92981748749942,
                  -47.95774075659077,
                  0
                ],
                [
                  -73.83102191449943,
                  -47.95261380359077,
                  0
                ],
                [
                  -73.81824522149942,
                  -47.86643216259076,
                  0
                ],
                [
                  -73.93120095049943,
                  -47.88018541759077,
                  0
                ],
                [
                  -73.97551247449942,
                  -47.85984036559076,
                  0
                ]
              ]
            ]
          },
          {
            "type": "Polygon",
            "coordinates": [
              [
                [
                  -74.51999454949943,
                  -47.83811362659076,
                  0
                ],
                [
                  -74.52599558649943,
                  -47.81291263359076,
                  0
                ],
                [
                  -74.64968031349943,
                  -47.79778677159076,
                  0
                ],
                [
                  -74.68898536249942,
                  -47.81393870059076,
                  0
                ],
                [
                  -74.68761072249943,
                  -47.86248232159076,
                  0
                ],
                [
                  -74.64383087149943,
                  -47.92315480759076,
                  0
                ],
                [
                  -74.59378739449943,
                  -47.86443313659076,
                  0
                ],
                [
                  -74.51999454949943,
                  -47.83811362659076,
                  0
                ]
              ]
            ]
          },
          {
            "type": "Polygon",
            "coordinates": [
              [
                [
                  -75.07620825749943,
                  -47.70101531159077,
                  0
                ],
                [
                  -75.11681925949942,
                  -47.67940889359076,
                  0
                ],
                [
                  -75.16757736949943,
                  -47.70901059359077,
                  0
                ],
                [
                  -75.24549960649942,
                  -47.72378289259076,
                  0
                ],
                [
                  -75.29456965349942,
                  -47.70324036259076,
                  0
                ],
                [
                  -75.35572853549942,
                  -47.73618456259077,
                  0
                ],
                [
                  -75.13200247449943,
                  -47.83991381459076,
                  0
                ],
                [
                  -75.02349744049943,
                  -47.80336956459077,
                  0
                ],
                [
                  -75.07695290449942,
                  -47.77276354259078,
                  0
                ],
                [
                  -75.07620825749943,
                  -47.70101531159077,
                  0
                ]
              ]
            ]
          },
          {
            "type": "Polygon",
            "coordinates": [
              [
                [
                  -74.93120095049943,
                  -47.77325182459076,
                  0
                ],
                [
                  -74.86119033049943,
                  -47.74392070459075,
                  0
                ],
                [
                  -74.90376976749943,
                  -47.68597989959076,
                  0
                ],
                [
                  -75.00019869349943,
                  -47.66224468459076,
                  0
                ],
                [
                  -75.05423650049943,
                  -47.68961659559076,
                  0
                ],
                [
                  -75.02704608149942,
                  -47.73851875559077,
                  0
                ],
                [
                  -74.93120095049943,
                  -47.77325182459076,
                  0
                ]
              ]
            ]
          },
          {
            "type": "Polygon",
            "coordinates": [
              [
                [
                  -74.44060036549942,
                  -47.16379544359076,
                  0
                ],
                [
                  -74.32097145849943,
                  -47.09128567859075,
                  0
                ],
                [
                  -74.35649391949943,
                  -47.04506171959076,
                  0
                ],
                [
                  -74.43913552149942,
                  -47.06150052259077,
                  0
                ],
                [
                  -74.48898089849942,
                  -47.11651354259077,
                  0
                ],
                [
                  -74.44060036549942,
                  -47.16379544359076,
                  0
                ]
              ]
            ]
          },
          {
            "type": "Polygon",
            "coordinates": [
              [
                [
                  -74.11845681049942,
                  -47.03025052259076,
                  0
                ],
                [
                  -74.16687803449943,
                  -47.01291653759076,
                  0
                ],
                [
                  -74.23051735749942,
                  -47.10219062659076,
                  0
                ],
                [
                  -74.16695941449943,
                  -47.13596341259076,
                  0
                ],
                [
                  -74.14571918049943,
                  -47.17120104259077,
                  0
                ],
                [
                  -74.06718727949942,
                  -47.13750963659076,
                  0
                ],
                [
                  -73.97506488349943,
                  -47.04766588659077,
                  0
                ],
                [
                  -74.07438942749943,
                  -47.02032213659076,
                  0
                ],
                [
                  -74.11845681049942,
                  -47.03025052259076,
                  0
                ]
              ]
            ]
          },
          {
            "type": "Polygon",
            "coordinates": [
              [
                [
                  -75.13202866549943,
                  -46.77803934059077,
                  0
                ],
                [
                  -75.14601408049943,
                  -46.69706002859076,
                  0
                ],
                [
                  -75.21892209449943,
                  -46.67444660559077,
                  0
                ],
                [
                  -75.32296193149942,
                  -46.68513384659077,
                  0
                ],
                [
                  -75.16159074549942,
                  -46.78162399459077,
                  0
                ],
                [
                  -75.13202866549943,
                  -46.77803934059077,
                  0
                ]
              ]
            ]
          },
          {
            "type": "Polygon",
            "coordinates": [
              [
                [
                  -73.79163389349942,
                  -46.04229479259077,
                  0
                ],
                [
                  -73.83720681049942,
                  -46.01299791759077,
                  0
                ],
                [
                  -73.90959450549943,
                  -46.01641588659076,
                  0
                ],
                [
                  -73.94031553449943,
                  -46.06817369959077,
                  0
                ],
                [
                  -73.84217100349943,
                  -46.12961575659078,
                  0
                ],
                [
                  -73.82182595049943,
                  -46.18145494959077,
                  0
                ],
                [
                  -73.74524717449943,
                  -46.18723294359077,
                  0
                ],
                [
                  -73.73161599049942,
                  -46.14597317859076,
                  0
                ],
                [
                  -73.68388649749943,
                  -46.10544583459076,
                  0
                ],
                [
                  -73.68649066449943,
                  -46.07289375159076,
                  0
                ],
                [
                  -73.73869606849942,
                  -46.04270169359076,
                  0
                ],
                [
                  -73.79163389349942,
                  -46.04229479259077,
                  0
                ]
              ]
            ]
          },
          {
            "type": "Polygon",
            "coordinates": [
              [
                [
                  -73.74793272149942,
                  -45.92364244959077,
                  0
                ],
                [
                  -73.78610003949943,
                  -45.91387682459077,
                  0
                ],
                [
                  -73.81930316449943,
                  -45.99875638159077,
                  0
                ],
                [
                  -73.71245095049943,
                  -46.02162421959076,
                  0
                ],
                [
                  -73.70329567749943,
                  -45.93536119959078,
                  0
                ],
                [
                  -73.74793272149942,
                  -45.92364244959077,
                  0
                ]
              ]
            ]
          },
          {
            "type": "Polygon",
            "coordinates": [
              [
                [
                  -74.72091449249943,
                  -45.80987291759077,
                  0
                ],
                [
                  -74.80384092449943,
                  -45.81980130359076,
                  0
                ],
                [
                  -74.88920876349943,
                  -45.88197578259076,
                  0
                ],
                [
                  -74.91301247449942,
                  -45.92111966259076,
                  0
                ],
                [
                  -74.96961240949943,
                  -45.88547513159077,
                  0
                ],
                [
                  -75.05416644549943,
                  -45.86358385559076,
                  0
                ],
                [
                  -75.11276019549943,
                  -45.88571927259076,
                  0
                ],
                [
                  -75.08854958349943,
                  -45.95033515759077,
                  0
                ],
                [
                  -74.98865537849943,
                  -46.00559231859076,
                  0
                ],
                [
                  -75.08419574249943,
                  -46.02683255359076,
                  0
                ],
                [
                  -75.10592425849943,
                  -46.04709622559076,
                  0
                ],
                [
                  -75.07414528649943,
                  -46.09388984459076,
                  0
                ],
                [
                  -74.98596983149943,
                  -46.11211901159075,
                  0
                ],
                [
                  -74.91948220049943,
                  -46.10422513159078,
                  0
                ],
                [
                  -74.85193662849943,
                  -46.04506171959076,
                  0
                ],
                [
                  -74.81340309949942,
                  -46.03586575659077,
                  0
                ],
                [
                  -74.76616188849943,
                  -45.98890937659075,
                  0
                ],
                [
                  -74.74504372449942,
                  -45.90004218859077,
                  0
                ],
                [
                  -74.71489235749942,
                  -45.84844713659075,
                  0
                ],
                [
                  -74.72091449249943,
                  -45.80987291759077,
                  0
                ]
              ]
            ]
          },
          {
            "type": "Polygon",
            "coordinates": [
              [
                [
                  -73.70764951849942,
                  -45.86399075659077,
                  0
                ],
                [
                  -73.74166644549943,
                  -45.79392239759077,
                  0
                ],
                [
                  -73.80188779949943,
                  -45.83591458459075,
                  0
                ],
                [
                  -73.87569964849942,
                  -45.85471341259076,
                  0
                ],
                [
                  -73.94031553449943,
                  -45.90997057459078,
                  0
                ],
                [
                  -73.93413063849943,
                  -45.97198229259077,
                  0
                ],
                [
                  -73.85637184949942,
                  -45.96758776159077,
                  0
                ],
                [
                  -73.78947731849942,
                  -45.87579088659076,
                  0
                ],
                [
                  -73.70764951849942,
                  -45.86399075659077,
                  0
                ]
              ]
            ]
          },
          {
            "type": "Polygon",
            "coordinates": [
              [
                [
                  -74.00859352949942,
                  -45.74541979259077,
                  0
                ],
                [
                  -74.09440895849943,
                  -45.76397448059076,
                  0
                ],
                [
                  -74.09078753949943,
                  -45.81467435059076,
                  0
                ],
                [
                  -74.02971169349942,
                  -45.90313463659076,
                  0
                ],
                [
                  -73.96757790449942,
                  -45.85837552259076,
                  0
                ],
                [
                  -73.96668272149942,
                  -45.76983385559076,
                  0
                ],
                [
                  -74.00859352949942,
                  -45.74541979259077,
                  0
                ]
              ]
            ]
          },
          {
            "type": "Polygon",
            "coordinates": [
              [
                [
                  -74.76925433649943,
                  -45.70456692859076,
                  0
                ],
                [
                  -74.74968239649942,
                  -45.69773099059077,
                  0
                ],
                [
                  -74.81564105549943,
                  -45.60520169359076,
                  0
                ],
                [
                  -74.87907692749943,
                  -45.62465156359076,
                  0
                ],
                [
                  -74.79692360749942,
                  -45.69756823059076,
                  0
                ],
                [
                  -74.76925433649943,
                  -45.70456692859076,
                  0
                ]
              ]
            ]
          },
          {
            "type": "Polygon",
            "coordinates": [
              [
                [
                  -74.61129535249943,
                  -45.75144192859076,
                  0
                ],
                [
                  -74.55026019549943,
                  -45.67136380359076,
                  0
                ],
                [
                  -74.57247699249943,
                  -45.65411119959077,
                  0
                ],
                [
                  -74.54114561249942,
                  -45.57875312659076,
                  0
                ],
                [
                  -74.58110329449943,
                  -45.57468411559076,
                  0
                ],
                [
                  -74.66028623749942,
                  -45.60153958459076,
                  0
                ],
                [
                  -74.69353005249943,
                  -45.64613593859077,
                  0
                ],
                [
                  -74.70032529949943,
                  -45.72767890759076,
                  0
                ],
                [
                  -74.61129535249943,
                  -45.75144192859076,
                  0
                ]
              ]
            ]
          },
          {
            "type": "Polygon",
            "coordinates": [
              [
                [
                  -73.95439431049942,
                  -45.71400703259076,
                  0
                ],
                [
                  -73.92045876349943,
                  -45.69773099059077,
                  0
                ],
                [
                  -73.90043923249942,
                  -45.62839505359076,
                  0
                ],
                [
                  -73.91004209649942,
                  -45.59104153759076,
                  0
                ],
                [
                  -74.03040342449943,
                  -45.53318020959077,
                  0
                ],
                [
                  -74.11223122449942,
                  -45.58786770959076,
                  0
                ],
                [
                  -74.10075661549942,
                  -45.64206692859077,
                  0
                ],
                [
                  -74.04338356849942,
                  -45.71555325659077,
                  0
                ],
                [
                  -73.95439431049942,
                  -45.71400703259076,
                  0
                ]
              ]
            ]
          },
          {
            "type": "Polygon",
            "coordinates": [
              [
                [
                  -74.28972145849943,
                  -45.62253567859075,
                  0
                ],
                [
                  -74.22148415449942,
                  -45.60153958459076,
                  0
                ],
                [
                  -74.25721006549942,
                  -45.51543932459077,
                  0
                ],
                [
                  -74.29334287849943,
                  -45.47914375159076,
                  0
                ],
                [
                  -74.37171201849942,
                  -45.45131171959077,
                  0
                ],
                [
                  -74.42106911549942,
                  -45.45432278759076,
                  0
                ],
                [
                  -74.46375303449943,
                  -45.51836901159076,
                  0
                ],
                [
                  -74.48894020849943,
                  -45.60666653759076,
                  0
                ],
                [
                  -74.45667295649943,
                  -45.63156888159076,
                  0
                ],
                [
                  -74.45585915449942,
                  -45.67746731859075,
                  0
                ],
                [
                  -74.50265277349942,
                  -45.73239895959076,
                  0
                ],
                [
                  -74.47026345049943,
                  -45.77504218859076,
                  0
                ],
                [
                  -74.40597308649943,
                  -45.76690416759077,
                  0
                ],
                [
                  -74.34143858149943,
                  -45.73313138159076,
                  0
                ],
                [
                  -74.33549782549943,
                  -45.68780260559076,
                  0
                ],
                [
                  -74.26241839849942,
                  -45.68471015759076,
                  0
                ],
                [
                  -74.20781227949942,
                  -45.63555651159076,
                  0
                ],
                [
                  -74.28972145849943,
                  -45.62253567859075,
                  0
                ]
              ]
            ]
          },
          {
            "type": "Polygon",
            "coordinates": [
              [
                [
                  -73.62260720049943,
                  -45.61895494959077,
                  0
                ],
                [
                  -73.59770485749942,
                  -45.57484687659075,
                  0
                ],
                [
                  -73.58582334649942,
                  -45.48020169359076,
                  0
                ],
                [
                  -73.66598285249943,
                  -45.43698880359076,
                  0
                ],
                [
                  -73.72205381549942,
                  -45.45782213659075,
                  0
                ],
                [
                  -73.77071918049943,
                  -45.51202135559076,
                  0
                ],
                [
                  -73.78601865949943,
                  -45.56996406359077,
                  0
                ],
                [
                  -73.74166644549943,
                  -45.60902656359077,
                  0
                ],
                [
                  -73.81808246149943,
                  -45.64255520959076,
                  0
                ],
                [
                  -73.72124001349943,
                  -45.70521796959076,
                  0
                ],
                [
                  -73.68022438849943,
                  -45.75290677259076,
                  0
                ],
                [
                  -73.61369606849942,
                  -45.71465807459076,
                  0
                ],
                [
                  -73.65296201849942,
                  -45.66355130359076,
                  0
                ],
                [
                  -73.62260720049943,
                  -45.61895494959077,
                  0
                ]
              ]
            ]
          },
          {
            "type": "Polygon",
            "coordinates": [
              [
                [
                  -73.90646136749943,
                  -45.46758776159076,
                  0
                ],
                [
                  -73.98922503949943,
                  -45.42754869959077,
                  0
                ],
                [
                  -74.06385069049942,
                  -45.42331692859076,
                  0
                ],
                [
                  -74.10641253949943,
                  -45.47190091259075,
                  0
                ],
                [
                  -74.14482399749943,
                  -45.55808255359076,
                  0
                ],
                [
                  -74.02946755249943,
                  -45.51739244959077,
                  0
                ],
                [
                  -73.87028786549942,
                  -45.56174466259076,
                  0
                ],
                [
                  -73.81678037849943,
                  -45.47483060059076,
                  0
                ],
                [
                  -73.84396136749943,
                  -45.45293932459077,
                  0
                ],
                [
                  -73.90646136749943,
                  -45.46758776159076,
                  0
                ]
              ]
            ]
          },
          {
            "type": "Polygon",
            "coordinates": [
              [
                [
                  -74.49988584649942,
                  -45.56361640759076,
                  0
                ],
                [
                  -74.49894997449942,
                  -45.50258125159076,
                  0
                ],
                [
                  -74.45476052149942,
                  -45.45391588659076,
                  0
                ],
                [
                  -74.51957985749942,
                  -45.44415026159076,
                  0
                ],
                [
                  -74.56800108149943,
                  -45.52374010559076,
                  0
                ],
                [
                  -74.49988584649942,
                  -45.56361640759076,
                  0
                ]
              ]
            ]
          },
          {
            "type": "Polygon",
            "coordinates": [
              [
                [
                  -73.94084450549943,
                  -45.36635078259076,
                  0
                ],
                [
                  -74.00875628949943,
                  -45.38083645959076,
                  0
                ],
                [
                  -74.01103493549942,
                  -45.41127265759076,
                  0
                ],
                [
                  -73.92155739649942,
                  -45.43047838659076,
                  0
                ],
                [
                  -73.86320778649943,
                  -45.42038724059077,
                  0
                ],
                [
                  -73.82805153649943,
                  -45.37237291759077,
                  0
                ],
                [
                  -73.94084450549943,
                  -45.36635078259076,
                  0
                ]
              ]
            ]
          },
          {
            "type": "Polygon",
            "coordinates": [
              [
                [
                  -74.34514138049943,
                  -45.40207669359076,
                  0
                ],
                [
                  -74.32320941449943,
                  -45.37937161559076,
                  0
                ],
                [
                  -74.38908669349942,
                  -45.28171536559077,
                  0
                ],
                [
                  -74.49894997449942,
                  -45.28610989759076,
                  0
                ],
                [
                  -74.52617165449942,
                  -45.31556953259076,
                  0
                ],
                [
                  -74.48898089849942,
                  -45.35512031359077,
                  0
                ],
                [
                  -74.37785622449942,
                  -45.40101875159076,
                  0
                ],
                [
                  -74.34514138049943,
                  -45.40207669359076,
                  0
                ]
              ]
            ]
          },
          {
            "type": "Polygon",
            "coordinates": [
              [
                [
                  -74.02971169349942,
                  -45.25266263159077,
                  0
                ],
                [
                  -74.07019834649942,
                  -45.20432278759076,
                  0
                ],
                [
                  -74.16687803449943,
                  -45.25266263159077,
                  0
                ],
                [
                  -74.12932106849942,
                  -45.32403307459077,
                  0
                ],
                [
                  -74.01209287849943,
                  -45.35365546959076,
                  0
                ],
                [
                  -73.82768532549943,
                  -45.34763333459075,
                  0
                ],
                [
                  -73.78605934949942,
                  -45.33396145959075,
                  0
                ],
                [
                  -73.82426735749942,
                  -45.26633450659077,
                  0
                ],
                [
                  -73.98588845049943,
                  -45.27081041759077,
                  0
                ],
                [
                  -74.02971169349942,
                  -45.25266263159077,
                  0
                ]
              ]
            ]
          },
          {
            "type": "Polygon",
            "coordinates": [
              [
                [
                  -74.30729958349943,
                  -45.29457343859077,
                  0
                ],
                [
                  -74.27950824249943,
                  -45.20432278759076,
                  0
                ],
                [
                  -74.35860980549943,
                  -45.15647122559076,
                  0
                ],
                [
                  -74.41948220049943,
                  -45.19984687659076,
                  0
                ],
                [
                  -74.41492490949943,
                  -45.24704739759076,
                  0
                ],
                [
                  -74.33830544349942,
                  -45.29864244959077,
                  0
                ],
                [
                  -74.30729958349943,
                  -45.29457343859077,
                  0
                ]
              ]
            ]
          },
          {
            "type": "Polygon",
            "coordinates": [
              [
                [
                  -73.84538552149942,
                  -45.00127916759077,
                  0
                ],
                [
                  -73.91451800849943,
                  -44.99533841259076,
                  0
                ],
                [
                  -74.07438942749943,
                  -45.03350573059076,
                  0
                ],
                [
                  -74.14921852949942,
                  -45.02365872559076,
                  0
                ],
                [
                  -74.20675433649943,
                  -45.04270169359076,
                  0
                ],
                [
                  -74.24992653649943,
                  -45.10967760559076,
                  0
                ],
                [
                  -74.24199196649943,
                  -45.14963528759076,
                  0
                ],
                [
                  -74.18339821649943,
                  -45.16957343859077,
                  0
                ],
                [
                  -74.08391091149943,
                  -45.14011380359077,
                  0
                ],
                [
                  -74.02678200549943,
                  -45.19211575659076,
                  0
                ],
                [
                  -74.00721006549942,
                  -45.23215481859077,
                  0
                ],
                [
                  -73.96232888049943,
                  -45.24916328259076,
                  0
                ],
                [
                  -73.82996397149942,
                  -45.24314114759076,
                  0
                ],
                [
                  -73.76778949249943,
                  -45.28464505359075,
                  0
                ],
                [
                  -73.70671364649942,
                  -45.18137356859077,
                  0
                ],
                [
                  -73.71440407549943,
                  -45.11423489759076,
                  0
                ],
                [
                  -73.76966123749942,
                  -45.07761380359077,
                  0
                ],
                [
                  -73.77796201849942,
                  -45.03879544359076,
                  0
                ],
                [
                  -73.84538552149942,
                  -45.00127916759077,
                  0
                ]
              ]
            ]
          },
          {
            "type": "Polygon",
            "coordinates": [
              [
                [
                  -73.91765114649942,
                  -44.95652005359076,
                  0
                ],
                [
                  -73.96940895849943,
                  -44.90402981859076,
                  0
                ],
                [
                  -74.13815082049943,
                  -44.86830390759076,
                  0
                ],
                [
                  -74.18811826849942,
                  -44.86911770959076,
                  0
                ],
                [
                  -74.26990537849943,
                  -44.94415026159076,
                  0
                ],
                [
                  -74.33110329449943,
                  -44.96457669359076,
                  0
                ],
                [
                  -74.35673806049942,
                  -45.01153307459076,
                  0
                ],
                [
                  -74.27995583349943,
                  -45.02748359459076,
                  0
                ],
                [
                  -74.18730446649943,
                  -44.99192044359076,
                  0
                ],
                [
                  -74.06560036549942,
                  -44.99883776159076,
                  0
                ],
                [
                  -73.97547178449943,
                  -44.98305000159076,
                  0
                ],
                [
                  -73.91765114649942,
                  -44.95652005359076,
                  0
                ]
              ]
            ]
          },
          {
            "type": "Polygon",
            "coordinates": [
              [
                [
                  -74.03911110749942,
                  -44.85316718859077,
                  0
                ],
                [
                  -73.97355934949942,
                  -44.83461250159076,
                  0
                ],
                [
                  -73.96330544349942,
                  -44.78057604259077,
                  0
                ],
                [
                  -74.16614561249942,
                  -44.80075833459076,
                  0
                ],
                [
                  -74.17607399749943,
                  -44.81849921959076,
                  0
                ],
                [
                  -74.03911110749942,
                  -44.85316718859077,
                  0
                ]
              ]
            ]
          },
          {
            "type": "Polygon",
            "coordinates": [
              [
                [
                  -73.81678037849943,
                  -44.83428698059076,
                  0
                ],
                [
                  -73.83659645849943,
                  -44.78415677259076,
                  0
                ],
                [
                  -73.88570941449943,
                  -44.76543932459077,
                  0
                ],
                [
                  -73.93893207049943,
                  -44.81296536559076,
                  0
                ],
                [
                  -73.88855772149942,
                  -44.84388984459076,
                  0
                ],
                [
                  -73.92351052149942,
                  -44.89271796959076,
                  0
                ],
                [
                  -73.83948545649943,
                  -44.95863593859077,
                  0
                ],
                [
                  -73.76213356849942,
                  -44.92990872559076,
                  0
                ],
                [
                  -73.81678037849943,
                  -44.83428698059076,
                  0
                ]
              ]
            ]
          },
          {
            "type": "Polygon",
            "coordinates": [
              [
                [
                  -75.08500954449943,
                  -44.92347968859077,
                  0
                ],
                [
                  -75.03108714249943,
                  -44.90401380559076,
                  0
                ],
                [
                  -75.06309818049942,
                  -44.83094799159076,
                  0
                ],
                [
                  -75.11299446149943,
                  -44.76656275059077,
                  0
                ],
                [
                  -75.14699696549943,
                  -44.76381106059076,
                  0
                ],
                [
                  -75.20002772149942,
                  -44.81665966659077,
                  0
                ],
                [
                  -75.15467125249943,
                  -44.86497379559076,
                  0
                ],
                [
                  -75.16448162149943,
                  -44.91387993659076,
                  0
                ],
                [
                  -75.08500954449943,
                  -44.92347968859077,
                  0
                ]
              ]
            ]
          },
          {
            "type": "Polygon",
            "coordinates": [
              [
                [
                  -73.60454079449943,
                  -44.74493151159076,
                  0
                ],
                [
                  -73.65007302149942,
                  -44.73451484459076,
                  0
                ],
                [
                  -73.74150368549942,
                  -44.75469713659076,
                  0
                ],
                [
                  -73.72807595049943,
                  -44.82110338659076,
                  0
                ],
                [
                  -73.67713194049942,
                  -44.84030911559076,
                  0
                ],
                [
                  -73.62712380249943,
                  -44.82981106859076,
                  0
                ],
                [
                  -73.60454079449943,
                  -44.74493151159076,
                  0
                ]
              ]
            ]
          },
          {
            "type": "Polygon",
            "coordinates": [
              [
                [
                  -74.32760394549943,
                  -44.84795885559076,
                  0
                ],
                [
                  -74.34123513049943,
                  -44.80637356859076,
                  0
                ],
                [
                  -74.40703102949942,
                  -44.77601875159076,
                  0
                ],
                [
                  -74.42692849049942,
                  -44.71823880359076,
                  0
                ],
                [
                  -74.49064919349942,
                  -44.71970364759076,
                  0
                ],
                [
                  -74.52486957049943,
                  -44.75404609459076,
                  0
                ],
                [
                  -74.46920550849943,
                  -44.82688138159077,
                  0
                ],
                [
                  -74.39335915449942,
                  -44.85707343859077,
                  0
                ],
                [
                  -74.32760394549943,
                  -44.84795885559076,
                  0
                ]
              ]
            ]
          },
          {
            "type": "Polygon",
            "coordinates": [
              [
                [
                  -74.45423154949943,
                  -44.67356106859076,
                  0
                ],
                [
                  -74.46912412849943,
                  -44.63913724059076,
                  0
                ],
                [
                  -74.62248513049943,
                  -44.62204739759076,
                  0
                ],
                [
                  -74.66077451849942,
                  -44.65378567859076,
                  0
                ],
                [
                  -74.63855772149942,
                  -44.68943020959076,
                  0
                ],
                [
                  -74.48417946649943,
                  -44.69846341259076,
                  0
                ],
                [
                  -74.45423154949943,
                  -44.67356106859076,
                  0
                ]
              ]
            ]
          },
          {
            "type": "Polygon",
            "coordinates": [
              [
                [
                  -73.92664365949943,
                  -44.62888333459076,
                  0
                ],
                [
                  -74.02543923249942,
                  -44.60316718859077,
                  0
                ],
                [
                  -74.26697569049942,
                  -44.60316718859077,
                  0
                ],
                [
                  -74.40035785249943,
                  -44.62611640759076,
                  0
                ],
                [
                  -74.40678688849943,
                  -44.69431302259076,
                  0
                ],
                [
                  -74.35584287849943,
                  -44.76511380359076,
                  0
                ],
                [
                  -74.27950824249943,
                  -44.80385078259076,
                  0
                ],
                [
                  -74.09298480549943,
                  -44.75339505359076,
                  0
                ],
                [
                  -74.01164528649943,
                  -44.71652981859076,
                  0
                ],
                [
                  -73.87569964849942,
                  -44.69406888159077,
                  0
                ],
                [
                  -73.92664365949943,
                  -44.62888333459076,
                  0
                ]
              ]
            ]
          },
          {
            "type": "Polygon",
            "coordinates": [
              [
                [
                  -74.78284483149943,
                  -44.55515286559076,
                  0
                ],
                [
                  -74.82475563849943,
                  -44.58119453259076,
                  0
                ],
                [
                  -74.81873350349943,
                  -44.65573880359076,
                  0
                ],
                [
                  -74.74760720049943,
                  -44.66566718859077,
                  0
                ],
                [
                  -74.73234841149943,
                  -44.59323880359076,
                  0
                ],
                [
                  -74.78284483149943,
                  -44.55515286559076,
                  0
                ]
              ]
            ]
          },
          {
            "type": "Polygon",
            "coordinates": [
              [
                [
                  -73.67973610749942,
                  -44.54489895959076,
                  0
                ],
                [
                  -73.79631325549943,
                  -44.55319974059076,
                  0
                ],
                [
                  -73.82687152349942,
                  -44.59445950659077,
                  0
                ],
                [
                  -73.83769509149943,
                  -44.66436510559076,
                  0
                ],
                [
                  -73.75232725349943,
                  -44.74143216259076,
                  0
                ],
                [
                  -73.59135720049943,
                  -44.70676419359076,
                  0
                ],
                [
                  -73.63318662849943,
                  -44.60813138159077,
                  0
                ],
                [
                  -73.67973610749942,
                  -44.54489895959076,
                  0
                ]
              ]
            ]
          },
          {
            "type": "Polygon",
            "coordinates": [
              [
                [
                  -74.17668434949942,
                  -44.50388333459076,
                  0
                ],
                [
                  -74.29415668049943,
                  -44.49948880359076,
                  0
                ],
                [
                  -74.36821266949943,
                  -44.52561185059076,
                  0
                ],
                [
                  -74.34436826849942,
                  -44.57370755359076,
                  0
                ],
                [
                  -74.15401996149943,
                  -44.55979153759076,
                  0
                ],
                [
                  -74.17668434949942,
                  -44.50388333459076,
                  0
                ]
              ]
            ]
          },
          {
            "type": "Polygon",
            "coordinates": [
              [
                [
                  -73.95943988349943,
                  -44.55149075659077,
                  0
                ],
                [
                  -73.95724261749943,
                  -44.47930651159076,
                  0
                ],
                [
                  -74.01603981849942,
                  -44.45684557459077,
                  0
                ],
                [
                  -74.03585589849942,
                  -44.49851224059076,
                  0
                ],
                [
                  -74.11796852949942,
                  -44.51169583459076,
                  0
                ],
                [
                  -74.07048317749943,
                  -44.55206041759077,
                  0
                ],
                [
                  -73.95943988349943,
                  -44.55149075659077,
                  0
                ]
              ]
            ]
          },
          {
            "type": "Polygon",
            "coordinates": [
              [
                [
                  -74.22286761749943,
                  -44.46742500159076,
                  0
                ],
                [
                  -74.25932595049943,
                  -44.41290026159076,
                  0
                ],
                [
                  -74.30620095049943,
                  -44.39377591259076,
                  0
                ],
                [
                  -74.43860654949943,
                  -44.43918606859076,
                  0
                ],
                [
                  -74.50285622449942,
                  -44.43454739759076,
                  0
                ],
                [
                  -74.54753395849943,
                  -44.47670234459076,
                  0
                ],
                [
                  -74.52311989649942,
                  -44.52650703259076,
                  0
                ],
                [
                  -74.39278949249943,
                  -44.54701484459076,
                  0
                ],
                [
                  -74.42009255249943,
                  -44.50534817859076,
                  0
                ],
                [
                  -74.22286761749943,
                  -44.46742500159076,
                  0
                ]
              ]
            ]
          },
          {
            "type": "Polygon",
            "coordinates": [
              [
                [
                  -73.82027972749943,
                  -44.46058906359077,
                  0
                ],
                [
                  -73.78947731849942,
                  -44.42282864759076,
                  0
                ],
                [
                  -73.90263649749943,
                  -44.37839505359076,
                  0
                ],
                [
                  -73.90393858149943,
                  -44.44496406359077,
                  0
                ],
                [
                  -73.82027972749943,
                  -44.46058906359077,
                  0
                ]
              ]
            ]
          },
          {
            "type": "Polygon",
            "coordinates": [
              [
                [
                  -72.93372373749942,
                  -44.45098619959077,
                  0
                ],
                [
                  -72.93303200549943,
                  -44.41696927259076,
                  0
                ],
                [
                  -73.00183897149942,
                  -44.36130520959076,
                  0
                ],
                [
                  -73.08362608149943,
                  -44.38457994959077,
                  0
                ],
                [
                  -73.08439919349942,
                  -44.43031562659076,
                  0
                ],
                [
                  -73.14637022149942,
                  -44.43568671959076,
                  0
                ],
                [
                  -73.21013161549942,
                  -44.40891263159077,
                  0
                ],
                [
                  -73.26103493549942,
                  -44.47727200659077,
                  0
                ],
                [
                  -73.24138161549942,
                  -44.51218411559076,
                  0
                ],
                [
                  -73.13676735749942,
                  -44.53635403759076,
                  0
                ],
                [
                  -73.15898415449942,
                  -44.57045234459076,
                  0
                ],
                [
                  -73.23653949249943,
                  -44.53562161559076,
                  0
                ],
                [
                  -73.28032204449943,
                  -44.54180651159076,
                  0
                ],
                [
                  -73.29724912849943,
                  -44.60617825659077,
                  0
                ],
                [
                  -73.35124489649942,
                  -44.61521145959076,
                  0
                ],
                [
                  -73.42696918049943,
                  -44.60105130359076,
                  0
                ],
                [
                  -73.46794411549942,
                  -44.64255520959076,
                  0
                ],
                [
                  -73.40056130249943,
                  -44.77894843859077,
                  0
                ],
                [
                  -73.35856911549942,
                  -44.78903958459076,
                  0
                ],
                [
                  -73.29944639349942,
                  -44.75860338659076,
                  0
                ],
                [
                  -73.21806618549942,
                  -44.79050442859076,
                  0
                ],
                [
                  -73.25505349049942,
                  -44.81377916759077,
                  0
                ],
                [
                  -73.30729958349943,
                  -44.78594713659076,
                  0
                ],
                [
                  -73.40739724049942,
                  -44.82248685059076,
                  0
                ],
                [
                  -73.36491677149942,
                  -44.86846666759077,
                  0
                ],
                [
                  -73.25680316449943,
                  -44.94008125159076,
                  0
                ],
                [
                  -73.14726540449942,
                  -44.91192369959077,
                  0
                ],
                [
                  -73.05465472749943,
                  -44.85813138159077,
                  0
                ],
                [
                  -72.96798480549943,
                  -44.78773750159076,
                  0
                ],
                [
                  -72.83745095049943,
                  -44.71018216259076,
                  0
                ],
                [
                  -72.83110329449943,
                  -44.67657213659076,
                  0
                ],
                [
                  -72.90214821649943,
                  -44.66159817859076,
                  0
                ],
                [
                  -72.90060199249943,
                  -44.63099921959076,
                  0
                ],
                [
                  -72.81315895849943,
                  -44.63637031359077,
                  0
                ],
                [
                  -72.72099587249943,
                  -44.52805325659077,
                  0
                ],
                [
                  -72.76872536549942,
                  -44.46661119959077,
                  0
                ],
                [
                  -72.87211891949943,
                  -44.43715156359077,
                  0
                ],
                [
                  -72.93372373749942,
                  -44.45098619959077,
                  0
                ]
              ]
            ]
          },
          {
            "type": "Polygon",
            "coordinates": [
              [
                [
                  -73.67851540449942,
                  -44.43454739759076,
                  0
                ],
                [
                  -73.69650043049943,
                  -44.39825182459077,
                  0
                ],
                [
                  -73.65393858149943,
                  -44.35088854259077,
                  0
                ],
                [
                  -73.78947731849942,
                  -44.38246406359077,
                  0
                ],
                [
                  -73.72628558649943,
                  -44.42510729259077,
                  0
                ],
                [
                  -73.67851540449942,
                  -44.43454739759076,
                  0
                ]
              ]
            ]
          },
          {
            "type": "Polygon",
            "coordinates": [
              [
                [
                  -74.02971169349942,
                  -44.35463203259076,
                  0
                ],
                [
                  -74.04277321649943,
                  -44.40573880359076,
                  0
                ],
                [
                  -73.92867816449943,
                  -44.43129218859077,
                  0
                ],
                [
                  -73.95036599049942,
                  -44.34860989759076,
                  0
                ],
                [
                  -74.02971169349942,
                  -44.35463203259076,
                  0
                ]
              ]
            ]
          },
          {
            "type": "Polygon",
            "coordinates": [
              [
                [
                  -73.24382302149942,
                  -44.31036119959077,
                  0
                ],
                [
                  -73.28984352949942,
                  -44.32728828259076,
                  0
                ],
                [
                  -73.29830707049943,
                  -44.36814114759076,
                  0
                ],
                [
                  -73.26262184949942,
                  -44.38848619959077,
                  0
                ],
                [
                  -73.17656227949942,
                  -44.37497708459076,
                  0
                ],
                [
                  -73.24382302149942,
                  -44.31036119959077,
                  0
                ]
              ]
            ]
          },
          {
            "type": "Polygon",
            "coordinates": [
              [
                [
                  -74.28984352949942,
                  -44.29734036559076,
                  0
                ],
                [
                  -74.30339333349943,
                  -44.25827786559076,
                  0
                ],
                [
                  -74.36634092449943,
                  -44.24680325659077,
                  0
                ],
                [
                  -74.40971657549943,
                  -44.28448229259077,
                  0
                ],
                [
                  -74.28984352949942,
                  -44.29734036559076,
                  0
                ]
              ]
            ]
          },
          {
            "type": "Polygon",
            "coordinates": [
              [
                [
                  -73.66598285249943,
                  -44.26511380359076,
                  0
                ],
                [
                  -73.69816872449942,
                  -44.24192044359076,
                  0
                ],
                [
                  -73.75721006549942,
                  -44.28244778759076,
                  0
                ],
                [
                  -73.72185036549942,
                  -44.30287421959076,
                  0
                ],
                [
                  -73.66598285249943,
                  -44.26511380359076,
                  0
                ]
              ]
            ]
          },
          {
            "type": "Polygon",
            "coordinates": [
              [
                [
                  -74.03618141949943,
                  -44.16233060059076,
                  0
                ],
                [
                  -74.04952777349942,
                  -44.19008125159076,
                  0
                ],
                [
                  -74.12610654949943,
                  -44.20033515759076,
                  0
                ],
                [
                  -74.09420550849943,
                  -44.28244778759076,
                  0
                ],
                [
                  -74.04334287849943,
                  -44.32045234459076,
                  0
                ],
                [
                  -74.00916319049942,
                  -44.25730130359076,
                  0
                ],
                [
                  -73.94609352949942,
                  -44.24143216259076,
                  0
                ],
                [
                  -74.03618141949943,
                  -44.16233060059076,
                  0
                ]
              ]
            ]
          },
          {
            "type": "Polygon",
            "coordinates": [
              [
                [
                  -74.26616188849943,
                  -44.17697903759076,
                  0
                ],
                [
                  -74.29602842449943,
                  -44.14336901159076,
                  0
                ],
                [
                  -74.35763324249943,
                  -44.14564765759076,
                  0
                ],
                [
                  -74.33720681049942,
                  -44.18991849059076,
                  0
                ],
                [
                  -74.26616188849943,
                  -44.17697903759076,
                  0
                ]
              ]
            ]
          },
          {
            "type": "Polygon",
            "coordinates": [
              [
                [
                  -73.87952451849942,
                  -44.15590156359077,
                  0
                ],
                [
                  -73.91744769549943,
                  -44.09844713659076,
                  0
                ],
                [
                  -74.01603981849942,
                  -44.14288073059076,
                  0
                ],
                [
                  -73.95219704449943,
                  -44.18633776159076,
                  0
                ],
                [
                  -73.87016579449943,
                  -44.19659166759077,
                  0
                ],
                [
                  -73.87952451849942,
                  -44.15590156359077,
                  0
                ]
              ]
            ]
          },
          {
            "type": "Polygon",
            "coordinates": [
              [
                [
                  -73.63322731849942,
                  -44.12383776159076,
                  0
                ],
                [
                  -73.61003395849943,
                  -44.08518216259076,
                  0
                ],
                [
                  -73.65532204449943,
                  -44.03741198059076,
                  0
                ],
                [
                  -73.64982888049943,
                  -43.99143216259076,
                  0
                ],
                [
                  -73.70170876349943,
                  -43.94447578259076,
                  0
                ],
                [
                  -73.75480934949942,
                  -43.98532864759076,
                  0
                ],
                [
                  -73.72380349049942,
                  -44.05051419359076,
                  0
                ],
                [
                  -73.63322731849942,
                  -44.12383776159076,
                  0
                ]
              ]
            ]
          },
          {
            "type": "Polygon",
            "coordinates": [
              [
                [
                  -73.17314431049942,
                  -44.02561185059076,
                  0
                ],
                [
                  -73.14059222749943,
                  -43.90362291759077,
                  0
                ],
                [
                  -73.21733376349943,
                  -43.88816067859076,
                  0
                ],
                [
                  -73.27242816449943,
                  -43.91941067859076,
                  0
                ],
                [
                  -73.27495095049943,
                  -43.99411770959076,
                  0
                ],
                [
                  -73.17314431049942,
                  -44.02561185059076,
                  0
                ]
              ]
            ]
          },
          {
            "type": "Polygon",
            "coordinates": [
              [
                [
                  -73.85804014349942,
                  -43.76682278759076,
                  0
                ],
                [
                  -73.86520160249943,
                  -43.78936510559076,
                  0
                ],
                [
                  -73.96716483549943,
                  -43.82887816959077,
                  0
                ],
                [
                  -74.04505974449943,
                  -43.79613833259076,
                  0
                ],
                [
                  -74.11633458849943,
                  -43.80964411359076,
                  0
                ],
                [
                  -74.16598285249943,
                  -43.85381823059076,
                  0
                ],
                [
                  -74.13774391949943,
                  -43.89084622559076,
                  0
                ],
                [
                  -74.03170550849943,
                  -43.89304349059076,
                  0
                ],
                [
                  -73.99553200549943,
                  -43.93674466259076,
                  0
                ],
                [
                  -73.91911599049942,
                  -43.89564765759076,
                  0
                ],
                [
                  -73.76213356849942,
                  -43.88897448059076,
                  0
                ],
                [
                  -73.79313942749943,
                  -43.82907864759076,
                  0
                ],
                [
                  -73.85804014349942,
                  -43.76682278759076,
                  0
                ]
              ]
            ]
          },
          {
            "type": "Polygon",
            "coordinates": [
              [
                [
                  -74.64806188249943,
                  -43.55405068659076,
                  0
                ],
                [
                  -74.73771556449942,
                  -43.53022196659077,
                  0
                ],
                [
                  -74.74471567249942,
                  -43.56595044759077,
                  0
                ],
                [
                  -74.82484063749942,
                  -43.56245673359076,
                  0
                ],
                [
                  -74.81800108149943,
                  -43.63506823059076,
                  0
                ],
                [
                  -74.77524231449942,
                  -43.67467583759076,
                  0
                ],
                [
                  -74.67254838649943,
                  -43.63943671959076,
                  0
                ],
                [
                  -74.57824525749943,
                  -43.63569732559076,
                  0
                ],
                [
                  -74.58248344049943,
                  -43.59772919359077,
                  0
                ],
                [
                  -74.64806188249943,
                  -43.55405068659076,
                  0
                ]
              ]
            ]
          },
          {
            "type": "Polygon",
            "coordinates": [
              [
                [
                  -72.98147223749943,
                  -42.73389543259076,
                  0
                ],
                [
                  -72.95633976049943,
                  -42.80784867259077,
                  0
                ],
                [
                  -72.91863027149942,
                  -42.78657689359076,
                  0
                ],
                [
                  -72.93025897349943,
                  -42.72338470459076,
                  0
                ],
                [
                  -72.98147223749943,
                  -42.73389543259076,
                  0
                ]
              ]
            ]
          },
          {
            "type": "Polygon",
            "coordinates": [
              [
                [
                  -73.60828428449943,
                  -42.62229153759076,
                  0
                ],
                [
                  -73.62077614649942,
                  -42.56809231859076,
                  0
                ],
                [
                  -73.73824847749943,
                  -42.59299466259076,
                  0
                ],
                [
                  -73.72124001349943,
                  -42.63457994959077,
                  0
                ],
                [
                  -73.60828428449943,
                  -42.62229153759076,
                  0
                ]
              ]
            ]
          },
          {
            "type": "Polygon",
            "coordinates": [
              [
                [
                  -73.42062152349942,
                  -42.55344388159077,
                  0
                ],
                [
                  -73.41720355549943,
                  -42.51771796959076,
                  0
                ],
                [
                  -73.51884743549942,
                  -42.42575833459076,
                  0
                ],
                [
                  -73.54301735749942,
                  -42.37920885559076,
                  0
                ],
                [
                  -73.63082660249943,
                  -42.36797838659076,
                  0
                ],
                [
                  -73.62496722749943,
                  -42.44349921959076,
                  0
                ],
                [
                  -73.47107725349943,
                  -42.50079088659076,
                  0
                ],
                [
                  -73.42062152349942,
                  -42.55344388159077,
                  0
                ]
              ]
            ]
          },
          {
            "type": "Polygon",
            "coordinates": [
              [
                [
                  -73.06901833349943,
                  -42.27797187659076,
                  0
                ],
                [
                  -73.10588356849942,
                  -42.24102526159076,
                  0
                ],
                [
                  -73.14519020849943,
                  -42.27829739759076,
                  0
                ],
                [
                  -73.11601540449942,
                  -42.31036119959077,
                  0
                ],
                [
                  -73.06901833349943,
                  -42.27797187659076,
                  0
                ]
              ]
            ]
          },
          {
            "type": "Polygon",
            "coordinates": [
              [
                [
                  -72.50786110749942,
                  -42.13897448059076,
                  0
                ],
                [
                  -72.50908181049942,
                  -42.07338203259076,
                  0
                ],
                [
                  -72.57475563849943,
                  -42.05743151159076,
                  0
                ],
                [
                  -72.60779600349943,
                  -42.11195625159076,
                  0
                ],
                [
                  -72.50786110749942,
                  -42.13897448059076,
                  0
                ]
              ]
            ]
          },
          {
            "type": "Polygon",
            "coordinates": [
              [
                [
                  -73.95439431049942,
                  -41.81076810059076,
                  0
                ],
                [
                  -74.03585589849942,
                  -41.77121731859076,
                  0
                ],
                [
                  -74.06385069049942,
                  -41.80596666759077,
                  0
                ],
                [
                  -74.01217425849943,
                  -41.90785468859077,
                  0
                ],
                [
                  -74.05510231849942,
                  -41.94504544359076,
                  0
                ],
                [
                  -74.04509255249943,
                  -42.05783841259076,
                  0
                ],
                [
                  -74.05315059549943,
                  -42.13038970859076,
                  0
                ],
                [
                  -74.14691529749943,
                  -42.21656880359076,
                  0
                ],
                [
                  -74.16858919049943,
                  -42.26537121959076,
                  0
                ],
                [
                  -74.14303149449943,
                  -42.31869254859076,
                  0
                ],
                [
                  -74.18943274349942,
                  -42.43195055159077,
                  0
                ],
                [
                  -74.18277996049943,
                  -42.48344656559076,
                  0
                ],
                [
                  -74.14410040949943,
                  -42.57822421059076,
                  0
                ],
                [
                  -74.12732188049942,
                  -42.67117746659076,
                  0
                ],
                [
                  -74.17025158449943,
                  -42.76674016659076,
                  0
                ],
                [
                  -74.15669119949943,
                  -42.80415834559076,
                  0
                ],
                [
                  -74.16717781649943,
                  -42.88255861359077,
                  0
                ],
                [
                  -74.23206358149943,
                  -42.91672513159077,
                  0
                ],
                [
                  -74.21906269949943,
                  -42.97734282359076,
                  0
                ],
                [
                  -74.22933484949942,
                  -43.02292152059076,
                  0
                ],
                [
                  -74.33818337249943,
                  -43.10007474059076,
                  0
                ],
                [
                  -74.40080544349942,
                  -43.26047513159077,
                  0
                ],
                [
                  -74.33443988349943,
                  -43.28171536559076,
                  0
                ],
                [
                  -74.29319592449943,
                  -43.32000905059076,
                  0
                ],
                [
                  -74.21504023649943,
                  -43.33016917659076,
                  0
                ],
                [
                  -74.12976865949943,
                  -43.35691067859076,
                  0
                ],
                [
                  -74.09781290649943,
                  -43.39486894159077,
                  0
                ],
                [
                  -74.05319383149943,
                  -43.36298042759076,
                  0
                ],
                [
                  -73.99163525149943,
                  -43.38837866459076,
                  0
                ],
                [
                  -73.92934469449943,
                  -43.36494343959076,
                  0
                ],
                [
                  -73.87681952549943,
                  -43.42200397759076,
                  0
                ],
                [
                  -73.80029669249943,
                  -43.40948808159077,
                  0
                ],
                [
                  -73.79979123349943,
                  -43.35982042459077,
                  0
                ],
                [
                  -73.73092427149943,
                  -43.39268483159076,
                  0
                ],
                [
                  -73.68154692949943,
                  -43.38114632359076,
                  0
                ],
                [
                  -73.67501831849943,
                  -43.27988630159076,
                  0
                ],
                [
                  -73.74479958349943,
                  -43.22702786559076,
                  0
                ],
                [
                  -73.74550011749943,
                  -43.17044045259076,
                  0
                ],
                [
                  -73.72124001349943,
                  -43.14174140759076,
                  0
                ],
                [
                  -73.58777647149942,
                  -43.10691067859076,
                  0
                ],
                [
                  -73.52409645849943,
                  -43.13108060059076,
                  0
                ],
                [
                  -73.48987608149943,
                  -43.10007474059076,
                  0
                ],
                [
                  -73.57719704449943,
                  -42.96579739759076,
                  0
                ],
                [
                  -73.65377582049943,
                  -42.92868802259076,
                  0
                ],
                [
                  -73.64954404949943,
                  -42.88327786559076,
                  0
                ],
                [
                  -73.49410785249943,
                  -42.86683906359077,
                  0
                ],
                [
                  -73.51648740949943,
                  -42.78928372559076,
                  0
                ],
                [
                  -73.63225075549943,
                  -42.74069974059076,
                  0
                ],
                [
                  -73.69865700549943,
                  -42.66664375159076,
                  0
                ],
                [
                  -73.80896787849943,
                  -42.60870104259077,
                  0
                ],
                [
                  -73.81678037849943,
                  -42.58672838659076,
                  0
                ],
                [
                  -73.78947731849942,
                  -42.50420885559076,
                  0
                ],
                [
                  -73.70748675849943,
                  -42.53838854259077,
                  0
                ],
                [
                  -73.62293272149942,
                  -42.51625312659076,
                  0
                ],
                [
                  -73.68836240949943,
                  -42.45277656359077,
                  0
                ],
                [
                  -73.68136371149943,
                  -42.37009427259076,
                  0
                ],
                [
                  -73.65035785249943,
                  -42.34551744959077,
                  0
                ],
                [
                  -73.57223285249943,
                  -42.32305651159076,
                  0
                ],
                [
                  -73.50891904949943,
                  -42.32614895959076,
                  0
                ],
                [
                  -73.43323545649943,
                  -42.29945625159076,
                  0
                ],
                [
                  -73.37382790449942,
                  -42.25746406359077,
                  0
                ],
                [
                  -73.38603493549942,
                  -42.19577786559076,
                  0
                ],
                [
                  -73.48889951849942,
                  -42.14564765759076,
                  0
                ],
                [
                  -73.50212380249943,
                  -42.11667630359076,
                  0
                ],
                [
                  -73.44731423249942,
                  -42.06231432459077,
                  0
                ],
                [
                  -73.53312966149943,
                  -41.96612291759077,
                  0
                ],
                [
                  -73.57825498749942,
                  -41.94553372559076,
                  0
                ],
                [
                  -73.53007790449942,
                  -41.90695950659077,
                  0
                ],
                [
                  -73.53683246149943,
                  -41.84006497559076,
                  0
                ],
                [
                  -73.57780739649942,
                  -41.79856106859076,
                  0
                ],
                [
                  -73.63448871149943,
                  -41.83298489759076,
                  0
                ],
                [
                  -73.69080381549942,
                  -41.80905911559076,
                  0
                ],
                [
                  -73.77722959649942,
                  -41.85813138159077,
                  0
                ],
                [
                  -73.82565082049943,
                  -41.85691067859076,
                  0
                ],
                [
                  -73.86585264349942,
                  -41.89231106859076,
                  0
                ],
                [
                  -73.98336566449943,
                  -41.86651354259077,
                  0
                ],
                [
                  -73.98287738349943,
                  -41.82094062659076,
                  0
                ],
                [
                  -73.89592263049943,
                  -41.84275052259076,
                  0
                ],
                [
                  -73.89006325549943,
                  -41.80515286559076,
                  0
                ],
                [
                  -73.95439431049942,
                  -41.81076810059076,
                  0
                ]
              ]
            ]
          },
          {
            "type": "Polygon",
            "coordinates": [
              [
                [
                  -73.00944802149942,
                  -41.85772448059076,
                  0
                ],
                [
                  -73.00281553449943,
                  -41.84437812659076,
                  0
                ],
                [
                  -73.05318988349943,
                  -41.74721015759076,
                  0
                ],
                [
                  -73.08561989649942,
                  -41.74786119959077,
                  0
                ],
                [
                  -73.07646462249943,
                  -41.85137682459077,
                  0
                ],
                [
                  -73.00944802149942,
                  -41.85772448059076,
                  0
                ]
              ]
            ]
          },
          {
            "type": "Polygon",
            "coordinates": [
              [
                [
                  -73.88408999250842,
                  -38.42215462055432,
                  0
                ],
                [
                  -73.85130206204254,
                  -38.38368099487336,
                  0
                ],
                [
                  -73.88225075549943,
                  -38.36081692859076,
                  0
                ],
                [
                  -73.9145660403033,
                  -38.32471727813769,
                  0
                ],
                [
                  -73.96421833687195,
                  -38.31036144339345,
                  0
                ],
                [
                  -73.95482071579396,
                  -38.34386341191176,
                  0
                ],
                [
                  -73.95638644408848,
                  -38.37411041623274,
                  0
                ],
                [
                  -73.94971640686313,
                  -38.41904750500587,
                  0
                ],
                [
                  -73.88408999250842,
                  -38.42215462055432,
                  0
                ]
              ]
            ]
          },
          {
            "type": "Polygon",
            "coordinates": [
              [
                [
                  -80.71513649749943,
                  -33.77292630359076,
                  0
                ],
                [
                  -80.71074196649943,
                  -33.70538073059076,
                  0
                ],
                [
                  -80.74064919349942,
                  -33.68519843859077,
                  0
                ],
                [
                  -80.77714821649943,
                  -33.73451484459076,
                  0
                ],
                [
                  -80.74870583349943,
                  -33.77357734459076,
                  0
                ],
                [
                  -80.71513649749943,
                  -33.77292630359076,
                  0
                ]
              ]
            ]
          },
          {
            "type": "Polygon",
            "coordinates": [
              [
                [
                  -78.81560036549942,
                  -33.60886380359076,
                  0
                ],
                [
                  -78.88469216149943,
                  -33.57566067859076,
                  0
                ],
                [
                  -78.94304177149942,
                  -33.61651354259077,
                  0
                ],
                [
                  -78.95671364649942,
                  -33.65695950659077,
                  0
                ],
                [
                  -78.81560036549942,
                  -33.60886380359076,
                  0
                ]
              ]
            ]
          },
          {
            "type": "Polygon",
            "coordinates": [
              [
                [
                  -109.2308905187694,
                  -27.09245342327078,
                  0
                ],
                [
                  -109.2840528844544,
                  -27.08845433892113,
                  0
                ],
                [
                  -109.3128251448999,
                  -27.06967725871855,
                  0
                ],
                [
                  -109.343863464906,
                  -27.05872738035543,
                  0
                ],
                [
                  -109.3760348146916,
                  -27.05247160099831,
                  0
                ],
                [
                  -109.3959361299006,
                  -27.06026507915101,
                  0
                ],
                [
                  -109.4232256904994,
                  -27.09934231859077,
                  0
                ],
                [
                  -109.4566894264153,
                  -27.18640180024051,
                  0
                ],
                [
                  -109.4582033567618,
                  -27.20531974530769,
                  0
                ],
                [
                  -109.4402947049592,
                  -27.19435631739774,
                  0
                ],
                [
                  -109.427049591419,
                  -27.20091002920472,
                  0
                ],
                [
                  -109.4079084494767,
                  -27.19020533214226,
                  0
                ],
                [
                  -109.3932482249614,
                  -27.17813287315986,
                  0
                ],
                [
                  -109.3676023184994,
                  -27.17266588659076,
                  0
                ],
                [
                  -109.3481398536676,
                  -27.1666170823405,
                  0
                ],
                [
                  -109.3412758204994,
                  -27.15402981859076,
                  0
                ],
                [
                  -109.2433754304994,
                  -27.12920885559077,
                  0
                ],
                [
                  -109.2273268447088,
                  -27.12158003346384,
                  0
                ],
                [
                  -109.2244247245368,
                  -27.1084907214402,
                  0
                ],
                [
                  -109.2308905187694,
                  -27.09245342327078,
                  0
                ]
              ]
            ]
          },
          {
            "type": "Polygon",
            "coordinates": [
              [
                [
                  -68.99073992578087,
                  -18.95337413002578,
                  0
                ],
                [
                  -69.01161676868406,
                  -18.94593101292605,
                  0
                ],
                [
                  -69.02777492337974,
                  -18.9543067284075,
                  0
                ],
                [
                  -69.02445512002316,
                  -18.9710001908046,
                  0
                ],
                [
                  -69.01933693908839,
                  -18.99076435902022,
                  0
                ],
                [
                  -69.02306347943231,
                  -19.00262405862574,
                  0
                ],
                [
                  -69.05109155674805,
                  -19.02715182319994,
                  0
                ],
                [
                  -69.06948620181328,
                  -19.02660204795808,
                  0
                ],
                [
                  -69.07436391679576,
                  -19.04386910359219,
                  0
                ],
                [
                  -69.10673980215913,
                  -19.05577668015392,
                  0
                ],
                [
                  -69.10707058019005,
                  -19.07023660831524,
                  0
                ],
                [
                  -69.12442262595798,
                  -19.07665552243385,
                  0
                ],
                [
                  -69.13345661408624,
                  -19.08319011989984,
                  0
                ],
                [
                  -69.14217765568952,
                  -19.08214635129402,
                  0
                ],
                [
                  -69.15412125070091,
                  -19.0976221699134,
                  0
                ],
                [
                  -69.18026009662674,
                  -19.09354603116041,
                  0
                ],
                [
                  -69.18991772493101,
                  -19.09556481305059,
                  0
                ],
                [
                  -69.19761432012088,
                  -19.10677772630317,
                  0
                ],
                [
                  -69.2114072981528,
                  -19.09502311137799,
                  0
                ],
                [
                  -69.22421154467581,
                  -19.09386955820869,
                  0
                ],
                [
                  -69.29044896530377,
                  -19.11312583510655,
                  0
                ],
                [
                  -69.29915847050623,
                  -19.12562596894798,
                  0
                ],
                [
                  -69.31833068031551,
                  -19.13769464308214,
                  0
                ],
                [
                  -69.31277042698127,
                  -19.10644384098979,
                  0
                ],
                [
                  -69.35449293894249,
                  -19.07556588099954,
                  0
                ],
                [
                  -69.39468317498303,
                  -19.0631043001893,
                  0
                ],
                [
                  -69.40337068291419,
                  -19.03661746212412,
                  0
                ],
                [
                  -69.4169845575869,
                  -19.0269758386974,
                  0
                ],
                [
                  -69.4424433735064,
                  -19.0215717961495,
                  0
                ],
                [
                  -69.46509076981957,
                  -19.02859357024317,
                  0
                ],
                [
                  -69.49829539543406,
                  -19.02705675755848,
                  0
                ],
                [
                  -69.51617702535499,
                  -19.02501453004129,
                  0
                ],
                [
                  -69.58992004266285,
                  -19.02437522816436,
                  0
                ],
                [
                  -69.62132451031704,
                  -19.02484496465777,
                  0
                ],
                [
                  -69.63962854410418,
                  -19.02113149772659,
                  0
                ],
                [
                  -69.70633458357865,
                  -19.02461432401808,
                  0
                ],
                [
                  -69.78471984958122,
                  -19.03853784259007,
                  0
                ],
                [
                  -69.80386029489004,
                  -19.04368263894687,
                  0
                ],
                [
                  -69.84540342437832,
                  -19.03950746979685,
                  0
                ],
                [
                  -69.87286203335839,
                  -19.03059889142353,
                  0
                ],
                [
                  -69.88391733121605,
                  -19.03003956279764,
                  0
                ],
                [
                  -69.92567895516126,
                  -19.04655786270038,
                  0
                ],
                [
                  -69.95066852822085,
                  -19.04780560695833,
                  0
                ],
                [
                  -70.04456626007814,
                  -19.09504610248873,
                  0
                ],
                [
                  -70.10328728950985,
                  -19.11860181639615,
                  0
                ],
                [
                  -70.11932386030026,
                  -19.14261407704117,
                  0
                ],
                [
                  -70.13077768685083,
                  -19.15307861428444,
                  0
                ],
                [
                  -70.2956682136942,
                  -19.23336085308281,
                  0
                ],
                [
                  -70.28756488349943,
                  -19.30100247559076,
                  0
                ],
                [
                  -70.23842995707435,
                  -19.41403132892081,
                  0
                ],
                [
                  -70.21723144707184,
                  -19.49056520537879,
                  0
                ],
                [
                  -70.22064720022024,
                  -19.53334647722946,
                  0
                ],
                [
                  -70.21576293664481,
                  -19.58332220704705,
                  0
                ],
                [
                  -70.24444357736564,
                  -19.6016731451279,
                  0
                ],
                [
                  -70.20186157779071,
                  -19.63364550478837,
                  0
                ],
                [
                  -70.17867289593141,
                  -19.66917769311643,
                  0
                ],
                [
                  -70.17674198679295,
                  -19.699447162208,
                  0
                ],
                [
                  -70.1597464286435,
                  -19.73475346954301,
                  0
                ],
                [
                  -70.16355578114467,
                  -19.7629388344052,
                  0
                ],
                [
                  -70.16624630350216,
                  -19.83112954171149,
                  0
                ],
                [
                  -70.15906258036343,
                  -19.858569005578,
                  0
                ],
                [
                  -70.14864827707211,
                  -19.9058937992953,
                  0
                ],
                [
                  -70.13652144421803,
                  -19.99787439562897,
                  0
                ],
                [
                  -70.13243037539989,
                  -20.03487648963658,
                  0
                ],
                [
                  -70.13875910450437,
                  -20.06488637465251,
                  0
                ],
                [
                  -70.13177388947062,
                  -20.09618449856934,
                  0
                ],
                [
                  -70.14413972772175,
                  -20.13307428334919,
                  0
                ],
                [
                  -70.15696306374095,
                  -20.16073052686785,
                  0
                ],
                [
                  -70.14263345698433,
                  -20.18141571425958,
                  0
                ],
                [
                  -70.14308547302828,
                  -20.19863180403855,
                  0
                ],
                [
                  -70.15795921070844,
                  -20.19761695820872,
                  0
                ],
                [
                  -70.16345840140738,
                  -20.20155096595236,
                  0
                ],
                [
                  -70.16585237476953,
                  -20.21322702447699,
                  0
                ],
                [
                  -70.15464207418408,
                  -20.23727623032502,
                  0
                ],
                [
                  -70.13493609039689,
                  -20.26819687857233,
                  0
                ],
                [
                  -70.14790049124477,
                  -20.32771217122419,
                  0
                ],
                [
                  -70.17753863429488,
                  -20.34919832093547,
                  0
                ],
                [
                  -70.19194313849943,
                  -20.36683906359076,
                  0
                ],
                [
                  -70.16650147749942,
                  -20.44811358759076,
                  0
                ],
                [
                  -70.20561501349943,
                  -20.52813463659076,
                  0
                ],
                [
                  -70.20091903725081,
                  -20.64725404522456,
                  0
                ],
                [
                  -70.20545225349943,
                  -20.73939765759076,
                  0
                ],
                [
                  -70.21097835850274,
                  -20.82012630403886,
                  0
                ],
                [
                  -70.18338108549943,
                  -20.82860751859076,
                  0
                ],
                [
                  -70.15382185149943,
                  -20.85625507659076,
                  0
                ],
                [
                  -70.12727756449942,
                  -20.93531953459076,
                  0
                ],
                [
                  -70.16809873749942,
                  -20.99704739759076,
                  0
                ],
                [
                  -70.16423742449943,
                  -21.04054247059076,
                  0
                ],
                [
                  -70.12711666449943,
                  -21.08924723359076,
                  0
                ],
                [
                  -70.13054177149942,
                  -21.12400052259076,
                  0
                ],
                [
                  -70.07990955049942,
                  -21.23336954459077,
                  0
                ],
                [
                  -70.06848936249942,
                  -21.30588528759076,
                  0
                ],
                [
                  -70.09392067749943,
                  -21.34551744959076,
                  0
                ],
                [
                  -70.05851001749943,
                  -21.43342201659076,
                  0
                ],
                [
                  -70.08273089849942,
                  -21.48337552259076,
                  0
                ],
                [
                  -70.07122999149942,
                  -21.52260037359076,
                  0
                ],
                [
                  -70.10345984349942,
                  -21.60874328759076,
                  0
                ],
                [
                  -70.15178200549943,
                  -21.66485338659076,
                  0
                ],
                [
                  -70.14986957049943,
                  -21.86203763159076,
                  0
                ],
                [
                  -70.19194313849943,
                  -21.88441718859076,
                  0
                ],
                [
                  -70.17143532549943,
                  -21.93210599059076,
                  0
                ],
                [
                  -70.19991839849942,
                  -22.00559231859076,
                  0
                ],
                [
                  -70.18986794349942,
                  -22.05979153759076,
                  0
                ],
                [
                  -70.21306130249943,
                  -22.08298489759076,
                  0
                ],
                [
                  -70.23531878949943,
                  -22.29815416759076,
                  0
                ],
                [
                  -70.24801410249943,
                  -22.32761380359076,
                  0
                ],
                [
                  -70.25403623749942,
                  -22.45668281359076,
                  0
                ],
                [
                  -70.24296852949942,
                  -22.49655911559076,
                  0
                ],
                [
                  -70.27836891949943,
                  -22.55678046959076,
                  0
                ],
                [
                  -70.26949847749943,
                  -22.61960599059076,
                  0
                ],
                [
                  -70.28756488349943,
                  -22.63165026159076,
                  0
                ],
                [
                  -70.28093239649942,
                  -22.69528958459076,
                  0
                ],
                [
                  -70.31238584649942,
                  -22.79066718859076,
                  0
                ],
                [
                  -70.28756488349943,
                  -22.86814114759076,
                  0
                ],
                [
                  -70.29684222749943,
                  -22.91778307459076,
                  0
                ],
                [
                  -70.32731911549942,
                  -22.95684557459075,
                  0
                ],
                [
                  -70.33696266949943,
                  -23.00266263159076,
                  0
                ],
                [
                  -70.37267442849942,
                  -23.05091877359076,
                  0
                ],
                [
                  -70.45056656449943,
                  -23.09711995159076,
                  0
                ],
                [
                  -70.48420123749943,
                  -23.08607869359076,
                  0
                ],
                [
                  -70.50598936249942,
                  -23.01006823059076,
                  0
                ],
                [
                  -70.56206032549943,
                  -23.05987291759076,
                  0
                ],
                [
                  -70.58050018649942,
                  -23.10836530759076,
                  0
                ],
                [
                  -70.56498420349942,
                  -23.13103928559076,
                  0
                ],
                [
                  -70.56761048849943,
                  -23.20026677459076,
                  0
                ],
                [
                  -70.59993850549942,
                  -23.24426973259076,
                  0
                ],
                [
                  -70.59135720049943,
                  -23.32631171959076,
                  0
                ],
                [
                  -70.60444835149943,
                  -23.35732795959076,
                  0
                ],
                [
                  -70.58488747449942,
                  -23.42364244959076,
                  0
                ],
                [
                  -70.61369606849942,
                  -23.44724270959076,
                  0
                ],
                [
                  -70.60564486549943,
                  -23.51069766159076,
                  0
                ],
                [
                  -70.53913009549943,
                  -23.53231764059077,
                  0
                ],
                [
                  -70.49679807349943,
                  -23.46951687459076,
                  0
                ],
                [
                  -70.41289983949943,
                  -23.51129724759076,
                  0
                ],
                [
                  -70.39055153649943,
                  -23.57696276159076,
                  0
                ],
                [
                  -70.40507790449942,
                  -23.65085599059076,
                  0
                ],
                [
                  -70.43901345049943,
                  -23.71408841259076,
                  0
                ],
                [
                  -70.49833962249943,
                  -23.78464505359076,
                  0
                ],
                [
                  -70.49427061249942,
                  -23.83762356859076,
                  0
                ],
                [
                  -70.51311013049943,
                  -23.85910794359076,
                  0
                ],
                [
                  -70.50041481849942,
                  -23.91273750159077,
                  0
                ],
                [
                  -70.52617165449942,
                  -23.99631497559076,
                  0
                ],
                [
                  -70.50012998749942,
                  -24.09747057459076,
                  0
                ],
                [
                  -70.51936660849942,
                  -24.12386629159076,
                  0
                ],
                [
                  -70.50591291749943,
                  -24.16742533159076,
                  0
                ],
                [
                  -70.53040342449943,
                  -24.24476875159077,
                  0
                ],
                [
                  -70.53269932249943,
                  -24.30577616559076,
                  0
                ],
                [
                  -70.55351540449942,
                  -24.36488593859076,
                  0
                ],
                [
                  -70.54173252549943,
                  -24.41527322159076,
                  0
                ],
                [
                  -70.58264951849942,
                  -24.52487942859076,
                  0
                ],
                [
                  -70.55461403649943,
                  -24.60593411559076,
                  0
                ],
                [
                  -70.57622048249942,
                  -24.65329739759076,
                  0
                ],
                [
                  -70.57622048249942,
                  -24.73174791759076,
                  0
                ],
                [
                  -70.52080056049942,
                  -24.91908515759076,
                  0
                ],
                [
                  -70.47254209649942,
                  -24.97531888159077,
                  0
                ],
                [
                  -70.49699684949942,
                  -25.10430651159076,
                  0
                ],
                [
                  -70.44890114649942,
                  -25.15297187659076,
                  0
                ],
                [
                  -70.43681618549942,
                  -25.19349921959076,
                  0
                ],
                [
                  -70.44462868549942,
                  -25.34494778759076,
                  0
                ],
                [
                  -70.46472959649942,
                  -25.38246406359077,
                  0
                ],
                [
                  -70.51347634149943,
                  -25.38637031359076,
                  0
                ],
                [
                  -70.53072894549943,
                  -25.45684557459076,
                  0
                ],
                [
                  -70.62268858149943,
                  -25.50420885559076,
                  0
                ],
                [
                  -70.65125303449943,
                  -25.54082994959077,
                  0
                ],
                [
                  -70.63458981349943,
                  -25.62554695459076,
                  0
                ],
                [
                  -70.69226865949943,
                  -25.69138333459076,
                  0
                ],
                [
                  -70.71017230549943,
                  -25.83542630359076,
                  0
                ],
                [
                  -70.69650043049943,
                  -25.88523099059076,
                  0
                ],
                [
                  -70.64873024749943,
                  -25.94366198059076,
                  0
                ],
                [
                  -70.63054177149942,
                  -26.00957994959076,
                  0
                ],
                [
                  -70.65947243549942,
                  -26.07256823059076,
                  0
                ],
                [
                  -70.67176084649942,
                  -26.16086575659076,
                  0
                ],
                [
                  -70.64807920649943,
                  -26.23581692859076,
                  0
                ],
                [
                  -70.68125851749943,
                  -26.30454045059077,
                  0
                ],
                [
                  -70.64222798849943,
                  -26.31537552559076,
                  0
                ],
                [
                  -70.66645117449943,
                  -26.38531378459076,
                  0
                ],
                [
                  -70.69910459649942,
                  -26.39304349059076,
                  0
                ],
                [
                  -70.68644997449942,
                  -26.45652005359076,
                  0
                ],
                [
                  -70.70646950549943,
                  -26.49289700659076,
                  0
                ],
                [
                  -70.69226865949943,
                  -26.54441067859076,
                  0
                ],
                [
                  -70.73015114649942,
                  -26.68186185059076,
                  0
                ],
                [
                  -70.75598936249942,
                  -26.71368151159076,
                  0
                ],
                [
                  -70.73228202249943,
                  -26.74932512759076,
                  0
                ],
                [
                  -70.78585589849942,
                  -26.78806302259076,
                  0
                ],
                [
                  -70.82255837249943,
                  -26.88702135559076,
                  0
                ],
                [
                  -70.78846006549942,
                  -26.99631497559076,
                  0
                ],
                [
                  -70.84855934949942,
                  -27.04807278759076,
                  0
                ],
                [
                  -70.87065407549943,
                  -27.11789700659076,
                  0
                ],
                [
                  -70.94112933649943,
                  -27.11342109459076,
                  0
                ],
                [
                  -70.95976540449942,
                  -27.16143541759076,
                  0
                ],
                [
                  -70.95471983149943,
                  -27.24362942859076,
                  0
                ],
                [
                  -70.93250303449943,
                  -27.29807278759076,
                  0
                ],
                [
                  -70.94560524749943,
                  -27.37188463659076,
                  0
                ],
                [
                  -70.91716286549942,
                  -27.41517890759076,
                  0
                ],
                [
                  -70.89148740949943,
                  -27.49314114759076,
                  0
                ],
                [
                  -70.91838356849942,
                  -27.54392239759076,
                  0
                ],
                [
                  -70.91223936249942,
                  -27.62188463659076,
                  0
                ],
                [
                  -70.95231911549942,
                  -27.66110989759076,
                  0
                ],
                [
                  -71.03850075549943,
                  -27.66648099059076,
                  0
                ],
                [
                  -71.04851052149942,
                  -27.72312161559076,
                  0
                ],
                [
                  -71.07858050849943,
                  -27.78073880359076,
                  0
                ],
                [
                  -71.09697243549942,
                  -27.87400052259076,
                  0
                ],
                [
                  -71.13790668049943,
                  -27.94602200659076,
                  0
                ],
                [
                  -71.14714333349943,
                  -28.04896796959076,
                  0
                ],
                [
                  -71.17290016949943,
                  -28.09299466259076,
                  0
                ],
                [
                  -71.15690895849943,
                  -28.14288073059076,
                  0
                ],
                [
                  -71.17204567749943,
                  -28.26779935059076,
                  0
                ],
                [
                  -71.19340798249942,
                  -28.29441067859077,
                  0
                ],
                [
                  -71.17375466149943,
                  -28.36065416759076,
                  0
                ],
                [
                  -71.21017230549943,
                  -28.44675442859076,
                  0
                ],
                [
                  -71.26970192749943,
                  -28.48606106859076,
                  0
                ],
                [
                  -71.26990537849943,
                  -28.54050442859076,
                  0
                ],
                [
                  -71.31242653649943,
                  -28.58347317859076,
                  0
                ],
                [
                  -71.28748350349943,
                  -28.61895494959076,
                  0
                ],
                [
                  -71.30168434949942,
                  -28.67494453259076,
                  0
                ],
                [
                  -71.35763324249943,
                  -28.72377265759076,
                  0
                ],
                [
                  -71.39116188849943,
                  -28.79953763159076,
                  0
                ],
                [
                  -71.48759743549942,
                  -28.84519192859076,
                  0
                ],
                [
                  -71.52177712249943,
                  -28.94016263159076,
                  0
                ],
                [
                  -71.48735329449943,
                  -29.03562161559076,
                  0
                ],
                [
                  -71.48190082049943,
                  -29.09348294359076,
                  0
                ],
                [
                  -71.49410785249943,
                  -29.19268541759077,
                  0
                ],
                [
                  -71.46920550849943,
                  -29.22881823059076,
                  0
                ],
                [
                  -71.37590309949942,
                  -29.28244778759076,
                  0
                ],
                [
                  -71.34697243549942,
                  -29.31687161559076,
                  0
                ],
                [
                  -71.33586403649943,
                  -29.38108060059076,
                  0
                ],
                [
                  -71.30705544349942,
                  -29.42120104259076,
                  0
                ],
                [
                  -71.33586403649943,
                  -29.52504218859076,
                  0
                ],
                [
                  -71.32316872449942,
                  -29.56784817859076,
                  0
                ],
                [
                  -71.28789040449942,
                  -29.60316718859076,
                  0
                ],
                [
                  -71.32288389349942,
                  -29.65598294359076,
                  0
                ],
                [
                  -71.33574196649943,
                  -29.72816718859076,
                  0
                ],
                [
                  -71.32394183649943,
                  -29.78733060059076,
                  0
                ],
                [
                  -71.28190895849943,
                  -29.85088854259076,
                  0
                ],
                [
                  -71.28642556049942,
                  -29.91029609459076,
                  0
                ],
                [
                  -71.31946592449943,
                  -29.94333645959076,
                  0
                ],
                [
                  -71.41228005249943,
                  -29.99183906359076,
                  0
                ],
                [
                  -71.38221006549942,
                  -30.04611966259075,
                  0
                ],
                [
                  -71.38237282549943,
                  -30.14776354259076,
                  0
                ],
                [
                  -71.44572731849942,
                  -30.16241198059076,
                  0
                ],
                [
                  -71.51738259149943,
                  -30.27862291759077,
                  0
                ],
                [
                  -71.56214170649943,
                  -30.28733060059076,
                  0
                ],
                [
                  -71.63904600349943,
                  -30.25225573059076,
                  0
                ],
                [
                  -71.67664365949943,
                  -30.34258776159076,
                  0
                ],
                [
                  -71.68596169349942,
                  -30.44984687659077,
                  0
                ],
                [
                  -71.70329567749943,
                  -30.50860338659077,
                  0
                ],
                [
                  -71.69471006549942,
                  -30.54489895959076,
                  0
                ],
                [
                  -71.71326475349943,
                  -30.61496731859077,
                  0
                ],
                [
                  -71.69877907549943,
                  -30.70896145959076,
                  0
                ],
                [
                  -71.70707985749942,
                  -30.77951810059076,
                  0
                ],
                [
                  -71.67770160249943,
                  -30.91908515759076,
                  0
                ],
                [
                  -71.65475238349943,
                  -30.97605130359076,
                  0
                ],
                [
                  -71.65255511749943,
                  -31.06898750159077,
                  0
                ],
                [
                  -71.66765114649942,
                  -31.15053046959076,
                  0
                ],
                [
                  -71.64693988349943,
                  -31.20212552259076,
                  0
                ],
                [
                  -71.60828428449943,
                  -31.42022448059076,
                  0
                ],
                [
                  -71.56926247449942,
                  -31.51926419359077,
                  0
                ],
                [
                  -71.57019834649942,
                  -31.59161119959076,
                  0
                ],
                [
                  -71.51477842449943,
                  -31.77553046959077,
                  0
                ],
                [
                  -71.53943662849943,
                  -31.83770494959077,
                  0
                ],
                [
                  -71.50094378949943,
                  -31.88986966259076,
                  0
                ],
                [
                  -71.52771787849943,
                  -31.91664375159076,
                  0
                ],
                [
                  -71.50753558649943,
                  -31.97751614759076,
                  0
                ],
                [
                  -71.54366839849942,
                  -32.19333645959076,
                  0
                ],
                [
                  -71.53032204449943,
                  -32.22670234459076,
                  0
                ],
                [
                  -71.47604144549943,
                  -32.27756497559076,
                  0
                ],
                [
                  -71.46407855549943,
                  -32.33518216259076,
                  0
                ],
                [
                  -71.41228005249943,
                  -32.36960599059076,
                  0
                ],
                [
                  -71.43950173249942,
                  -32.48508450659077,
                  0
                ],
                [
                  -71.47652972749943,
                  -32.53529609459076,
                  0
                ],
                [
                  -71.45455707049943,
                  -32.57305651159076,
                  0
                ],
                [
                  -71.44572731849942,
                  -32.64279935059076,
                  0
                ],
                [
                  -71.46529925849943,
                  -32.69952135559076,
                  0
                ],
                [
                  -71.50655902349942,
                  -32.71091458459076,
                  0
                ],
                [
                  -71.50094378949943,
                  -32.76682278759076,
                  0
                ],
                [
                  -71.54773740949943,
                  -32.79555000159076,
                  0
                ],
                [
                  -71.51811501349943,
                  -32.87318671959076,
                  0
                ],
                [
                  -71.54838845049943,
                  -32.92201484459076,
                  0
                ],
                [
                  -71.56804177149942,
                  -33.00193020959076,
                  0
                ],
                [
                  -71.64555641949943,
                  -33.01902005359076,
                  0
                ],
                [
                  -71.69015277349942,
                  -33.08567044359076,
                  0
                ],
                [
                  -71.76168597749943,
                  -33.10202786559076,
                  0
                ],
                [
                  -71.72014138049943,
                  -33.16762031359077,
                  0
                ],
                [
                  -71.70707985749942,
                  -33.24672187659076,
                  0
                ],
                [
                  -71.67591123749942,
                  -33.30100247559076,
                  0
                ],
                [
                  -71.67200498749942,
                  -33.35861966259076,
                  0
                ],
                [
                  -71.70707985749942,
                  -33.38995104259077,
                  0
                ],
                [
                  -71.70573708349943,
                  -33.43438463659076,
                  0
                ],
                [
                  -71.64059222749943,
                  -33.50062812659076,
                  0
                ],
                [
                  -71.62447894549943,
                  -33.54148099059076,
                  0
                ],
                [
                  -71.64645160249943,
                  -33.57907864759076,
                  0
                ],
                [
                  -71.65418272149942,
                  -33.65655260559076,
                  0
                ],
                [
                  -71.68746722749943,
                  -33.72092435059076,
                  0
                ],
                [
                  -71.75346657549943,
                  -33.76096341259076,
                  0
                ],
                [
                  -71.80790993549942,
                  -33.77699531359077,
                  0
                ],
                [
                  -71.83513161549942,
                  -33.82647448059076,
                  0
                ],
                [
                  -71.86007464849942,
                  -33.91192369959077,
                  0
                ],
                [
                  -71.90507790449942,
                  -33.97287747559076,
                  0
                ],
                [
                  -71.96033506549942,
                  -34.07533515759076,
                  0
                ],
                [
                  -72.02665993549942,
                  -34.16273750159076,
                  0
                ],
                [
                  -71.99504372449942,
                  -34.21254218859077,
                  0
                ],
                [
                  -71.98694639349942,
                  -34.33510078259076,
                  0
                ],
                [
                  -71.99504372449942,
                  -34.37009427259076,
                  0
                ],
                [
                  -72.04790016949943,
                  -34.40394843859077,
                  0
                ],
                [
                  -72.04240700549943,
                  -34.48614244959077,
                  0
                ],
                [
                  -72.05705544349942,
                  -34.65883125159076,
                  0
                ],
                [
                  -72.10283181049942,
                  -34.76096341259076,
                  0
                ],
                [
                  -72.18762998749942,
                  -34.88555651159076,
                  0
                ],
                [
                  -72.20325498749942,
                  -35.04066718859077,
                  0
                ],
                [
                  -72.23039528649943,
                  -35.11618802259076,
                  0
                ],
                [
                  -72.28805316449943,
                  -35.16859687659076,
                  0
                ],
                [
                  -72.36381813849943,
                  -35.20782213659076,
                  0
                ],
                [
                  -72.41964496149943,
                  -35.26820625159076,
                  0
                ],
                [
                  -72.43201475349943,
                  -35.33461250159076,
                  0
                ],
                [
                  -72.48112770849943,
                  -35.36325833459076,
                  0
                ],
                [
                  -72.48784157549943,
                  -35.41843411559076,
                  0
                ],
                [
                  -72.52946755249943,
                  -35.49045560059076,
                  0
                ],
                [
                  -72.64641091149943,
                  -35.56662747559076,
                  0
                ],
                [
                  -72.64897438849943,
                  -35.60739895959076,
                  0
                ],
                [
                  -72.60047178449943,
                  -35.69105781359077,
                  0
                ],
                [
                  -72.58338194049942,
                  -35.77064765759076,
                  0
                ],
                [
                  -72.59778623749942,
                  -35.81019843859077,
                  0
                ],
                [
                  -72.66598285249943,
                  -35.84681953259076,
                  0
                ],
                [
                  -72.68551410249943,
                  -35.88344062659076,
                  0
                ],
                [
                  -72.77995583349943,
                  -35.95261380359076,
                  0
                ],
                [
                  -72.80412575549943,
                  -35.98890937659076,
                  0
                ],
                [
                  -72.78951800849943,
                  -36.02854153759076,
                  0
                ],
                [
                  -72.82365700549943,
                  -36.10072578259076,
                  0
                ],
                [
                  -72.80937477949942,
                  -36.14182278759076,
                  0
                ],
                [
                  -72.83732888049943,
                  -36.17942044359076,
                  0
                ],
                [
                  -72.82365700549943,
                  -36.26511380359076,
                  0
                ],
                [
                  -72.83216123749942,
                  -36.30808255359076,
                  0
                ],
                [
                  -72.92509743549942,
                  -36.51055651159076,
                  0
                ],
                [
                  -72.98792295649943,
                  -36.52902981859076,
                  0
                ],
                [
                  -73.0076342009758,
                  -36.57890408048138,
                  0
                ],
                [
                  -72.98228370051702,
                  -36.62642640596218,
                  0
                ],
                [
                  -73.00183897149942,
                  -36.71384427259076,
                  0
                ],
                [
                  -73.07003558649943,
                  -36.71384427259076,
                  0
                ],
                [
                  -73.03974597826202,
                  -36.6012703399776,
                  0
                ],
                [
                  -73.12625899688473,
                  -36.60941268868884,
                  0
                ],
                [
                  -73.1833638819023,
                  -36.7264925647948,
                  0
                ],
                [
                  -73.23201893228838,
                  -36.78032892484942,
                  0
                ],
                [
                  -73.18699976124103,
                  -36.81066904607106,
                  0
                ],
                [
                  -73.17029552700274,
                  -36.8383295062657,
                  0
                ],
                [
                  -73.17744468465443,
                  -36.95000963659076,
                  0
                ],
                [
                  -73.20063804365442,
                  -36.99443106901803,
                  0
                ],
                [
                  -73.17314431049942,
                  -37.07639310059076,
                  0
                ],
                [
                  -73.20887022149942,
                  -37.16029609459076,
                  0
                ],
                [
                  -73.28239724049942,
                  -37.21408841259076,
                  0
                ],
                [
                  -73.40320615949943,
                  -37.23663073059076,
                  0
                ],
                [
                  -73.43883176823438,
                  -37.2051239378822,
                  0
                ],
                [
                  -73.59210760428032,
                  -37.13809413167501,
                  0
                ],
                [
                  -73.65755621354486,
                  -37.20408268297631,
                  0
                ],
                [
                  -73.67668907793814,
                  -37.27919916490831,
                  0
                ],
                [
                  -73.6851818961787,
                  -37.32887675864425,
                  0
                ],
                [
                  -73.69256613247187,
                  -37.37542548041645,
                  0
                ],
                [
                  -73.62097291217869,
                  -37.41529971521278,
                  0
                ],
                [
                  -73.60393044349942,
                  -37.51242825659077,
                  0
                ],
                [
                  -73.67745746149943,
                  -37.57940416759077,
                  0
                ],
                [
                  -73.68767067749943,
                  -37.62172187659076,
                  0
                ],
                [
                  -73.66598285249943,
                  -37.66281888159077,
                  0
                ],
                [
                  -73.67757284617943,
                  -37.72456273710333,
                  0
                ],
                [
                  -73.63155233917871,
                  -37.76195394963757,
                  0
                ],
                [
                  -73.51503132655299,
                  -37.9354248322551,
                  0
                ],
                [
                  -73.48513961067658,
                  -38.01613199886421,
                  0
                ],
                [
                  -73.46261371149943,
                  -38.09177395959076,
                  0
                ],
                [
                  -73.48161599049942,
                  -38.21807604259077,
                  0
                ],
                [
                  -73.52047503949943,
                  -38.26706692859076,
                  0
                ],
                [
                  -73.50891904949943,
                  -38.31654609459076,
                  0
                ],
                [
                  -73.54309873749942,
                  -38.42071276159076,
                  0
                ],
                [
                  -73.52047503949943,
                  -38.52162421959076,
                  0
                ],
                [
                  -73.48304014349942,
                  -38.63750963659076,
                  0
                ],
                [
                  -73.43323545649943,
                  -38.68698880359076,
                  0
                ],
                [
                  -73.36113259149943,
                  -38.91387682459077,
                  0
                ],
                [
                  -73.28325173249942,
                  -39.07533515759076,
                  0
                ],
                [
                  -73.25192035249943,
                  -39.17795560059076,
                  0
                ],
                [
                  -73.20964333349943,
                  -39.19382474059076,
                  0
                ],
                [
                  -73.23515602949942,
                  -39.24932604259077,
                  0
                ],
                [
                  -73.22091449249943,
                  -39.34177395959076,
                  0
                ],
                [
                  -73.24484027349942,
                  -39.39035794359076,
                  0
                ],
                [
                  -73.24138161549942,
                  -39.48956041759077,
                  0
                ],
                [
                  -73.29777809949942,
                  -39.58274075659077,
                  0
                ],
                [
                  -73.40589170649943,
                  -39.69496406359077,
                  0
                ],
                [
                  -73.37858864649942,
                  -39.74281562659076,
                  0
                ],
                [
                  -73.40174131549942,
                  -39.80417630359076,
                  0
                ],
                [
                  -73.37553688849943,
                  -39.85772448059076,
                  0
                ],
                [
                  -73.45821918049943,
                  -39.83379869959077,
                  0
                ],
                [
                  -73.51689431049942,
                  -39.88767239759076,
                  0
                ],
                [
                  -73.68303200549943,
                  -39.94252265759076,
                  0
                ],
                [
                  -73.71399717449943,
                  -39.97849270959076,
                  0
                ],
                [
                  -73.67338845049943,
                  -40.03090156359077,
                  0
                ],
                [
                  -73.65979795649943,
                  -40.10959622559076,
                  0
                ],
                [
                  -73.69763975349943,
                  -40.12644192859076,
                  0
                ],
                [
                  -73.73483050849943,
                  -40.17478177259076,
                  0
                ],
                [
                  -73.72124001349943,
                  -40.20896145959076,
                  0
                ],
                [
                  -73.74581683649943,
                  -40.24948880359076,
                  0
                ],
                [
                  -73.76213356849942,
                  -40.39027656359077,
                  0
                ],
                [
                  -73.78072894549943,
                  -40.43731432459077,
                  0
                ],
                [
                  -73.72831273749942,
                  -40.54422469759076,
                  0
                ],
                [
                  -73.76051654749942,
                  -40.60780335159076,
                  0
                ],
                [
                  -73.84131031249943,
                  -40.66675129959076,
                  0
                ],
                [
                  -73.80870036149943,
                  -40.70603048259076,
                  0
                ],
                [
                  -73.86199423549942,
                  -40.76475879359077,
                  0
                ],
                [
                  -73.89304486249942,
                  -40.86382697859077,
                  0
                ],
                [
                  -73.85445544849942,
                  -40.91620727459076,
                  0
                ],
                [
                  -73.94671931749943,
                  -40.97288513259076,
                  0
                ],
                [
                  -73.91947983349942,
                  -41.15274247059077,
                  0
                ],
                [
                  -73.89477283049943,
                  -41.18448169959076,
                  0
                ],
                [
                  -73.84103178249943,
                  -41.33286507659076,
                  0
                ],
                [
                  -73.85365451849943,
                  -41.42216281859076,
                  0
                ],
                [
                  -73.81351025749943,
                  -41.49710880559076,
                  0
                ],
                [
                  -73.79798154949943,
                  -41.56573229259077,
                  0
                ],
                [
                  -73.69389626349943,
                  -41.59242500159076,
                  0
                ],
                [
                  -73.69993103449943,
                  -41.68186966659076,
                  0
                ],
                [
                  -73.73515602949942,
                  -41.75453437659076,
                  0
                ],
                [
                  -73.65979795649943,
                  -41.75754544359076,
                  0
                ],
                [
                  -73.51485980549943,
                  -41.80368802259076,
                  0
                ],
                [
                  -73.42696918049943,
                  -41.77805325659077,
                  0
                ],
                [
                  -73.36300433649943,
                  -41.77357734459076,
                  0
                ],
                [
                  -73.20122048249942,
                  -41.78480781359077,
                  0
                ],
                [
                  -73.14152809949942,
                  -41.75485989759076,
                  0
                ],
                [
                  -73.09953591149943,
                  -41.71058906359077,
                  0
                ],
                [
                  -73.05900856849942,
                  -41.69748685059076,
                  0
                ],
                [
                  -73.07434873749942,
                  -41.63685859459076,
                  0
                ],
                [
                  -73.11170225349943,
                  -41.58624010559076,
                  0
                ],
                [
                  -73.03539146749942,
                  -41.55688732659076,
                  0
                ],
                [
                  -73.02187796749942,
                  -41.51470676359077,
                  0
                ],
                [
                  -72.95707985749942,
                  -41.48361966259076,
                  0
                ],
                [
                  -72.88538389349942,
                  -41.51169583459076,
                  0
                ],
                [
                  -72.85368630249943,
                  -41.49721015759076,
                  0
                ],
                [
                  -72.75139138049943,
                  -41.54847968859077,
                  0
                ],
                [
                  -72.69332660249943,
                  -41.61301419359076,
                  0
                ],
                [
                  -72.67729470049943,
                  -41.67364244959077,
                  0
                ],
                [
                  -72.60926084649942,
                  -41.70676419359076,
                  0
                ],
                [
                  -72.41590147149942,
                  -41.65834296959076,
                  0
                ],
                [
                  -72.37248513049943,
                  -41.59014635559076,
                  0
                ],
                [
                  -72.35071592449943,
                  -41.45586901159076,
                  0
                ],
                [
                  -72.30290505249943,
                  -41.52414700659077,
                  0
                ],
                [
                  -72.34151996149943,
                  -41.60023750159076,
                  0
                ],
                [
                  -72.33940407549943,
                  -41.64694974059076,
                  0
                ],
                [
                  -72.41590147149942,
                  -41.69235989759076,
                  0
                ],
                [
                  -72.56930316449943,
                  -41.73060859459076,
                  0
                ],
                [
                  -72.64494606849942,
                  -41.72287747559076,
                  0
                ],
                [
                  -72.80900856849942,
                  -41.84519192859076,
                  0
                ],
                [
                  -72.86341123749942,
                  -41.90598294359076,
                  0
                ],
                [
                  -72.81588519549943,
                  -41.97914375159076,
                  0
                ],
                [
                  -72.73710915449942,
                  -42.01397448059076,
                  0
                ],
                [
                  -72.68649066449943,
                  -41.99721015759076,
                  0
                ],
                [
                  -72.65446755249943,
                  -42.02064765759076,
                  0
                ],
                [
                  -72.58037087249943,
                  -42.03122708459076,
                  0
                ],
                [
                  -72.51701638049943,
                  -41.95098619959077,
                  0
                ],
                [
                  -72.46236957049943,
                  -41.98557278759076,
                  0
                ],
                [
                  -72.48784157549943,
                  -42.06475573059076,
                  0
                ],
                [
                  -72.47522764349942,
                  -42.22312161559076,
                  0
                ],
                [
                  -72.47600075549943,
                  -42.30783841259076,
                  0
                ],
                [
                  -72.44011208349943,
                  -42.35414375159076,
                  0
                ],
                [
                  -72.41960427149942,
                  -42.43967435059076,
                  0
                ],
                [
                  -72.45598122449942,
                  -42.44089505359076,
                  0
                ],
                [
                  -72.55774717449943,
                  -42.21115872559076,
                  0
                ],
                [
                  -72.61975889349942,
                  -42.18479153759076,
                  0
                ],
                [
                  -72.67281878949943,
                  -42.20944974059076,
                  0
                ],
                [
                  -72.80953753949943,
                  -42.24330390759076,
                  0
                ],
                [
                  -72.84355446649943,
                  -42.27829739759076,
                  0
                ],
                [
                  -72.79265114649942,
                  -42.30564114759076,
                  0
                ],
                [
                  -72.76225563849943,
                  -42.38132474059076,
                  0
                ],
                [
                  -72.71595029949943,
                  -42.40061185059076,
                  0
                ],
                [
                  -72.71757790449942,
                  -42.43259427259076,
                  0
                ],
                [
                  -72.67827126349943,
                  -42.47849270959076,
                  0
                ],
                [
                  -72.55827614649942,
                  -42.52487942859076,
                  0
                ],
                [
                  -72.56295550849943,
                  -42.56573229259077,
                  0
                ],
                [
                  -72.67965472749943,
                  -42.50420885559076,
                  0
                ],
                [
                  -72.75338519549943,
                  -42.49192044359076,
                  0
                ],
                [
                  -72.82365700549943,
                  -42.50420885559076,
                  0
                ],
                [
                  -72.85661599049942,
                  -42.55596666759077,
                  0
                ],
                [
                  -72.86467263049943,
                  -42.62090807459077,
                  0
                ],
                [
                  -72.82890602949942,
                  -42.65264635559076,
                  0
                ],
                [
                  -72.86467263049943,
                  -42.69659166759077,
                  0
                ],
                [
                  -72.86467263049943,
                  -42.75127916759077,
                  0
                ],
                [
                  -72.84200824249943,
                  -42.83811185059076,
                  0
                ],
                [
                  -72.74695615949943,
                  -42.90980781359077,
                  0
                ],
                [
                  -72.76087217449943,
                  -43.00909166759077,
                  0
                ],
                [
                  -72.86467263049943,
                  -43.01877591259076,
                  0
                ],
                [
                  -72.93425270849943,
                  -43.09828437659076,
                  0
                ],
                [
                  -72.91305316449943,
                  -43.16908515759076,
                  0
                ],
                [
                  -72.91199522149942,
                  -43.23549140759076,
                  0
                ],
                [
                  -73.05554990949943,
                  -43.28871406359077,
                  0
                ],
                [
                  -73.08439919349942,
                  -43.31638333459076,
                  0
                ],
                [
                  -73.08509092449943,
                  -43.38254544359076,
                  0
                ],
                [
                  -73.11113259149943,
                  -43.46107734459076,
                  0
                ],
                [
                  -73.02584613349943,
                  -43.58672838659076,
                  0
                ],
                [
                  -72.97282692749943,
                  -43.62139635559076,
                  0
                ],
                [
                  -72.98767881549942,
                  -43.66648099059076,
                  0
                ],
                [
                  -73.04338356849942,
                  -43.69602200659077,
                  0
                ],
                [
                  -73.04570290449942,
                  -43.72849270959076,
                  0
                ],
                [
                  -72.97917458349943,
                  -43.76120755359076,
                  0
                ],
                [
                  -72.87512998749942,
                  -43.74346666759077,
                  0
                ],
                [
                  -72.87211891949943,
                  -43.77911119959077,
                  0
                ],
                [
                  -72.92668434949942,
                  -43.78733060059076,
                  0
                ],
                [
                  -72.96708962249943,
                  -43.82012682459077,
                  0
                ],
                [
                  -73.01982399749943,
                  -43.80832669359076,
                  0
                ],
                [
                  -73.06328102949942,
                  -43.90207669359076,
                  0
                ],
                [
                  -73.13896462249943,
                  -43.98516588659076,
                  0
                ],
                [
                  -73.13261696649943,
                  -44.04864244959077,
                  0
                ],
                [
                  -73.22091449249943,
                  -44.07736966259076,
                  0
                ],
                [
                  -73.27755511749943,
                  -44.11008450659077,
                  0
                ],
                [
                  -73.28341449249943,
                  -44.17413073059076,
                  0
                ],
                [
                  -73.13896462249943,
                  -44.21058906359077,
                  0
                ],
                [
                  -73.15935036549942,
                  -44.26047513159077,
                  0
                ],
                [
                  -73.05139951849942,
                  -44.27341458459076,
                  0
                ],
                [
                  -72.92639951849942,
                  -44.32061510559076,
                  0
                ],
                [
                  -72.93356097749943,
                  -44.36472317859076,
                  0
                ],
                [
                  -72.68657204449943,
                  -44.48850247559076,
                  0
                ],
                [
                  -72.66069313849943,
                  -44.43259427259076,
                  0
                ],
                [
                  -72.59778623749942,
                  -44.50534817859076,
                  0
                ],
                [
                  -72.67965472749943,
                  -44.54359687659076,
                  0
                ],
                [
                  -72.70341774749943,
                  -44.63441718859077,
                  0
                ],
                [
                  -72.72897113349943,
                  -44.66566718859077,
                  0
                ],
                [
                  -72.70984678449943,
                  -44.71742500159076,
                  0
                ],
                [
                  -72.72746559949942,
                  -44.75860338659076,
                  0
                ],
                [
                  -72.80986306049942,
                  -44.76779935059076,
                  0
                ],
                [
                  -72.91459938849943,
                  -44.84787747559076,
                  0
                ],
                [
                  -72.99809548249942,
                  -44.86163073059076,
                  0
                ],
                [
                  -73.11691058649943,
                  -44.94838203259076,
                  0
                ],
                [
                  -73.17989886749943,
                  -44.94415026159076,
                  0
                ],
                [
                  -73.23417946649943,
                  -44.96530911559076,
                  0
                ],
                [
                  -73.34807106849942,
                  -44.95782213659076,
                  0
                ],
                [
                  -73.39759092449943,
                  -44.98825833459076,
                  0
                ],
                [
                  -73.40589170649943,
                  -45.02610013159077,
                  0
                ],
                [
                  -73.30424782549943,
                  -45.14483385559076,
                  0
                ],
                [
                  -73.33077777349942,
                  -45.17754869959077,
                  0
                ],
                [
                  -73.43693825549943,
                  -45.19065091259076,
                  0
                ],
                [
                  -73.46049782549943,
                  -45.26633450659077,
                  0
                ],
                [
                  -73.42501605549943,
                  -45.28773750159076,
                  0
                ],
                [
                  -73.32878395849943,
                  -45.28399401159076,
                  0
                ],
                [
                  -73.25647764349942,
                  -45.24826810059076,
                  0
                ],
                [
                  -73.17648089849942,
                  -45.28171536559077,
                  0
                ],
                [
                  -73.07890602949942,
                  -45.35479479259076,
                  0
                ],
                [
                  -72.98133115949943,
                  -45.40101875159076,
                  0
                ],
                [
                  -72.92473122449942,
                  -45.40736640759076,
                  0
                ],
                [
                  -72.85828428449943,
                  -45.38930000159076,
                  0
                ],
                [
                  -72.83045225349943,
                  -45.41810859459076,
                  0
                ],
                [
                  -72.85934222749943,
                  -45.46449531359077,
                  0
                ],
                [
                  -73.01412738349943,
                  -45.44480130359076,
                  0
                ],
                [
                  -73.16179177149942,
                  -45.36569974059076,
                  0
                ],
                [
                  -73.20846332049943,
                  -45.30222317859076,
                  0
                ],
                [
                  -73.32752256549942,
                  -45.34096015759076,
                  0
                ],
                [
                  -73.42228981849942,
                  -45.41957343859077,
                  0
                ],
                [
                  -73.47490212249943,
                  -45.42461901159076,
                  0
                ],
                [
                  -73.51713845049943,
                  -45.46042630359075,
                  0
                ],
                [
                  -73.54212217449943,
                  -45.58152005359076,
                  0
                ],
                [
                  -73.56515277349942,
                  -45.63262682459077,
                  0
                ],
                [
                  -73.57499977949942,
                  -45.72328437659077,
                  0
                ],
                [
                  -73.48946918049943,
                  -45.72670234459076,
                  0
                ],
                [
                  -73.42013324249943,
                  -45.64987942859076,
                  0
                ],
                [
                  -73.32707497449942,
                  -45.61911770959076,
                  0
                ],
                [
                  -73.29602842449943,
                  -45.64987942859076,
                  0
                ],
                [
                  -73.40190407549943,
                  -45.70196276159076,
                  0
                ],
                [
                  -73.53683246149943,
                  -45.80417630359076,
                  0
                ],
                [
                  -73.55465472749943,
                  -45.87766263159078,
                  0
                ],
                [
                  -73.60942360749942,
                  -45.90313463659076,
                  0
                ],
                [
                  -73.62175270849943,
                  -45.95041653759075,
                  0
                ],
                [
                  -73.66036761749943,
                  -45.97572578259076,
                  0
                ],
                [
                  -73.64954404949943,
                  -46.05051419359076,
                  0
                ],
                [
                  -73.61882302149942,
                  -46.10235338659076,
                  0
                ],
                [
                  -73.64791644549943,
                  -46.19480130359077,
                  0
                ],
                [
                  -73.69161761749943,
                  -46.25648750159076,
                  0
                ],
                [
                  -73.68767067749943,
                  -46.32207994959077,
                  0
                ],
                [
                  -73.59965798249942,
                  -46.24680325659076,
                  0
                ],
                [
                  -73.57613910249943,
                  -46.20188138159077,
                  0
                ],
                [
                  -73.52373024749943,
                  -46.17527005359075,
                  0
                ],
                [
                  -73.58000466149943,
                  -46.31027981859076,
                  0
                ],
                [
                  -73.67208636749943,
                  -46.35959622559076,
                  0
                ],
                [
                  -73.74215472749943,
                  -46.42103828259076,
                  0
                ],
                [
                  -73.83142881549942,
                  -46.57793932459077,
                  0
                ],
                [
                  -73.92436501349943,
                  -46.59698229259076,
                  0
                ],
                [
                  -73.98898089849942,
                  -46.55979153759076,
                  0
                ],
                [
                  -73.91232074249943,
                  -46.46888984459077,
                  0
                ],
                [
                  -73.85771462249943,
                  -46.43080390759076,
                  0
                ],
                [
                  -73.79399391949943,
                  -46.36163073059076,
                  0
                ],
                [
                  -73.76213356849942,
                  -46.27365872559076,
                  0
                ],
                [
                  -73.76966123749942,
                  -46.23459622559076,
                  0
                ],
                [
                  -73.85771462249943,
                  -46.18430325659076,
                  0
                ],
                [
                  -73.88164040449942,
                  -46.14182278759076,
                  0
                ],
                [
                  -73.98556293049943,
                  -46.15362291759077,
                  0
                ],
                [
                  -74.01603981849942,
                  -46.21848294359076,
                  0
                ],
                [
                  -73.95280739649942,
                  -46.23158515759075,
                  0
                ],
                [
                  -73.94133278649943,
                  -46.30499010559076,
                  0
                ],
                [
                  -74.02625303449943,
                  -46.28676093859077,
                  0
                ],
                [
                  -74.07703428449943,
                  -46.20383450659078,
                  0
                ],
                [
                  -73.97038552149942,
                  -46.08420560059076,
                  0
                ],
                [
                  -73.98186013049943,
                  -46.02976224059076,
                  0
                ],
                [
                  -74.02983376349943,
                  -46.00844062659076,
                  0
                ],
                [
                  -74.08366677149942,
                  -46.02976224059076,
                  0
                ],
                [
                  -74.10698220049943,
                  -45.99460599059076,
                  0
                ],
                [
                  -74.06385069049942,
                  -45.96457669359076,
                  0
                ],
                [
                  -74.07976052149942,
                  -45.92120104259077,
                  0
                ],
                [
                  -74.13530251349943,
                  -45.86716458459076,
                  0
                ],
                [
                  -74.10295388049943,
                  -45.83689114759076,
                  0
                ],
                [
                  -74.18917621149943,
                  -45.79367825659077,
                  0
                ],
                [
                  -74.28972145849943,
                  -45.81508125159076,
                  0
                ],
                [
                  -74.35942360749942,
                  -45.79034166759077,
                  0
                ],
                [
                  -74.44645974049942,
                  -45.80832669359076,
                  0
                ],
                [
                  -74.46847308649943,
                  -45.83477526159075,
                  0
                ],
                [
                  -74.44682595049943,
                  -45.89426419359076,
                  0
                ],
                [
                  -74.45280739649942,
                  -45.94406888159077,
                  0
                ],
                [
                  -74.50725075549943,
                  -45.92746731859076,
                  0
                ],
                [
                  -74.55978168049943,
                  -45.82631171959076,
                  0
                ],
                [
                  -74.60657529949943,
                  -45.84592435059076,
                  0
                ],
                [
                  -74.64714333349943,
                  -45.81622057459077,
                  0
                ],
                [
                  -74.69072243549942,
                  -45.84161119959077,
                  0
                ],
                [
                  -74.72856423249942,
                  -45.94406888159077,
                  0
                ],
                [
                  -74.71318337249943,
                  -45.98451484459076,
                  0
                ],
                [
                  -74.81108376349943,
                  -46.08469388159076,
                  0
                ],
                [
                  -74.82426735749942,
                  -46.12595364759076,
                  0
                ],
                [
                  -74.77210264349942,
                  -46.16550442859076,
                  0
                ],
                [
                  -74.79521462249943,
                  -46.20920560059076,
                  0
                ],
                [
                  -74.86516091149943,
                  -46.15020494959077,
                  0
                ],
                [
                  -74.90983864649942,
                  -46.15020494959077,
                  0
                ],
                [
                  -74.95793434949942,
                  -46.21530911559076,
                  0
                ],
                [
                  -75.00639626349943,
                  -46.22727200659077,
                  0
                ],
                [
                  -75.09050270849943,
                  -46.21612291759078,
                  0
                ],
                [
                  -75.13847634149943,
                  -46.31410468859077,
                  0
                ],
                [
                  -75.20154600349943,
                  -46.30100247559075,
                  0
                ],
                [
                  -75.22677386749943,
                  -46.38986966259075,
                  0
                ],
                [
                  -75.27043434949942,
                  -46.36244453259076,
                  0
                ],
                [
                  -75.39026670649943,
                  -46.42738593859077,
                  0
                ],
                [
                  -75.38888324249943,
                  -46.47678372559075,
                  0
                ],
                [
                  -75.45280739649942,
                  -46.50941718859077,
                  0
                ],
                [
                  -75.54041319049942,
                  -46.51332343859077,
                  0
                ],
                [
                  -75.51689431049942,
                  -46.55433906359076,
                  0
                ],
                [
                  -75.63587217449943,
                  -46.57305651159076,
                  0
                ],
                [
                  -75.70451638049943,
                  -46.63930000159077,
                  0
                ],
                [
                  -75.70683571649943,
                  -46.78659817859076,
                  0
                ],
                [
                  -75.65369444049942,
                  -46.83347317859076,
                  0
                ],
                [
                  -75.65336891949943,
                  -46.86643216259075,
                  0
                ],
                [
                  -75.58513161549942,
                  -46.90362291759077,
                  0
                ],
                [
                  -75.55156227949942,
                  -46.94838203259076,
                  0
                ],
                [
                  -75.41036761749943,
                  -46.93161770959076,
                  0
                ],
                [
                  -75.35242490949943,
                  -46.90061185059076,
                  0
                ],
                [
                  -75.38652321649943,
                  -46.78008776159076,
                  0
                ],
                [
                  -75.44865700549943,
                  -46.75656888159078,
                  0
                ],
                [
                  -75.42228981849942,
                  -46.71400703259076,
                  0
                ],
                [
                  -75.54041319049942,
                  -46.69821927259076,
                  0
                ],
                [
                  -75.56157204449943,
                  -46.68080390759076,
                  0
                ],
                [
                  -75.43706032549943,
                  -46.64987942859076,
                  0
                ],
                [
                  -75.34217100349943,
                  -46.65736640759075,
                  0
                ],
                [
                  -75.32459287849943,
                  -46.64011380359075,
                  0
                ],
                [
                  -75.20154600349943,
                  -46.63002265759076,
                  0
                ],
                [
                  -75.11145811249942,
                  -46.58689114759076,
                  0
                ],
                [
                  -75.05131813849943,
                  -46.51332343859077,
                  0
                ],
                [
                  -75.01388324249943,
                  -46.52015937659076,
                  0
                ],
                [
                  -74.96440407549943,
                  -46.45407864759076,
                  0
                ],
                [
                  -74.94145485749942,
                  -46.51682278759076,
                  0
                ],
                [
                  -74.99606097749943,
                  -46.54001614759076,
                  0
                ],
                [
                  -75.08317849049942,
                  -46.64092760559076,
                  0
                ],
                [
                  -75.01599912849943,
                  -46.71937812659076,
                  0
                ],
                [
                  -74.85616839849942,
                  -46.81394192859076,
                  0
                ],
                [
                  -74.79936501349943,
                  -46.80124661559077,
                  0
                ],
                [
                  -74.72136208349943,
                  -46.84006497559075,
                  0
                ],
                [
                  -74.68079404949943,
                  -46.88392890759075,
                  0
                ],
                [
                  -74.61813128949943,
                  -46.87611640759076,
                  0
                ],
                [
                  -74.47897113349943,
                  -46.90232083459077,
                  0
                ],
                [
                  -74.49211403649943,
                  -46.86342109459076,
                  0
                ],
                [
                  -74.55074847749943,
                  -46.83542630359077,
                  0
                ],
                [
                  -74.64864886749943,
                  -46.82932278759075,
                  0
                ],
                [
                  -74.65068337249943,
                  -46.78838854259077,
                  0
                ],
                [
                  -74.52653786549942,
                  -46.80124661559077,
                  0
                ],
                [
                  -74.44121071649943,
                  -46.76722968859076,
                  0
                ],
                [
                  -74.33818337249943,
                  -46.76722968859076,
                  0
                ],
                [
                  -74.26665016949943,
                  -46.78171536559076,
                  0
                ],
                [
                  -74.24313128949943,
                  -46.86472317859076,
                  0
                ],
                [
                  -74.11845681049942,
                  -46.98809557459077,
                  0
                ],
                [
                  -74.01990537849943,
                  -46.97832994959077,
                  0
                ],
                [
                  -73.94877907549943,
                  -47.01560208459077,
                  0
                ],
                [
                  -73.95744606849942,
                  -47.06036119959077,
                  0
                ],
                [
                  -74.05701475349943,
                  -47.15695950659077,
                  0
                ],
                [
                  -74.13888324249943,
                  -47.22238919359075,
                  0
                ],
                [
                  -74.21554339849942,
                  -47.20472968859077,
                  0
                ],
                [
                  -74.32451149749943,
                  -47.21897122559076,
                  0
                ],
                [
                  -74.40703102949942,
                  -47.34250638159077,
                  0
                ],
                [
                  -74.48157529949943,
                  -47.37668606859076,
                  0
                ],
                [
                  -74.52869444049942,
                  -47.42234036559076,
                  0
                ],
                [
                  -74.50639626349943,
                  -47.46970364759076,
                  0
                ],
                [
                  -74.44060036549942,
                  -47.44553372559076,
                  0
                ],
                [
                  -74.43437477949942,
                  -47.50705716259075,
                  0
                ],
                [
                  -74.39213845049943,
                  -47.53480781359077,
                  0
                ],
                [
                  -74.34436826849942,
                  -47.51999661559076,
                  0
                ],
                [
                  -74.32817360749942,
                  -47.58575182459076,
                  0
                ],
                [
                  -74.28341449249943,
                  -47.60381823059076,
                  0
                ],
                [
                  -74.22490212249943,
                  -47.58217109459076,
                  0
                ],
                [
                  -74.17424294349942,
                  -47.61732734459076,
                  0
                ],
                [
                  -74.25371071649943,
                  -47.63132474059077,
                  0
                ],
                [
                  -74.30339333349943,
                  -47.67836250159076,
                  0
                ],
                [
                  -74.37171201849942,
                  -47.58900703259076,
                  0
                ],
                [
                  -74.41972634149943,
                  -47.56345364759077,
                  0
                ],
                [
                  -74.55652647149942,
                  -47.55010729259077,
                  0
                ],
                [
                  -74.61194639349942,
                  -47.56849921959076,
                  0
                ],
                [
                  -74.63766253949943,
                  -47.64581041759078,
                  0
                ],
                [
                  -74.67253395849943,
                  -47.64825182459076,
                  0
                ],
                [
                  -74.73605121149943,
                  -47.70456692859076,
                  0
                ],
                [
                  -74.71057920649943,
                  -47.73744453259075,
                  0
                ],
                [
                  -74.62822243549942,
                  -47.76779935059076,
                  0
                ],
                [
                  -74.47726214849942,
                  -47.76218411559076,
                  0
                ],
                [
                  -74.37822243549942,
                  -47.74485013159077,
                  0
                ],
                [
                  -74.38554665449942,
                  -47.77911119959077,
                  0
                ],
                [
                  -74.31779763049943,
                  -47.78977200659077,
                  0
                ],
                [
                  -74.29118630249943,
                  -47.76820625159076,
                  0
                ],
                [
                  -74.19731423249942,
                  -47.78928372559077,
                  0
                ],
                [
                  -74.07353493549942,
                  -47.77308906359076,
                  0
                ],
                [
                  -74.03487933649943,
                  -47.82151028759075,
                  0
                ],
                [
                  -73.92351052149942,
                  -47.84275052259076,
                  0
                ],
                [
                  -73.80168434949942,
                  -47.80710599059077,
                  0
                ],
                [
                  -73.76966123749942,
                  -47.77081041759077,
                  0
                ],
                [
                  -73.78947731849942,
                  -47.73972317859077,
                  0
                ],
                [
                  -73.73076149749943,
                  -47.62375638159078,
                  0
                ],
                [
                  -73.77580544349942,
                  -47.59584296959076,
                  0
                ],
                [
                  -73.73613259149943,
                  -47.53537747559076,
                  0
                ],
                [
                  -73.67338845049943,
                  -47.56849921959076,
                  0
                ],
                [
                  -73.70260394549943,
                  -47.59323880359076,
                  0
                ],
                [
                  -73.66891253949943,
                  -47.64711250159075,
                  0
                ],
                [
                  -73.74077126349943,
                  -47.70310208459076,
                  0
                ],
                [
                  -73.70952126349943,
                  -47.77610013159077,
                  0
                ],
                [
                  -73.67338845049943,
                  -47.79441067859075,
                  0
                ],
                [
                  -73.57805153649943,
                  -47.79978177259076,
                  0
                ],
                [
                  -73.65507790449942,
                  -47.93235013159077,
                  0
                ],
                [
                  -73.59147927149942,
                  -48.04196927259076,
                  0
                ],
                [
                  -73.48161599049942,
                  -48.12334948059076,
                  0
                ],
                [
                  -73.34900694049942,
                  -48.19154609459076,
                  0
                ],
                [
                  -73.50216449249943,
                  -48.17722317859076,
                  0
                ],
                [
                  -73.55607888049943,
                  -48.24688463659076,
                  0
                ],
                [
                  -73.60454079449943,
                  -48.20586901159076,
                  0
                ],
                [
                  -73.59151996149943,
                  -48.14076484459076,
                  0
                ],
                [
                  -73.63603493549942,
                  -48.11293281359077,
                  0
                ],
                [
                  -73.76188942749943,
                  -48.08754218859077,
                  0
                ],
                [
                  -73.89091774749943,
                  -48.02227526159076,
                  0
                ],
                [
                  -73.96139300849943,
                  -48.04815416759078,
                  0
                ],
                [
                  -74.06043272149942,
                  -48.00046536559076,
                  0
                ],
                [
                  -74.30978168049943,
                  -47.99045560059077,
                  0
                ],
                [
                  -74.31389138049943,
                  -48.03594713659076,
                  0
                ],
                [
                  -74.19584938849943,
                  -48.21351875159076,
                  0
                ],
                [
                  -74.28357725349943,
                  -48.17111966259077,
                  0
                ],
                [
                  -74.30852028649943,
                  -48.07175442859075,
                  0
                ],
                [
                  -74.33419574249943,
                  -48.03220364759076,
                  0
                ],
                [
                  -74.41520974049942,
                  -47.98370104259077,
                  0
                ],
                [
                  -74.51689431049942,
                  -47.95944974059076,
                  0
                ],
                [
                  -74.62522440349943,
                  -48.00427160659076,
                  0
                ],
                [
                  -74.62663836449943,
                  -48.05894841659076,
                  0
                ],
                [
                  -74.51188942749943,
                  -48.08998359459076,
                  0
                ],
                [
                  -74.44230934949942,
                  -48.18243151159075,
                  0
                ],
                [
                  -74.31767556049942,
                  -48.21213528759076,
                  0
                ],
                [
                  -74.27678200549943,
                  -48.26731106859076,
                  0
                ],
                [
                  -74.26140114649942,
                  -48.33518216259075,
                  0
                ],
                [
                  -74.15475238349943,
                  -48.35788724059077,
                  0
                ],
                [
                  -74.10909808649943,
                  -48.38571927259076,
                  0
                ],
                [
                  -73.99532855549943,
                  -48.41420234459077,
                  0
                ],
                [
                  -74.02836891949943,
                  -48.44805651159076,
                  0
                ],
                [
                  -74.02043434949942,
                  -48.53366849059077,
                  0
                ],
                [
                  -73.97164691449943,
                  -48.56508125159076,
                  0
                ],
                [
                  -74.02283506549942,
                  -48.58949531359077,
                  0
                ],
                [
                  -74.05262022149942,
                  -48.54994453259076,
                  0
                ],
                [
                  -74.19694802149942,
                  -48.47336575659077,
                  0
                ],
                [
                  -74.27019020849943,
                  -48.51096341259075,
                  0
                ],
                [
                  -74.39197569049942,
                  -48.59909817859075,
                  0
                ],
                [
                  -74.37171201849942,
                  -48.71921536559076,
                  0
                ],
                [
                  -74.43437477949942,
                  -48.78806302259076,
                  0
                ],
                [
                  -74.45329567749943,
                  -48.83103177259077,
                  0
                ],
                [
                  -74.40035785249943,
                  -48.97483060059075,
                  0
                ],
                [
                  -74.46114886749943,
                  -49.01975247559077,
                  0
                ],
                [
                  -74.46245095049943,
                  -49.06638333459076,
                  0
                ],
                [
                  -74.41325661549942,
                  -49.11700182459076,
                  0
                ],
                [
                  -74.41252419349942,
                  -49.21888984459077,
                  0
                ],
                [
                  -74.39335915449942,
                  -49.31752265759076,
                  0
                ],
                [
                  -74.42395811249942,
                  -49.37123359459076,
                  0
                ],
                [
                  -74.39470192749943,
                  -49.41322578259076,
                  0
                ],
                [
                  -74.33696266949943,
                  -49.43503567859077,
                  0
                ],
                [
                  -74.24093402349942,
                  -49.52797187659077,
                  0
                ],
                [
                  -74.21472959649942,
                  -49.52317044359076,
                  0
                ],
                [
                  -74.18111957049943,
                  -49.39475247559076,
                  0
                ],
                [
                  -74.16276833349943,
                  -49.36732734459076,
                  0
                ],
                [
                  -74.14571918049943,
                  -49.26788073059076,
                  0
                ],
                [
                  -74.03585589849942,
                  -49.14499661559076,
                  0
                ],
                [
                  -73.97775043049943,
                  -49.17120104259076,
                  0
                ],
                [
                  -74.00859352949942,
                  -49.22629544359076,
                  0
                ],
                [
                  -73.98491188849943,
                  -49.27341458459076,
                  0
                ],
                [
                  -74.08366677149942,
                  -49.27813463659076,
                  0
                ],
                [
                  -74.12333962249943,
                  -49.42266588659076,
                  0
                ],
                [
                  -74.07752256549942,
                  -49.50119778759077,
                  0
                ],
                [
                  -73.91508766949943,
                  -49.51055651159076,
                  0
                ],
                [
                  -73.87952451849942,
                  -49.52854153759075,
                  0
                ],
                [
                  -73.87858864649942,
                  -49.58819323059076,
                  0
                ],
                [
                  -73.85234352949942,
                  -49.65329739759076,
                  0
                ],
                [
                  -73.89250466149943,
                  -49.65834296959077,
                  0
                ],
                [
                  -73.92664365949943,
                  -49.56955716259076,
                  0
                ],
                [
                  -74.05363747449942,
                  -49.53936510559076,
                  0
                ],
                [
                  -74.23369118549942,
                  -49.56605781359077,
                  0
                ],
                [
                  -74.32207009149943,
                  -49.63254544359075,
                  0
                ],
                [
                  -74.31608864649942,
                  -49.71954088659076,
                  0
                ],
                [
                  -74.24874652349942,
                  -49.72776028759077,
                  0
                ],
                [
                  -74.06385069049942,
                  -49.71360013159077,
                  0
                ],
                [
                  -74.09298480549943,
                  -49.74826810059077,
                  0
                ],
                [
                  -74.19694802149942,
                  -49.74900052259077,
                  0
                ],
                [
                  -74.29716774749943,
                  -49.79555000159076,
                  0
                ],
                [
                  -74.34807106849942,
                  -49.79213203259077,
                  0
                ],
                [
                  -74.32451149749943,
                  -49.87123359459077,
                  0
                ],
                [
                  -74.28874489649942,
                  -49.89353177259076,
                  0
                ],
                [
                  -74.14571918049943,
                  -49.91159817859077,
                  0
                ],
                [
                  -74.11027809949942,
                  -49.95472968859077,
                  0
                ],
                [
                  -74.03577451849942,
                  -49.96482083459077,
                  0
                ],
                [
                  -73.95398740949943,
                  -50.02610013159076,
                  0
                ],
                [
                  -74.04875466149943,
                  -50.03708645959076,
                  0
                ],
                [
                  -74.11223122449942,
                  -50.00160468859077,
                  0
                ],
                [
                  -74.14946266949943,
                  -50.01145169359076,
                  0
                ],
                [
                  -74.19792458349943,
                  -49.96026354259077,
                  0
                ],
                [
                  -74.26616188849943,
                  -49.93259427259076,
                  0
                ],
                [
                  -74.36467263049943,
                  -49.95114895959076,
                  0
                ],
                [
                  -74.36467263049943,
                  -49.99037421959076,
                  0
                ],
                [
                  -74.30026019549943,
                  -50.05930325659078,
                  0
                ],
                [
                  -74.25053688849943,
                  -50.08103177259076,
                  0
                ],
                [
                  -74.19353005249943,
                  -50.18650052259076,
                  0
                ],
                [
                  -74.15890277349942,
                  -50.20236966259076,
                  0
                ],
                [
                  -74.02429990949943,
                  -50.20090481859076,
                  0
                ],
                [
                  -73.95838194049942,
                  -50.28781888159077,
                  0
                ],
                [
                  -74.09624001349943,
                  -50.22784166759077,
                  0
                ],
                [
                  -74.20895160249943,
                  -50.21075182459077,
                  0
                ],
                [
                  -74.27145160249943,
                  -50.16810859459076,
                  0
                ],
                [
                  -74.34746071649943,
                  -50.08615872559076,
                  0
                ],
                [
                  -74.57353493549942,
                  -50.09934231859076,
                  0
                ],
                [
                  -74.62810036549942,
                  -50.11496731859076,
                  0
                ],
                [
                  -74.69112933649943,
                  -50.16859687659077,
                  0
                ],
                [
                  -74.68282855549943,
                  -50.20944974059076,
                  0
                ],
                [
                  -74.60820290449942,
                  -50.21465807459077,
                  0
                ],
                [
                  -74.59233376349943,
                  -50.24037421959076,
                  0
                ],
                [
                  -74.49284645849943,
                  -50.26153307459077,
                  0
                ],
                [
                  -74.53618141949943,
                  -50.29636380359076,
                  0
                ],
                [
                  -74.47530902349942,
                  -50.34421536559076,
                  0
                ],
                [
                  -74.35466286549942,
                  -50.35959622559076,
                  0
                ],
                [
                  -74.31022927149942,
                  -50.26535794359076,
                  0
                ],
                [
                  -74.26274391949943,
                  -50.31711575659077,
                  0
                ],
                [
                  -74.32109352949942,
                  -50.38449856859076,
                  0
                ],
                [
                  -74.28728005249943,
                  -50.42657213659076,
                  0
                ],
                [
                  -74.22856423249942,
                  -50.40549466259077,
                  0
                ],
                [
                  -74.12871071649943,
                  -50.42299140759076,
                  0
                ],
                [
                  -74.08146950549943,
                  -50.46628567859076,
                  0
                ],
                [
                  -74.00900043049943,
                  -50.45538073059076,
                  0
                ],
                [
                  -74.01632464849942,
                  -50.50274401159076,
                  0
                ],
                [
                  -74.05327126349943,
                  -50.52227526159076,
                  0
                ],
                [
                  -74.10747048249942,
                  -50.48842109459076,
                  0
                ],
                [
                  -74.20781227949942,
                  -50.46368151159076,
                  0
                ],
                [
                  -74.29716774749943,
                  -50.48068997559076,
                  0
                ],
                [
                  -74.25847145849943,
                  -50.53480781359076,
                  0
                ],
                [
                  -74.19853493549942,
                  -50.55905911559076,
                  0
                ],
                [
                  -74.23576638049943,
                  -50.60422513159076,
                  0
                ],
                [
                  -74.16687803449943,
                  -50.68682604259077,
                  0
                ],
                [
                  -74.06808246149943,
                  -50.73614244959076,
                  0
                ],
                [
                  -74.12590309949942,
                  -50.76250963659076,
                  0
                ],
                [
                  -74.04252907549943,
                  -50.82207994959077,
                  0
                ],
                [
                  -73.94682595049943,
                  -50.82981106859076,
                  0
                ],
                [
                  -73.81059548249942,
                  -50.74200182459077,
                  0
                ],
                [
                  -73.82532529949943,
                  -50.67950182459077,
                  0
                ],
                [
                  -73.79814431049942,
                  -50.64524075659077,
                  0
                ],
                [
                  -73.75920388049943,
                  -50.51576484459076,
                  0
                ],
                [
                  -73.72490212249943,
                  -50.55954739759076,
                  0
                ],
                [
                  -73.63518044349942,
                  -50.61846666759077,
                  0
                ],
                [
                  -73.63652321649943,
                  -50.63995104259076,
                  0
                ],
                [
                  -73.73523740949943,
                  -50.65443671959076,
                  0
                ],
                [
                  -73.78264138049943,
                  -50.68682604259077,
                  0
                ],
                [
                  -73.77165505249943,
                  -50.75852200659077,
                  0
                ],
                [
                  -73.78947731849942,
                  -50.79660794359076,
                  0
                ],
                [
                  -73.85441872449942,
                  -50.79734036559076,
                  0
                ],
                [
                  -73.87687966149943,
                  -50.84193671959076,
                  0
                ],
                [
                  -73.81678037849943,
                  -50.87806953259076,
                  0
                ],
                [
                  -73.78947731849942,
                  -50.91957343859077,
                  0
                ],
                [
                  -73.85771462249943,
                  -50.93324531359077,
                  0
                ],
                [
                  -73.87407204449943,
                  -50.88913724059076,
                  0
                ],
                [
                  -73.95154600349943,
                  -50.89320625159076,
                  0
                ],
                [
                  -74.10478493549942,
                  -50.87123359459076,
                  0
                ],
                [
                  -74.19536110749942,
                  -50.88506823059076,
                  0
                ],
                [
                  -74.25623350349943,
                  -50.93943020959076,
                  0
                ],
                [
                  -74.23918434949942,
                  -51.02797187659076,
                  0
                ],
                [
                  -74.18380511749943,
                  -51.03399401159075,
                  0
                ],
                [
                  -74.10197731849942,
                  -50.96457669359076,
                  0
                ],
                [
                  -74.07752256549942,
                  -50.98793281359077,
                  0
                ],
                [
                  -74.14787575549943,
                  -51.05222317859076,
                  0
                ],
                [
                  -74.12932106849942,
                  -51.18772122559076,
                  0
                ],
                [
                  -74.05384092449943,
                  -51.21237942859076,
                  0
                ],
                [
                  -73.96708962249943,
                  -51.19415026159076,
                  0
                ],
                [
                  -73.91378558649943,
                  -51.23158515759076,
                  0
                ],
                [
                  -73.78410622449942,
                  -51.22360989759076,
                  0
                ],
                [
                  -73.71749652349942,
                  -51.28855130359076,
                  0
                ],
                [
                  -73.71936826849942,
                  -51.35658515759076,
                  0
                ],
                [
                  -73.66891253949943,
                  -51.43869778759076,
                  0
                ],
                [
                  -73.68767067749943,
                  -51.49493151159076,
                  0
                ],
                [
                  -73.78056618549942,
                  -51.43308255359076,
                  0
                ],
                [
                  -73.81385069049942,
                  -51.39222968859077,
                  0
                ],
                [
                  -73.93413063849943,
                  -51.39939114759076,
                  0
                ],
                [
                  -73.90613584649942,
                  -51.47881823059077,
                  0
                ],
                [
                  -73.90906553449943,
                  -51.52699531359076,
                  0
                ],
                [
                  -73.81678037849943,
                  -51.53659817859075,
                  0
                ],
                [
                  -73.90401996149943,
                  -51.61179349059076,
                  0
                ],
                [
                  -73.78398415449942,
                  -51.64499661559076,
                  0
                ],
                [
                  -73.81181618549942,
                  -51.68861640759076,
                  0
                ],
                [
                  -73.76258115949943,
                  -51.71514635559076,
                  0
                ],
                [
                  -73.71871722749943,
                  -51.77585599059076,
                  0
                ],
                [
                  -73.68022438849943,
                  -51.76926419359076,
                  0
                ],
                [
                  -73.65467100349943,
                  -51.68861640759076,
                  0
                ],
                [
                  -73.57963845049943,
                  -51.76869453259075,
                  0
                ],
                [
                  -73.52259092449943,
                  -51.80344388159078,
                  0
                ],
                [
                  -73.49284645849943,
                  -51.85495755359076,
                  0
                ],
                [
                  -73.52690407549943,
                  -51.89524075659077,
                  0
                ],
                [
                  -73.59908832049943,
                  -51.82273099059076,
                  0
                ],
                [
                  -73.64954404949943,
                  -51.82793932459077,
                  0
                ],
                [
                  -73.61129535249943,
                  -51.93438463659076,
                  0
                ],
                [
                  -73.57272113349943,
                  -51.98370104259076,
                  0
                ],
                [
                  -73.58110329449943,
                  -52.02194974059076,
                  0
                ],
                [
                  -73.53984352949942,
                  -52.05531562659076,
                  0
                ],
                [
                  -73.41923806049942,
                  -52.10088854259077,
                  0
                ],
                [
                  -73.39421364649942,
                  -52.13449856859076,
                  0
                ],
                [
                  -73.31604795649943,
                  -52.16615546959076,
                  0
                ],
                [
                  -73.28239724049942,
                  -52.14255520959076,
                  0
                ],
                [
                  -73.30778786549942,
                  -52.02211250159076,
                  0
                ],
                [
                  -73.22351865949943,
                  -52.09152981859076,
                  0
                ],
                [
                  -73.17648089849942,
                  -52.08127591259076,
                  0
                ],
                [
                  -73.14514951849942,
                  -51.94008125159075,
                  0
                ],
                [
                  -73.06116514349942,
                  -51.91615546959076,
                  0
                ],
                [
                  -72.91923806049942,
                  -51.85861966259076,
                  0
                ],
                [
                  -72.94060036549942,
                  -51.82777656359076,
                  0
                ],
                [
                  -73.04960915449942,
                  -51.83135729259077,
                  0
                ],
                [
                  -73.02649717449943,
                  -51.74411770959076,
                  0
                ],
                [
                  -72.97648903649943,
                  -51.76926419359076,
                  0
                ],
                [
                  -72.90922829449943,
                  -51.75778958459076,
                  0
                ],
                [
                  -72.82955707049943,
                  -51.76804349059076,
                  0
                ],
                [
                  -72.78610003949943,
                  -51.81084948059076,
                  0
                ],
                [
                  -72.72392556049942,
                  -51.83819323059076,
                  0
                ],
                [
                  -72.63172178449943,
                  -51.82566067859075,
                  0
                ],
                [
                  -72.57784808649943,
                  -51.79603828259076,
                  0
                ],
                [
                  -72.56242653649943,
                  -51.72483060059075,
                  0
                ],
                [
                  -72.70276670649943,
                  -51.69805651159075,
                  0
                ],
                [
                  -72.79362770849943,
                  -51.59616849059076,
                  0
                ],
                [
                  -72.85783669349942,
                  -51.59738919359077,
                  0
                ],
                [
                  -73.05412575549943,
                  -51.50266263159078,
                  0
                ],
                [
                  -73.14042946649943,
                  -51.48760729259077,
                  0
                ],
                [
                  -73.22693662849943,
                  -51.50795234459076,
                  0
                ],
                [
                  -73.24528786549942,
                  -51.46506497559076,
                  0
                ],
                [
                  -73.13896462249943,
                  -51.44707994959078,
                  0
                ],
                [
                  -73.09078753949943,
                  -51.42087552259076,
                  0
                ],
                [
                  -73.05335264349942,
                  -51.48752591259075,
                  0
                ],
                [
                  -72.96928688849943,
                  -51.49851224059077,
                  0
                ],
                [
                  -72.92607399749943,
                  -51.54270169359076,
                  0
                ],
                [
                  -72.82735980549943,
                  -51.57061510559076,
                  0
                ],
                [
                  -72.71232888049943,
                  -51.58225247559077,
                  0
                ],
                [
                  -72.63530251349943,
                  -51.65508776159077,
                  0
                ],
                [
                  -72.52185850349943,
                  -51.71311185059075,
                  0
                ],
                [
                  -72.46676410249943,
                  -51.78977200659077,
                  0
                ],
                [
                  -72.50818662849943,
                  -51.83713528759077,
                  0
                ],
                [
                  -72.45309222749943,
                  -51.91330716259075,
                  0
                ],
                [
                  -72.52885720049943,
                  -51.95481106859075,
                  0
                ],
                [
                  -72.63188454449943,
                  -51.94740546959076,
                  0
                ],
                [
                  -72.66948220049943,
                  -51.96107734459076,
                  0
                ],
                [
                  -72.65857725349943,
                  -52.03627265759076,
                  0
                ],
                [
                  -72.47547178449943,
                  -52.18747708459077,
                  0
                ],
                [
                  -72.46940895849943,
                  -52.22344713659076,
                  0
                ],
                [
                  -72.49695615949943,
                  -52.31540677259076,
                  0
                ],
                [
                  -72.63188454449943,
                  -52.40671536559076,
                  0
                ],
                [
                  -72.74577614649942,
                  -52.41176093859077,
                  0
                ],
                [
                  -72.69645974049942,
                  -52.34836575659077,
                  0
                ],
                [
                  -72.60152972749943,
                  -52.33933255359076,
                  0
                ],
                [
                  -72.57402321649943,
                  -52.30922187659076,
                  0
                ],
                [
                  -72.53634418049943,
                  -52.19561510559077,
                  0
                ],
                [
                  -72.61446918049943,
                  -52.10137682459077,
                  0
                ],
                [
                  -72.70329567749943,
                  -52.06036119959077,
                  0
                ],
                [
                  -72.69560524749943,
                  -51.98142239759076,
                  0
                ],
                [
                  -72.80262022149942,
                  -51.93747708459077,
                  0
                ],
                [
                  -72.87040993549942,
                  -51.96823880359076,
                  0
                ],
                [
                  -72.89433571649943,
                  -52.05710599059076,
                  0
                ],
                [
                  -72.95012184949942,
                  -52.06467435059075,
                  0
                ],
                [
                  -72.94719216149943,
                  -52.16648099059076,
                  0
                ],
                [
                  -72.85441872449942,
                  -52.17852526159076,
                  0
                ],
                [
                  -72.85039040449942,
                  -52.12562812659076,
                  0
                ],
                [
                  -72.79855121149943,
                  -52.12969713659076,
                  0
                ],
                [
                  -72.84050270849943,
                  -52.24069974059076,
                  0
                ],
                [
                  -72.91264626349943,
                  -52.24485013159077,
                  0
                ],
                [
                  -72.92180153649943,
                  -52.21400703259077,
                  0
                ],
                [
                  -72.99435199249943,
                  -52.18698880359076,
                  0
                ],
                [
                  -72.98747536549942,
                  -52.06931302259076,
                  0
                ],
                [
                  -73.08671852949942,
                  -52.08249661559076,
                  0
                ],
                [
                  -73.14519020849943,
                  -52.12562812659076,
                  0
                ],
                [
                  -73.21599099049942,
                  -52.12513984459076,
                  0
                ],
                [
                  -73.22160622449942,
                  -52.17990872559076,
                  0
                ],
                [
                  -73.27141091149943,
                  -52.21612291759078,
                  0
                ],
                [
                  -73.33366677149942,
                  -52.21872708459076,
                  0
                ],
                [
                  -73.43152647149942,
                  -52.15305325659077,
                  0
                ],
                [
                  -73.52869444049942,
                  -52.19561510559077,
                  0
                ],
                [
                  -73.58118467449943,
                  -52.13441718859077,
                  0
                ],
                [
                  -73.63863910249943,
                  -52.09828437659076,
                  0
                ],
                [
                  -73.69877907549943,
                  -52.02634427259076,
                  0
                ],
                [
                  -73.74479958349943,
                  -52.06540677259076,
                  0
                ],
                [
                  -73.64311501349943,
                  -52.16371406359077,
                  0
                ],
                [
                  -73.58037087249943,
                  -52.20847317859076,
                  0
                ],
                [
                  -73.61247536549942,
                  -52.27748359459076,
                  0
                ],
                [
                  -73.56279274749943,
                  -52.32289375159076,
                  0
                ],
                [
                  -73.58899717449943,
                  -52.37912747559076,
                  0
                ],
                [
                  -73.66008278649943,
                  -52.38392890759075,
                  0
                ],
                [
                  -73.66598285249943,
                  -52.42404935059076,
                  0
                ],
                [
                  -73.53072894549943,
                  -52.45700833459076,
                  0
                ],
                [
                  -73.61503884149943,
                  -52.52341458459076,
                  0
                ],
                [
                  -73.68767067749943,
                  -52.59787747559077,
                  0
                ],
                [
                  -73.65979795649943,
                  -52.67364244959077,
                  0
                ],
                [
                  -73.69934873749942,
                  -52.71457669359076,
                  0
                ],
                [
                  -73.62789691449943,
                  -52.74525703259076,
                  0
                ],
                [
                  -73.55774717449943,
                  -52.68536119959077,
                  0
                ],
                [
                  -73.44951149749943,
                  -52.63523099059076,
                  0
                ],
                [
                  -73.39714333349943,
                  -52.63653307459077,
                  0
                ],
                [
                  -73.26872536549942,
                  -52.67364244959077,
                  0
                ],
                [
                  -73.23865537849943,
                  -52.62009427259076,
                  0
                ],
                [
                  -73.15947243549942,
                  -52.56377916759077,
                  0
                ],
                [
                  -73.20353981849942,
                  -52.47979479259078,
                  0
                ],
                [
                  -73.09143858149943,
                  -52.49387356859076,
                  0
                ],
                [
                  -73.15251442749943,
                  -52.63401028759076,
                  0
                ],
                [
                  -73.22579730549943,
                  -52.64939114759077,
                  0
                ],
                [
                  -73.24919411549942,
                  -52.70391588659075,
                  0
                ],
                [
                  -73.31026996149943,
                  -52.74167630359075,
                  0
                ],
                [
                  -73.29602842449943,
                  -52.78350573059076,
                  0
                ],
                [
                  -73.54069802149942,
                  -52.78008776159076,
                  0
                ],
                [
                  -73.49186989649942,
                  -52.82566067859076,
                  0
                ],
                [
                  -73.38245420649943,
                  -52.84486640759076,
                  0
                ],
                [
                  -73.35124489649942,
                  -52.88596341259076,
                  0
                ],
                [
                  -73.28854144549943,
                  -52.90215807459077,
                  0
                ],
                [
                  -73.21367165449942,
                  -52.88783515759076,
                  0
                ],
                [
                  -73.24500303449943,
                  -52.95131171959076,
                  0
                ],
                [
                  -73.31368793049943,
                  -52.93430325659078,
                  0
                ],
                [
                  -73.39226052149942,
                  -52.98207343859076,
                  0
                ],
                [
                  -73.38603493549942,
                  -53.01682278759077,
                  0
                ],
                [
                  -73.32707497449942,
                  -53.07151028759076,
                  0
                ],
                [
                  -73.11609678449943,
                  -53.09698229259077,
                  0
                ],
                [
                  -72.95341774749943,
                  -53.02365872559076,
                  0
                ],
                [
                  -72.96708962249943,
                  -52.95847317859076,
                  0
                ],
                [
                  -72.95341774749943,
                  -52.89336901159076,
                  0
                ],
                [
                  -73.00509418049943,
                  -52.83331041759077,
                  0
                ],
                [
                  -72.93974587249943,
                  -52.79709622559076,
                  0
                ],
                [
                  -72.86023740949943,
                  -52.78887682459077,
                  0
                ],
                [
                  -72.79065733149943,
                  -52.75274401159075,
                  0
                ],
                [
                  -72.67998024749943,
                  -52.66257474059076,
                  0
                ],
                [
                  -72.69503558649943,
                  -52.63213854259078,
                  0
                ],
                [
                  -72.79855121149943,
                  -52.61545560059076,
                  0
                ],
                [
                  -72.81901833349943,
                  -52.58656562659076,
                  0
                ],
                [
                  -72.90434548249942,
                  -52.62969713659076,
                  0
                ],
                [
                  -72.84819313849943,
                  -52.50290677259076,
                  0
                ],
                [
                  -72.77926410249943,
                  -52.54392239759076,
                  0
                ],
                [
                  -72.65593239649942,
                  -52.52170560059076,
                  0
                ],
                [
                  -72.56979144549943,
                  -52.55694323059076,
                  0
                ],
                [
                  -72.54895811249942,
                  -52.59161119959077,
                  0
                ],
                [
                  -72.41346006549942,
                  -52.64890286559076,
                  0
                ],
                [
                  -72.32760394549943,
                  -52.52520494959077,
                  0
                ],
                [
                  -72.08704404949943,
                  -52.52097317859076,
                  0
                ],
                [
                  -72.04758747449942,
                  -52.55746343459077,
                  0
                ],
                [
                  -71.97516554949942,
                  -52.56090145959077,
                  0
                ],
                [
                  -71.91102376549942,
                  -52.54201216659077,
                  0
                ],
                [
                  -71.75970743949942,
                  -52.56845177059077,
                  0
                ],
                [
                  -71.63092558049942,
                  -52.57444468759076,
                  0
                ],
                [
                  -71.57142613249943,
                  -52.56132240259076,
                  0
                ],
                [
                  -71.49162575549943,
                  -52.61260729259077,
                  0
                ],
                [
                  -71.47791793049943,
                  -52.64618226759077,
                  0
                ],
                [
                  -71.58481961049942,
                  -52.66043536559076,
                  0
                ],
                [
                  -71.62925272949943,
                  -52.68382823459076,
                  0
                ],
                [
                  -71.85034364549942,
                  -52.69475409259076,
                  0
                ],
                [
                  -71.92012613849943,
                  -52.68166873059076,
                  0
                ],
                [
                  -71.96411657349942,
                  -52.64966028959076,
                  0
                ],
                [
                  -72.01432949149942,
                  -52.67277489959076,
                  0
                ],
                [
                  -72.07746844949942,
                  -52.65366293359077,
                  0
                ],
                [
                  -72.16068927849943,
                  -52.65216229959076,
                  0
                ],
                [
                  -72.19841286549942,
                  -52.69333645959076,
                  0
                ],
                [
                  -72.26876605549943,
                  -52.70090481859076,
                  0
                ],
                [
                  -72.31291481849942,
                  -52.75119778759076,
                  0
                ],
                [
                  -72.56206032549943,
                  -52.83371731859075,
                  0
                ],
                [
                  -72.62736794349942,
                  -52.82297513159077,
                  0
                ],
                [
                  -72.61137673249942,
                  -52.74192044359076,
                  0
                ],
                [
                  -72.70329567749943,
                  -52.70774075659078,
                  0
                ],
                [
                  -72.76225563849943,
                  -52.76983385559076,
                  0
                ],
                [
                  -72.87797829449943,
                  -52.81312812659076,
                  0
                ],
                [
                  -72.96017230549943,
                  -52.82500963659076,
                  0
                ],
                [
                  -72.92379535249943,
                  -52.88645169359076,
                  0
                ],
                [
                  -72.94747699249943,
                  -52.92640937659076,
                  0
                ],
                [
                  -72.89083636749943,
                  -53.05686185059075,
                  0
                ],
                [
                  -72.93356097749943,
                  -53.10479479259077,
                  0
                ],
                [
                  -72.84489724049942,
                  -53.15020494959077,
                  0
                ],
                [
                  -72.80318988349943,
                  -53.11862942859075,
                  0
                ],
                [
                  -72.74113747449942,
                  -53.11862942859075,
                  0
                ],
                [
                  -72.78190895849943,
                  -53.19162747559076,
                  0
                ],
                [
                  -72.75216449249943,
                  -53.24216458459077,
                  0
                ],
                [
                  -72.91618630249943,
                  -53.19105781359077,
                  0
                ],
                [
                  -72.98076149749943,
                  -53.16029609459077,
                  0
                ],
                [
                  -73.13896462249943,
                  -53.18763984459076,
                  0
                ],
                [
                  -73.25192035249943,
                  -53.18422187659075,
                  0
                ],
                [
                  -73.19890114649942,
                  -53.24086250159076,
                  0
                ],
                [
                  -73.07817360749942,
                  -53.28643541759077,
                  0
                ],
                [
                  -72.87712380249943,
                  -53.38197578259077,
                  0
                ],
                [
                  -72.74113747449942,
                  -53.40053046959076,
                  0
                ],
                [
                  -72.72124001349943,
                  -53.46254218859077,
                  0
                ],
                [
                  -72.65703102949942,
                  -53.47165677259076,
                  0
                ],
                [
                  -72.61658506549942,
                  -53.50746406359077,
                  0
                ],
                [
                  -72.52234678449943,
                  -53.54441067859076,
                  0
                ],
                [
                  -72.36438779949943,
                  -53.53692369959076,
                  0
                ],
                [
                  -72.48328428449943,
                  -53.40915677259076,
                  0
                ],
                [
                  -72.59095029949943,
                  -53.38685859459077,
                  0
                ],
                [
                  -72.50456520849943,
                  -53.34372708459077,
                  0
                ],
                [
                  -72.46676410249943,
                  -53.28318020959075,
                  0
                ],
                [
                  -72.41215798249942,
                  -53.25648750159077,
                  0
                ],
                [
                  -72.43510720049943,
                  -53.21644843859077,
                  0
                ],
                [
                  -72.32744118549942,
                  -53.22133125159075,
                  0
                ],
                [
                  -72.20610329449943,
                  -53.20114895959076,
                  0
                ],
                [
                  -72.22693662849943,
                  -53.15020494959077,
                  0
                ],
                [
                  -72.32145974049942,
                  -53.13213854259077,
                  0
                ],
                [
                  -72.28581520849943,
                  -53.02992500159077,
                  0
                ],
                [
                  -72.20423154949943,
                  -53.05515286559077,
                  0
                ],
                [
                  -72.15548480549943,
                  -53.10666653759075,
                  0
                ],
                [
                  -72.08541644549943,
                  -53.13441718859076,
                  0
                ],
                [
                  -72.01355772149942,
                  -53.11862942859075,
                  0
                ],
                [
                  -71.90604791849943,
                  -53.01093305259077,
                  0
                ],
                [
                  -71.53061522349942,
                  -52.86670080659075,
                  0
                ],
                [
                  -71.48377256549942,
                  -52.82492825659077,
                  0
                ],
                [
                  -71.39844423349943,
                  -52.83175999359077,
                  0
                ],
                [
                  -71.35192985949942,
                  -52.80715598259076,
                  0
                ],
                [
                  -71.24899687649943,
                  -52.78880039859078,
                  0
                ],
                [
                  -71.16910047649942,
                  -52.81285754059077,
                  0
                ],
                [
                  -71.12030819149943,
                  -52.88033403159076,
                  0
                ],
                [
                  -71.11857941549943,
                  -52.91968030459076,
                  0
                ],
                [
                  -71.19839662649943,
                  -52.92394812659077,
                  0
                ],
                [
                  -71.23466774749943,
                  -52.95586901159076,
                  0
                ],
                [
                  -71.25395485749942,
                  -53.01682278759077,
                  0
                ],
                [
                  -71.31946592449943,
                  -53.08819323059075,
                  0
                ],
                [
                  -71.38273903649943,
                  -53.12644192859077,
                  0
                ],
                [
                  -71.46692686249942,
                  -53.13295234459076,
                  0
                ],
                [
                  -71.58452126349943,
                  -53.16696927259076,
                  0
                ],
                [
                  -71.62081683649943,
                  -53.19382474059076,
                  0
                ],
                [
                  -71.74223610749942,
                  -53.22344713659076,
                  0
                ],
                [
                  -71.77299782549943,
                  -53.31931302259076,
                  0
                ],
                [
                  -71.75981423249942,
                  -53.47230781359076,
                  0
                ],
                [
                  -71.81401345049943,
                  -53.52072903759075,
                  0
                ],
                [
                  -71.89824196649943,
                  -53.53073880359076,
                  0
                ],
                [
                  -71.96257302149942,
                  -53.56027981859076,
                  0
                ],
                [
                  -71.99361957049943,
                  -53.52227526159076,
                  0
                ],
                [
                  -71.85454079449943,
                  -53.48435208459076,
                  0
                ],
                [
                  -71.80290505249943,
                  -53.45684557459077,
                  0
                ],
                [
                  -71.83476540449942,
                  -53.25209296959076,
                  0
                ],
                [
                  -71.85543597749943,
                  -53.22540026159077,
                  0
                ],
                [
                  -71.98076149749943,
                  -53.22230781359076,
                  0
                ],
                [
                  -72.02153298249942,
                  -53.24737291759078,
                  0
                ],
                [
                  -72.00428037849943,
                  -53.35031888159077,
                  0
                ],
                [
                  -72.01494118549942,
                  -53.39304349059077,
                  0
                ],
                [
                  -72.09233376349943,
                  -53.42266588659076,
                  0
                ],
                [
                  -72.16850563849943,
                  -53.41159817859076,
                  0
                ],
                [
                  -72.13554665449942,
                  -53.37131497559076,
                  0
                ],
                [
                  -72.07711566449943,
                  -53.35031888159077,
                  0
                ],
                [
                  -72.09705381549942,
                  -53.26779935059076,
                  0
                ],
                [
                  -72.28211240949943,
                  -53.24281562659076,
                  0
                ],
                [
                  -72.42326638049943,
                  -53.33184557459077,
                  0
                ],
                [
                  -72.40629860749942,
                  -53.36163073059076,
                  0
                ],
                [
                  -72.45309222749943,
                  -53.40736640759077,
                  0
                ],
                [
                  -72.39787575549943,
                  -53.47898099059076,
                  0
                ],
                [
                  -72.29676084649942,
                  -53.55124661559076,
                  0
                ],
                [
                  -72.28390277349942,
                  -53.58127591259077,
                  0
                ],
                [
                  -72.18681618549942,
                  -53.62644192859076,
                  0
                ],
                [
                  -72.11422503949943,
                  -53.68405911559076,
                  0
                ],
                [
                  -72.05327126349943,
                  -53.70700833459077,
                  0
                ],
                [
                  -71.99215472749943,
                  -53.67844388159077,
                  0
                ],
                [
                  -71.94283832049943,
                  -53.72442369959076,
                  0
                ],
                [
                  -71.86495746149943,
                  -53.73321276159075,
                  0
                ],
                [
                  -71.64445778649943,
                  -53.82370755359076,
                  0
                ],
                [
                  -71.47966286549942,
                  -53.82940416759076,
                  0
                ],
                [
                  -71.33586403649943,
                  -53.87961575659077,
                  0
                ],
                [
                  -71.22856423249942,
                  -53.87473294359076,
                  0
                ],
                [
                  -71.03406553449943,
                  -53.80979153759075,
                  0
                ],
                [
                  -70.97343727949942,
                  -53.75608060059076,
                  0
                ],
                [
                  -70.97929665449942,
                  -53.67933906359077,
                  0
                ],
                [
                  -70.93925759149943,
                  -53.59226224059076,
                  0
                ],
                [
                  -70.98271462249943,
                  -53.46775052259076,
                  0
                ],
                [
                  -70.99256162849943,
                  -53.38303372559075,
                  0
                ],
                [
                  -70.96354958349943,
                  -53.32680000159076,
                  0
                ],
                [
                  -70.95740537849943,
                  -53.22287747559076,
                  0
                ],
                [
                  -70.88693011749943,
                  -53.11390937659076,
                  0
                ],
                [
                  -70.86593402349942,
                  -53.04978177259077,
                  0
                ],
                [
                  -70.81669899749943,
                  -52.99249010559076,
                  0
                ],
                [
                  -70.81026996149943,
                  -52.92722317859076,
                  0
                ],
                [
                  -70.84106319049943,
                  -52.90347185959077,
                  0
                ],
                [
                  -70.81193825549943,
                  -52.82142890759076,
                  0
                ],
                [
                  -70.74748513049943,
                  -52.79709622559076,
                  0
                ],
                [
                  -70.80559059949942,
                  -52.74777981859076,
                  0
                ],
                [
                  -70.71622813249942,
                  -52.73710835459077,
                  0
                ],
                [
                  -70.63299756449943,
                  -52.70842774759076,
                  0
                ],
                [
                  -70.58285449249942,
                  -52.67204380059076,
                  0
                ],
                [
                  -70.51754946849942,
                  -52.72329946159076,
                  0
                ],
                [
                  -70.32160800349942,
                  -52.63819170659076,
                  0
                ],
                [
                  -70.24194436549942,
                  -52.63943303659077,
                  0
                ],
                [
                  -70.15179697349943,
                  -52.58655285359077,
                  0
                ],
                [
                  -70.08323089849942,
                  -52.57526556859077,
                  0
                ],
                [
                  -69.94550442649943,
                  -52.53113874859076,
                  0
                ],
                [
                  -69.84639467649943,
                  -52.48658722059076,
                  0
                ],
                [
                  -69.77963464049942,
                  -52.52265854859075,
                  0
                ],
                [
                  -69.67216657549943,
                  -52.53090107259077,
                  0
                ],
                [
                  -69.56132790449942,
                  -52.45391588659076,
                  0
                ],
                [
                  -69.54513324249943,
                  -52.39939114759076,
                  0
                ],
                [
                  -69.49675270849943,
                  -52.38539375159076,
                  0
                ],
                [
                  -69.48230772149942,
                  -52.29050442859075,
                  0
                ],
                [
                  -69.44182106849942,
                  -52.25217435059075,
                  0
                ],
                [
                  -69.34603341049943,
                  -52.24460973159075,
                  0
                ],
                [
                  -69.23452320149943,
                  -52.20318760459077,
                  0
                ],
                [
                  -69.12993141949943,
                  -52.20814765759075,
                  0
                ],
                [
                  -69.00794248749942,
                  -52.26731106859076,
                  0
                ],
                [
                  -68.89827647949943,
                  -52.30358173359076,
                  0
                ],
                [
                  -68.78502055633393,
                  -52.32454830071877,
                  0
                ],
                [
                  -68.71444182724764,
                  -52.31616294908763,
                  0
                ],
                [
                  -68.56223161407961,
                  -52.34649278789833,
                  0
                ],
                [
                  -68.50214507949943,
                  -52.33732453459076,
                  0
                ],
                [
                  -68.47584660847048,
                  -52.34454766320917,
                  0
                ],
                [
                  -68.45545784729477,
                  -52.35942551763276,
                  0
                ],
                [
                  -68.44037137388227,
                  -52.39489374559631,
                  0
                ],
                [
                  -68.43236507949943,
                  -52.39766453459076,
                  0
                ],
                [
                  -68.43064507949943,
                  -52.39493453459076,
                  0
                ],
                [
                  -68.41846507949943,
                  -52.38644453459077,
                  0
                ],
                [
                  -68.41863507949942,
                  -52.33245453459077,
                  0
                ],
                [
                  -68.51336677949942,
                  -52.32951253459076,
                  0
                ],
                [
                  -68.57328687949942,
                  -52.32521883459076,
                  0
                ],
                [
                  -68.58581887949943,
                  -52.30673473459076,
                  0
                ],
                [
                  -68.70951167949943,
                  -52.28553413459076,
                  0
                ],
                [
                  -68.83779517949942,
                  -52.27780993459076,
                  0
                ],
                [
                  -68.98668807949943,
                  -52.20365633459076,
                  0
                ],
                [
                  -69.07845747949943,
                  -52.18515693459076,
                  0
                ],
                [
                  -69.18995967949942,
                  -52.15048713459076,
                  0
                ],
                [
                  -69.48613117949942,
                  -52.15169813459076,
                  0
                ],
                [
                  -69.99529507949943,
                  -52.00004453459076,
                  0
                ],
                [
                  -70.53049507949943,
                  -52.00004453459076,
                  0
                ],
                [
                  -70.70996507949943,
                  -52.00004453459076,
                  0
                ],
                [
                  -70.93550507949942,
                  -52.00004453459076,
                  0
                ],
                [
                  -71.16097507949942,
                  -52.00004453459076,
                  0
                ],
                [
                  -71.38643507949942,
                  -52.00004453459076,
                  0
                ],
                [
                  -71.61195507949942,
                  -52.00004453459076,
                  0
                ],
                [
                  -71.83741507949942,
                  -52.00004453459076,
                  0
                ],
                [
                  -71.91751507949942,
                  -52.00004453459076,
                  0
                ],
                [
                  -71.92040655187499,
                  -51.99871432736234,
                  0
                ],
                [
                  -71.92769694112268,
                  -51.98982406670276,
                  0
                ],
                [
                  -71.9400350209771,
                  -51.98727946173987,
                  0
                ],
                [
                  -71.95142368477806,
                  -51.98735028641789,
                  0
                ],
                [
                  -71.95463808775405,
                  -51.97776168323088,
                  0
                ],
                [
                  -71.96140895527363,
                  -51.97548134967321,
                  0
                ],
                [
                  -71.96505507949942,
                  -51.97067453459076,
                  0
                ],
                [
                  -71.97482387191408,
                  -51.97077230960979,
                  0
                ],
                [
                  -71.99491586745066,
                  -51.97720488167457,
                  0
                ],
                [
                  -72.00591224878245,
                  -51.97794999191957,
                  0
                ],
                [
                  -72.0143755380224,
                  -51.96866479365938,
                  0
                ],
                [
                  -72.02381507949943,
                  -51.96504453459077,
                  0
                ],
                [
                  -72.02468078682746,
                  -51.95792024410814,
                  0
                ],
                [
                  -72.00547705244534,
                  -51.94901025158853,
                  0
                ],
                [
                  -71.9770325774941,
                  -51.93576887230061,
                  0
                ],
                [
                  -71.96004507949942,
                  -51.92798453459076,
                  0
                ],
                [
                  -71.94510830979993,
                  -51.91985231607287,
                  0
                ],
                [
                  -71.9308945955539,
                  -51.92201175229728,
                  0
                ],
                [
                  -71.92491245798554,
                  -51.91471044445117,
                  0
                ],
                [
                  -71.9354357949725,
                  -51.9086365771178,
                  0
                ],
                [
                  -71.93875503397662,
                  -51.89288047109979,
                  0
                ],
                [
                  -71.94168212991404,
                  -51.88126466891362,
                  0
                ],
                [
                  -71.94765344354873,
                  -51.86860920635673,
                  0
                ],
                [
                  -71.96084808274914,
                  -51.86410305430151,
                  0
                ],
                [
                  -71.98154507949943,
                  -51.84499453459076,
                  0
                ],
                [
                  -72.00157951602951,
                  -51.82442090412875,
                  0
                ],
                [
                  -72.0211473727874,
                  -51.80746693154742,
                  0
                ],
                [
                  -72.04248641991244,
                  -51.79418596500764,
                  0
                ],
                [
                  -72.07243507949943,
                  -51.77864453459076,
                  0
                ],
                [
                  -72.07292603462167,
                  -51.77092556990517,
                  0
                ],
                [
                  -72.11041578650939,
                  -51.76459733770369,
                  0
                ],
                [
                  -72.11859920042525,
                  -51.7505501408166,
                  0
                ],
                [
                  -72.12020172133178,
                  -51.7412464644823,
                  0
                ],
                [
                  -72.14194507949942,
                  -51.73946453459078,
                  0
                ],
                [
                  -72.1504234536602,
                  -51.74153537910618,
                  0
                ],
                [
                  -72.17103960990731,
                  -51.73920251256001,
                  0
                ],
                [
                  -72.17991466186281,
                  -51.73516512057306,
                  0
                ],
                [
                  -72.16399166985168,
                  -51.73126995890611,
                  0
                ],
                [
                  -72.15676252090053,
                  -51.72665766375199,
                  0
                ],
                [
                  -72.1684994356566,
                  -51.71931782804899,
                  0
                ],
                [
                  -72.18690507949943,
                  -51.72076453459076,
                  0
                ],
                [
                  -72.19615327759671,
                  -51.71032242353411,
                  0
                ],
                [
                  -72.21881695350599,
                  -51.70271544688279,
                  0
                ],
                [
                  -72.24718308287528,
                  -51.69798243556895,
                  0
                ],
                [
                  -72.28095507949942,
                  -51.70153453459076,
                  0
                ],
                [
                  -72.29542584411529,
                  -51.69768947008053,
                  0
                ],
                [
                  -72.2988844213681,
                  -51.68786482368215,
                  0
                ],
                [
                  -72.2944651137825,
                  -51.68359316128425,
                  0
                ],
                [
                  -72.28872893916339,
                  -51.67839315500493,
                  0
                ],
                [
                  -72.28523737969337,
                  -51.6709651687014,
                  0
                ],
                [
                  -72.28422201570918,
                  -51.65512574597092,
                  0
                ],
                [
                  -72.28984132976439,
                  -51.64556146074302,
                  0
                ],
                [
                  -72.27735854252265,
                  -51.63512721593138,
                  0
                ],
                [
                  -72.29452659623519,
                  -51.62942441811566,
                  0
                ],
                [
                  -72.31374702644483,
                  -51.62451631691707,
                  0
                ],
                [
                  -72.31570013006976,
                  -51.61770733980417,
                  0
                ],
                [
                  -72.31884195189544,
                  -51.59865002045147,
                  0
                ],
                [
                  -72.32285689038315,
                  -51.58972072216866,
                  0
                ],
                [
                  -72.32915797547551,
                  -51.58251592188997,
                  0
                ],
                [
                  -72.35133507949942,
                  -51.58351453459076,
                  0
                ],
                [
                  -72.37552507949943,
                  -51.57958453459077,
                  0
                ],
                [
                  -72.39532784306796,
                  -51.58673945538693,
                  0
                ],
                [
                  -72.43702664495979,
                  -51.5834479965205,
                  0
                ],
                [
                  -72.42418244508323,
                  -51.54775501699802,
                  0
                ],
                [
                  -72.41574061858962,
                  -51.5439147220938,
                  0
                ],
                [
                  -72.39754079723721,
                  -51.53064424415753,
                  0
                ],
                [
                  -72.38871507949943,
                  -51.52594453459075,
                  0
                ],
                [
                  -72.39367790439286,
                  -51.52212627877783,
                  0
                ],
                [
                  -72.39860229164694,
                  -51.52197939843052,
                  0
                ],
                [
                  -72.40524940005548,
                  -51.51900528936958,
                  0
                ],
                [
                  -72.40375680498474,
                  -51.51388463126238,
                  0
                ],
                [
                  -72.3940828518839,
                  -51.51537172571652,
                  0
                ],
                [
                  -72.38794492988121,
                  -51.51743540481093,
                  0
                ],
                [
                  -72.37856348965256,
                  -51.52243769523247,
                  0
                ],
                [
                  -72.36727791906944,
                  -51.52469666755723,
                  0
                ],
                [
                  -72.35699322249705,
                  -51.5274941632717,
                  0
                ],
                [
                  -72.35309461577347,
                  -51.52365682026892,
                  0
                ],
                [
                  -72.34337286817498,
                  -51.52071229053347,
                  0
                ],
                [
                  -72.35064576763737,
                  -51.4990987695305,
                  0
                ],
                [
                  -72.34870322017356,
                  -51.48802939090628,
                  0
                ],
                [
                  -72.34552732791448,
                  -51.48100168994662,
                  0
                ],
                [
                  -72.34213559971342,
                  -51.47921065354317,
                  0
                ],
                [
                  -72.33100243898286,
                  -51.48059485931674,
                  0
                ],
                [
                  -72.32241209246311,
                  -51.47675566135832,
                  0
                ],
                [
                  -72.32439753857088,
                  -51.46656548324738,
                  0
                ],
                [
                  -72.33552966375046,
                  -51.45647040898871,
                  0
                ],
                [
                  -72.33864011134891,
                  -51.44815193286696,
                  0
                ],
                [
                  -72.3369142014713,
                  -51.43809382503006,
                  0
                ],
                [
                  -72.3362398599161,
                  -51.43003638686918,
                  0
                ],
                [
                  -72.33562503139996,
                  -51.4233624280599,
                  0
                ],
                [
                  -72.32945055765069,
                  -51.41712901272491,
                  0
                ],
                [
                  -72.3198730184735,
                  -51.4070499310341,
                  0
                ],
                [
                  -72.30811851667447,
                  -51.40459668230879,
                  0
                ],
                [
                  -72.30642468914357,
                  -51.38293955462938,
                  0
                ],
                [
                  -72.30555299762403,
                  -51.36704703638328,
                  0
                ],
                [
                  -72.32066850046573,
                  -51.34901609321423,
                  0
                ],
                [
                  -72.32714714971407,
                  -51.34351190159992,
                  0
                ],
                [
                  -72.33271092981697,
                  -51.3435418248448,
                  0
                ],
                [
                  -72.33894387407244,
                  -51.34868183177988,
                  0
                ],
                [
                  -72.34663363409594,
                  -51.34886688299714,
                  0
                ],
                [
                  -72.34909345528244,
                  -51.34250688908209,
                  0
                ],
                [
                  -72.35675023489499,
                  -51.34264971175686,
                  0
                ],
                [
                  -72.36756571473973,
                  -51.34126402930925,
                  0
                ],
                [
                  -72.36015244825269,
                  -51.32343225702555,
                  0
                ],
                [
                  -72.35646323716466,
                  -51.31923080345822,
                  0
                ],
                [
                  -72.342979683952,
                  -51.31784682620631,
                  0
                ],
                [
                  -72.32627532774242,
                  -51.31664040790705,
                  0
                ],
                [
                  -72.32249369348759,
                  -51.3110246160504,
                  0
                ],
                [
                  -72.30656840614066,
                  -51.30860826600888,
                  0
                ],
                [
                  -72.30598922033607,
                  -51.30303978793482,
                  0
                ],
                [
                  -72.28950106672904,
                  -51.31075367774951,
                  0
                ],
                [
                  -72.27274809160522,
                  -51.30959966415009,
                  0
                ],
                [
                  -72.26218084900789,
                  -51.31083752434168,
                  0
                ],
                [
                  -72.25348824948611,
                  -51.3167250346913,
                  0
                ],
                [
                  -72.2459448033014,
                  -51.31886239343606,
                  0
                ],
                [
                  -72.23855538201379,
                  -51.32018970983899,
                  0
                ],
                [
                  -72.23789437769548,
                  -51.32370187281181,
                  0
                ],
                [
                  -72.23910710415052,
                  -51.32700136732307,
                  0
                ],
                [
                  -72.2395011524866,
                  -51.32805509211612,
                  0
                ],
                [
                  -72.22971159528413,
                  -51.34204788196357,
                  0
                ],
                [
                  -72.23495882155704,
                  -51.34763219195667,
                  0
                ],
                [
                  -72.23467303323116,
                  -51.35237656015313,
                  0
                ],
                [
                  -72.22703161233127,
                  -51.35825387159245,
                  0
                ],
                [
                  -72.22521290642382,
                  -51.36847150814155,
                  0
                ],
                [
                  -72.2295418419094,
                  -51.37406378704709,
                  0
                ],
                [
                  -72.23425140777896,
                  -51.37478064695285,
                  0
                ],
                [
                  -72.23566584347638,
                  -51.37817272059977,
                  0
                ],
                [
                  -72.20732062155562,
                  -51.38338104297947,
                  0
                ],
                [
                  -72.16952615676936,
                  -51.38527091283854,
                  0
                ],
                [
                  -72.11868918210293,
                  -51.38506519322853,
                  0
                ],
                [
                  -72.1020166432922,
                  -51.38492767119267,
                  0
                ],
                [
                  -72.09534045365122,
                  -51.38327570929059,
                  0
                ],
                [
                  -72.09731182904166,
                  -51.37846862879562,
                  0
                ],
                [
                  -72.08818029185427,
                  -51.36869502540078,
                  0
                ],
                [
                  -72.08048401235062,
                  -51.36594703388635,
                  0
                ],
                [
                  -72.07076156988981,
                  -51.35886880954649,
                  0
                ],
                [
                  -72.07231932354816,
                  -51.32576549409129,
                  0
                ],
                [
                  -72.07220910315607,
                  -51.3242470934777,
                  0
                ],
                [
                  -72.06365740223848,
                  -51.32472894020172,
                  0
                ],
                [
                  -72.0610415267682,
                  -51.32213507198772,
                  0
                ],
                [
                  -72.05301623060797,
                  -51.32099720585068,
                  0
                ],
                [
                  -72.04998478023472,
                  -51.31905186343027,
                  0
                ],
                [
                  -72.04242843932701,
                  -51.31702900873567,
                  0
                ],
                [
                  -72.03662892995739,
                  -51.31777584796007,
                  0
                ],
                [
                  -72.0299165901524,
                  -51.31347365324238,
                  0
                ],
                [
                  -72.01489841138084,
                  -51.31082972578086,
                  0
                ],
                [
                  -72.01441487091792,
                  -51.30798568347773,
                  0
                ],
                [
                  -72.01625617464848,
                  -51.30352193553243,
                  0
                ],
                [
                  -72.021448213572,
                  -51.30216143864213,
                  0
                ],
                [
                  -72.03391535460113,
                  -51.29397527258769,
                  0
                ],
                [
                  -72.08661244312187,
                  -51.27285608610462,
                  0
                ],
                [
                  -72.08700034564191,
                  -51.27074419631136,
                  0
                ],
                [
                  -72.06665284816057,
                  -51.24810320033665,
                  0
                ],
                [
                  -72.06536762818095,
                  -51.23991875613611,
                  0
                ],
                [
                  -72.06779948266987,
                  -51.22843305877841,
                  0
                ],
                [
                  -72.07681790594027,
                  -51.21627639382633,
                  0
                ],
                [
                  -72.08801265691706,
                  -51.21192587887945,
                  0
                ],
                [
                  -72.14891217506462,
                  -51.20255617263797,
                  0
                ],
                [
                  -72.18879997605967,
                  -51.18810739703087,
                  0
                ],
                [
                  -72.20966947985775,
                  -51.18518899704542,
                  0
                ],
                [
                  -72.23661980181203,
                  -51.18514032834604,
                  0
                ],
                [
                  -72.28892435575682,
                  -51.17792668173405,
                  0
                ],
                [
                  -72.28361273914089,
                  -51.17280615740616,
                  0
                ],
                [
                  -72.2162510436601,
                  -51.15735510428829,
                  0
                ],
                [
                  -72.2052826968148,
                  -51.15218238878743,
                  0
                ],
                [
                  -72.16563239936629,
                  -51.13985210664563,
                  0
                ],
                [
                  -72.15880530370357,
                  -51.13849324958592,
                  0
                ],
                [
                  -72.1544805677811,
                  -51.13561955864245,
                  0
                ],
                [
                  -72.13844846229621,
                  -51.13346519902181,
                  0
                ],
                [
                  -72.11231881190844,
                  -51.13406226681778,
                  0
                ],
                [
                  -72.09161330644599,
                  -51.13187372191499,
                  0
                ],
                [
                  -72.0818684177823,
                  -51.13060209243438,
                  0
                ],
                [
                  -72.07106146367543,
                  -51.13077812748211,
                  0
                ],
                [
                  -72.06443513394105,
                  -51.1265871164644,
                  0
                ],
                [
                  -72.05524503304107,
                  -51.12557288090287,
                  0
                ],
                [
                  -72.05028316243427,
                  -51.12039376246669,
                  0
                ],
                [
                  -72.02597266960693,
                  -51.11387596709449,
                  0
                ],
                [
                  -71.99177929865074,
                  -51.09643647443503,
                  0
                ],
                [
                  -71.96630985512095,
                  -51.08330928554855,
                  0
                ],
                [
                  -71.937753135526,
                  -51.06094078385477,
                  0
                ],
                [
                  -71.93764452480121,
                  -51.05242576241279,
                  0
                ],
                [
                  -71.93231515881904,
                  -51.04687757633128,
                  0
                ],
                [
                  -71.92913639001324,
                  -51.03513436668048,
                  0
                ],
                [
                  -71.92064369814432,
                  -51.02256746294374,
                  0
                ],
                [
                  -71.91711509874274,
                  -51.00007255760448,
                  0
                ],
                [
                  -71.91779610101622,
                  -50.98269110352439,
                  0
                ],
                [
                  -71.94351664731211,
                  -50.95990539102109,
                  0
                ],
                [
                  -71.93792105324243,
                  -50.94708297953166,
                  0
                ],
                [
                  -71.94243420290451,
                  -50.94241053246219,
                  0
                ],
                [
                  -71.94265731902823,
                  -50.93929785182888,
                  0
                ],
                [
                  -71.937459662355,
                  -50.93211338524635,
                  0
                ],
                [
                  -71.9369342094516,
                  -50.92288243839592,
                  0
                ],
                [
                  -71.92168967172917,
                  -50.90493277129077,
                  0
                ],
                [
                  -71.92787099782647,
                  -50.8875119948192,
                  0
                ],
                [
                  -71.93408402699143,
                  -50.87648503191172,
                  0
                ],
                [
                  -71.92667160702521,
                  -50.84200980577988,
                  0
                ],
                [
                  -71.91967006255189,
                  -50.82901374204672,
                  0
                ],
                [
                  -71.90854175372264,
                  -50.82816118068395,
                  0
                ],
                [
                  -71.90430097978111,
                  -50.82170224567978,
                  0
                ],
                [
                  -71.883981797303,
                  -50.81737501562964,
                  0
                ],
                [
                  -71.87626523735779,
                  -50.81174283981721,
                  0
                ],
                [
                  -71.87667237101583,
                  -50.80924197782069,
                  0
                ],
                [
                  -71.88594029320778,
                  -50.80783646029658,
                  0
                ],
                [
                  -71.89470322403419,
                  -50.80727320741354,
                  0
                ],
                [
                  -71.89821223356952,
                  -50.7990572926732,
                  0
                ],
                [
                  -71.89686188402679,
                  -50.79207267764829,
                  0
                ],
                [
                  -71.87321937701938,
                  -50.77434431827428,
                  0
                ],
                [
                  -71.87049350973501,
                  -50.7637176810366,
                  0
                ],
                [
                  -71.87336111265977,
                  -50.75463141439913,
                  0
                ],
                [
                  -71.88198850569621,
                  -50.75122659274285,
                  0
                ],
                [
                  -71.88983476559207,
                  -50.75531061012892,
                  0
                ],
                [
                  -71.8999817502741,
                  -50.75389436450436,
                  0
                ],
                [
                  -71.90633120691523,
                  -50.75506878466174,
                  0
                ],
                [
                  -71.91058798018202,
                  -50.74694463635385,
                  0
                ],
                [
                  -71.91166582890774,
                  -50.74427411249221,
                  0
                ],
                [
                  -71.91728606987252,
                  -50.74446049088245,
                  0
                ],
                [
                  -71.92147849377366,
                  -50.74649489159736,
                  0
                ],
                [
                  -71.92906296297542,
                  -50.74624448162454,
                  0
                ],
                [
                  -71.93509006436628,
                  -50.74452824379356,
                  0
                ],
                [
                  -71.93538941233065,
                  -50.74103237766766,
                  0
                ],
                [
                  -71.94538062921525,
                  -50.73126154626943,
                  0
                ],
                [
                  -71.9382672276917,
                  -50.7291214964465,
                  0
                ],
                [
                  -71.94073209349972,
                  -50.72307665048204,
                  0
                ],
                [
                  -71.93087561862413,
                  -50.71785328005906,
                  0
                ],
                [
                  -71.93496469975908,
                  -50.71327749536651,
                  0
                ],
                [
                  -71.94161567532045,
                  -50.71152266189716,
                  0
                ],
                [
                  -71.9430324068004,
                  -50.71101699158861,
                  0
                ],
                [
                  -71.94465550139611,
                  -50.71273486596271,
                  0
                ],
                [
                  -71.95403701611959,
                  -50.71052844693586,
                  0
                ],
                [
                  -71.95908277851795,
                  -50.70940430951612,
                  0
                ],
                [
                  -71.96262267937848,
                  -50.70615544812496,
                  0
                ],
                [
                  -71.9609427786155,
                  -50.70242051842118,
                  0
                ],
                [
                  -71.96067007259073,
                  -50.69716177484695,
                  0
                ],
                [
                  -71.96181306898151,
                  -50.69390459384029,
                  0
                ],
                [
                  -71.9658134367676,
                  -50.69210577410347,
                  0
                ],
                [
                  -71.9715063442448,
                  -50.6924528291216,
                  0
                ],
                [
                  -71.97631655822856,
                  -50.6969009335883,
                  0
                ],
                [
                  -71.98453088479837,
                  -50.70015487580438,
                  0
                ],
                [
                  -71.99407977691443,
                  -50.69713241167328,
                  0
                ],
                [
                  -72.00020637254188,
                  -50.6925830654056,
                  0
                ],
                [
                  -72.00732735690012,
                  -50.69348904722639,
                  0
                ],
                [
                  -72.01772185143727,
                  -50.70231587796163,
                  0
                ],
                [
                  -72.01859314658887,
                  -50.70470117795145,
                  0
                ],
                [
                  -72.0150860793302,
                  -50.70898670735942,
                  0
                ],
                [
                  -72.02278704536702,
                  -50.70980369073147,
                  0
                ],
                [
                  -72.02601835891852,
                  -50.70670756129567,
                  0
                ],
                [
                  -72.03147790476254,
                  -50.70558335792479,
                  0
                ],
                [
                  -72.03295859794075,
                  -50.70126336166223,
                  0
                ],
                [
                  -72.03366260874803,
                  -50.69942761729513,
                  0
                ],
                [
                  -72.04669534380474,
                  -50.69856972725431,
                  0
                ],
                [
                  -72.05325694799187,
                  -50.6966515321506,
                  0
                ],
                [
                  -72.05480252626536,
                  -50.69364122196999,
                  0
                ],
                [
                  -72.05873039944606,
                  -50.69258241439957,
                  0
                ],
                [
                  -72.06422095490886,
                  -50.69311698713634,
                  0
                ],
                [
                  -72.07034846298089,
                  -50.67748603662817,
                  0
                ],
                [
                  -72.07669855896839,
                  -50.67381733406504,
                  0
                ],
                [
                  -72.07901689877552,
                  -50.66991276699177,
                  0
                ],
                [
                  -72.07903067885348,
                  -50.66500495551508,
                  0
                ],
                [
                  -72.07516286979913,
                  -50.660936774106,
                  0
                ],
                [
                  -72.0719413959961,
                  -50.65931827201371,
                  0
                ],
                [
                  -72.07128860752205,
                  -50.65794820140728,
                  0
                ],
                [
                  -72.07908390723054,
                  -50.65689178828661,
                  0
                ],
                [
                  -72.07831345383794,
                  -50.65510215114912,
                  0
                ],
                [
                  -72.08082660768368,
                  -50.65196050392184,
                  0
                ],
                [
                  -72.07560164578838,
                  -50.64944482922107,
                  0
                ],
                [
                  -72.07307852305047,
                  -50.64368688702331,
                  0
                ],
                [
                  -72.07292443211779,
                  -50.63975952069139,
                  0
                ],
                [
                  -72.09117534557204,
                  -50.63977326846803,
                  0
                ],
                [
                  -72.09116168596641,
                  -50.63442828330426,
                  0
                ],
                [
                  -72.09795501085824,
                  -50.62873679770753,
                  0
                ],
                [
                  -72.09939307005662,
                  -50.62538052667186,
                  0
                ],
                [
                  -72.10808386722137,
                  -50.62590465120213,
                  0
                ],
                [
                  -72.11348927532244,
                  -50.62406884070275,
                  0
                ],
                [
                  -72.11716992148557,
                  -50.61988022488335,
                  0
                ],
                [
                  -72.14221614117513,
                  -50.61778606257835,
                  0
                ],
                [
                  -72.15138784244078,
                  -50.61183237074589,
                  0
                ],
                [
                  -72.16232727032529,
                  -50.62256486717209,
                  0
                ],
                [
                  -72.17348798173802,
                  -50.6274779697746,
                  0
                ],
                [
                  -72.17507087482592,
                  -50.63449001810068,
                  0
                ],
                [
                  -72.18324651173528,
                  -50.64861211768436,
                  0
                ],
                [
                  -72.18674436120992,
                  -50.65234208452947,
                  0
                ],
                [
                  -72.19082935608355,
                  -50.6531665333183,
                  0
                ],
                [
                  -72.19446616763092,
                  -50.65758481719899,
                  0
                ],
                [
                  -72.19831437430379,
                  -50.65886993389498,
                  0
                ],
                [
                  -72.20581467124337,
                  -50.65325182928518,
                  0
                ],
                [
                  -72.20947339891367,
                  -50.64503347804254,
                  0
                ],
                [
                  -72.21519380352225,
                  -50.64368372934097,
                  0
                ],
                [
                  -72.22284034315769,
                  -50.64713106428158,
                  0
                ],
                [
                  -72.22950212242876,
                  -50.6447350311036,
                  0
                ],
                [
                  -72.24558157553446,
                  -50.64563312987522,
                  0
                ],
                [
                  -72.25283356881786,
                  -50.64351723918114,
                  0
                ],
                [
                  -72.25916772184061,
                  -50.64397527204122,
                  0
                ],
                [
                  -72.26062273581165,
                  -50.64098759587292,
                  0
                ],
                [
                  -72.26537293632312,
                  -50.64327959126225,
                  0
                ],
                [
                  -72.26905280495961,
                  -50.65114124239635,
                  0
                ],
                [
                  -72.27082423347017,
                  -50.651747959682,
                  0
                ],
                [
                  -72.28810016945762,
                  -50.65582043388547,
                  0
                ],
                [
                  -72.29907706735827,
                  -50.64991682691799,
                  0
                ],
                [
                  -72.31909053148527,
                  -50.65151368718933,
                  0
                ],
                [
                  -72.33552598347113,
                  -50.64922152068129,
                  0
                ],
                [
                  -72.34034718945716,
                  -50.63707680187002,
                  0
                ],
                [
                  -72.33835432032524,
                  -50.6332227304888,
                  0
                ],
                [
                  -72.34316645286684,
                  -50.62773807778803,
                  0
                ],
                [
                  -72.34795160564978,
                  -50.6194545983665,
                  0
                ],
                [
                  -72.3544974660262,
                  -50.6168946192117,
                  0
                ],
                [
                  -72.36093540736461,
                  -50.61599681747255,
                  0
                ],
                [
                  -72.38193277311292,
                  -50.62425574708869,
                  0
                ],
                [
                  -72.38871524647529,
                  -50.62810155954736,
                  0
                ],
                [
                  -72.40061674834725,
                  -50.63320257219209,
                  0
                ],
                [
                  -72.40506330288447,
                  -50.63649837413539,
                  0
                ],
                [
                  -72.40881485513925,
                  -50.63522482565835,
                  0
                ],
                [
                  -72.41268862542168,
                  -50.63075885999226,
                  0
                ],
                [
                  -72.41499216464744,
                  -50.62431926605915,
                  0
                ],
                [
                  -72.4126430191663,
                  -50.62218396459473,
                  0
                ],
                [
                  -72.41490095213784,
                  -50.61983197554974,
                  0
                ],
                [
                  -72.42576815297595,
                  -50.61608724783359,
                  0
                ],
                [
                  -72.4538538895483,
                  -50.61569798274625,
                  0
                ],
                [
                  -72.47857113273282,
                  -50.60148565248333,
                  0
                ],
                [
                  -72.49171227684137,
                  -50.59973999116007,
                  0
                ],
                [
                  -72.49690997890256,
                  -50.60190936380235,
                  0
                ],
                [
                  -72.50118923731273,
                  -50.60582753462085,
                  0
                ],
                [
                  -72.50454324010633,
                  -50.61191488552474,
                  0
                ],
                [
                  -72.52394903661201,
                  -50.61619012448944,
                  0
                ],
                [
                  -72.52969217701151,
                  -50.61744085556932,
                  0
                ],
                [
                  -72.54025033598576,
                  -50.61850958520165,
                  0
                ],
                [
                  -72.54661581017368,
                  -50.62002161623408,
                  0
                ],
                [
                  -72.54934214226421,
                  -50.62563135643899,
                  0
                ],
                [
                  -72.55457478259765,
                  -50.63321646835794,
                  0
                ],
                [
                  -72.55515453734975,
                  -50.63649259832022,
                  0
                ],
                [
                  -72.56287787848946,
                  -50.64135970036411,
                  0
                ],
                [
                  -72.56337921612494,
                  -50.64547212980896,
                  0
                ],
                [
                  -72.56994323772848,
                  -50.64701173821454,
                  0
                ],
                [
                  -72.57609994624836,
                  -50.64648510876165,
                  0
                ],
                [
                  -72.57856455814358,
                  -50.65271324291426,
                  0
                ],
                [
                  -72.58209622033945,
                  -50.65512762935116,
                  0
                ],
                [
                  -72.58403515221372,
                  -50.66438988877648,
                  0
                ],
                [
                  -72.57952764638962,
                  -50.67760334403027,
                  0
                ],
                [
                  -72.595750637565,
                  -50.6795964098576,
                  0
                ],
                [
                  -72.61197362874037,
                  -50.67391416742868,
                  0
                ],
                [
                  -72.6135094677801,
                  -50.66593870206136,
                  0
                ],
                [
                  -72.61714551614762,
                  -50.66121981543164,
                  0
                ],
                [
                  -72.62287790690783,
                  -50.65738693402695,
                  0
                ],
                [
                  -72.63373469018387,
                  -50.65576902368264,
                  0
                ],
                [
                  -72.63946708094407,
                  -50.65356042647076,
                  0
                ],
                [
                  -72.64422834324169,
                  -50.65388177459031,
                  0
                ],
                [
                  -72.65095574464604,
                  -50.65629643857927,
                  0
                ],
                [
                  -72.65442216899518,
                  -50.66284495054718,
                  0
                ],
                [
                  -72.66161542426553,
                  -50.65935285914723,
                  0
                ],
                [
                  -72.6680274598198,
                  -50.65542491492596,
                  0
                ],
                [
                  -72.68102872436535,
                  -50.64218481957797,
                  0
                ],
                [
                  -72.68473271670531,
                  -50.64201095413759,
                  0
                ],
                [
                  -72.69262939383074,
                  -50.64804089005492,
                  0
                ],
                [
                  -72.71291028366315,
                  -50.63237379126655,
                  0
                ],
                [
                  -72.71932389765814,
                  -50.62188069675086,
                  0
                ],
                [
                  -72.72532582784653,
                  -50.61840756406865,
                  0
                ],
                [
                  -72.72527165778887,
                  -50.61256980431782,
                  0
                ],
                [
                  -72.73574374056875,
                  -50.61565849058824,
                  0
                ],
                [
                  -72.73817859179944,
                  -50.62309008394552,
                  0
                ],
                [
                  -72.75321879875034,
                  -50.62941105832747,
                  0
                ],
                [
                  -72.77031132784104,
                  -50.62781402558769,
                  0
                ],
                [
                  -72.78138641842965,
                  -50.62946842025159,
                  0
                ],
                [
                  -72.80023579320044,
                  -50.6354838230275,
                  0
                ],
                [
                  -72.82608814337166,
                  -50.64993785661379,
                  0
                ],
                [
                  -72.83507469377132,
                  -50.65042398948562,
                  0
                ],
                [
                  -72.8509469019492,
                  -50.65184065179801,
                  0
                ],
                [
                  -72.87630290734744,
                  -50.66875389196827,
                  0
                ],
                [
                  -72.88555206932462,
                  -50.66746743485896,
                  0
                ],
                [
                  -72.89284563263695,
                  -50.6697774606717,
                  0
                ],
                [
                  -72.89764349486006,
                  -50.67770785456501,
                  0
                ],
                [
                  -72.90289502386115,
                  -50.68151805700015,
                  0
                ],
                [
                  -72.90674430244893,
                  -50.69603830126117,
                  0
                ],
                [
                  -72.91111596991784,
                  -50.69787060518901,
                  0
                ],
                [
                  -72.9150201925542,
                  -50.70076994170691,
                  0
                ],
                [
                  -72.92010663715686,
                  -50.70292943203306,
                  0
                ],
                [
                  -72.92504185949986,
                  -50.70317306414157,
                  0
                ],
                [
                  -72.92513796954142,
                  -50.70207583761358,
                  0
                ],
                [
                  -72.93126885556619,
                  -50.70228426244937,
                  0
                ],
                [
                  -72.94052509063661,
                  -50.70535400376592,
                  0
                ],
                [
                  -72.94312754629162,
                  -50.70727448815007,
                  0
                ],
                [
                  -72.94107378915007,
                  -50.71073546691057,
                  0
                ],
                [
                  -72.94513227687604,
                  -50.71880846071166,
                  0
                ],
                [
                  -72.94599058387594,
                  -50.72289025569536,
                  0
                ],
                [
                  -72.95133653210173,
                  -50.72971594813027,
                  0
                ],
                [
                  -72.9511404258752,
                  -50.7349446769072,
                  0
                ],
                [
                  -72.95558732572349,
                  -50.74042814562997,
                  0
                ],
                [
                  -72.9647835699395,
                  -50.73837740983098,
                  0
                ],
                [
                  -72.971985611174,
                  -50.7400189306179,
                  0
                ],
                [
                  -72.98366769297292,
                  -50.74483670561111,
                  0
                ],
                [
                  -72.9873729628458,
                  -50.75064700862726,
                  0
                ],
                [
                  -73.00240865970818,
                  -50.75442983275987,
                  0
                ],
                [
                  -73.00338068644437,
                  -50.76185085006443,
                  0
                ],
                [
                  -73.02416282916526,
                  -50.76094889662985,
                  0
                ],
                [
                  -73.0294123437049,
                  -50.75820207709423,
                  0
                ],
                [
                  -73.03284719113154,
                  -50.7587077383951,
                  0
                ],
                [
                  -73.03660591171698,
                  -50.76006085062517,
                  0
                ],
                [
                  -73.04278418845314,
                  -50.76141396285523,
                  0
                ],
                [
                  -73.05170257225058,
                  -50.76749813899098,
                  0
                ],
                [
                  -73.05820139989731,
                  -50.7739648868005,
                  0
                ],
                [
                  -73.06938438807784,
                  -50.78881089822207,
                  0
                ],
                [
                  -73.0832893769279,
                  -50.78166395424918,
                  0
                ],
                [
                  -73.08948576005554,
                  -50.77770797589557,
                  0
                ],
                [
                  -73.08963325280645,
                  -50.77489946854747,
                  0
                ],
                [
                  -73.09655964067218,
                  -50.77250933713458,
                  0
                ],
                [
                  -73.09463716194674,
                  -50.77085271774287,
                  0
                ],
                [
                  -73.09407170464465,
                  -50.76700938672388,
                  0
                ],
                [
                  -73.08533593045446,
                  -50.7595954257535,
                  0
                ],
                [
                  -73.0836528068653,
                  -50.75566738185926,
                  0
                ],
                [
                  -73.08004033938533,
                  -50.75476032462734,
                  0
                ],
                [
                  -73.07900099616462,
                  -50.75247763604958,
                  0
                ],
                [
                  -73.07615530299339,
                  -50.75185780580635,
                  0
                ],
                [
                  -73.07699293862836,
                  -50.74714083858967,
                  0
                ],
                [
                  -73.07408296222964,
                  -50.74507553635395,
                  0
                ],
                [
                  -73.07613836890381,
                  -50.73167228072069,
                  0
                ],
                [
                  -73.07172688215701,
                  -50.72173263920487,
                  0
                ],
                [
                  -73.07398591314382,
                  -50.71392225038699,
                  0
                ],
                [
                  -73.07801480059449,
                  -50.70823943049602,
                  0
                ],
                [
                  -73.07532560170202,
                  -50.70472775284984,
                  0
                ],
                [
                  -73.07669052718164,
                  -50.69932587844747,
                  0
                ],
                [
                  -73.07996783807006,
                  -50.69815361773859,
                  0
                ],
                [
                  -73.0785207134347,
                  -50.69381806644776,
                  0
                ],
                [
                  -73.07632967574321,
                  -50.6927222086445,
                  0
                ],
                [
                  -73.07749047924706,
                  -50.68442499771061,
                  0
                ],
                [
                  -73.08102191336367,
                  -50.67947994868938,
                  0
                ],
                [
                  -73.08805464743735,
                  -50.66005810488996,
                  0
                ],
                [
                  -73.09106274298621,
                  -50.65020182209126,
                  0
                ],
                [
                  -73.09084403946332,
                  -50.64780126975353,
                  0
                ],
                [
                  -73.08759361908795,
                  -50.64541280079281,
                  0
                ],
                [
                  -73.08774134690982,
                  -50.64140175237812,
                  0
                ],
                [
                  -73.09392460952215,
                  -50.64210087288918,
                  0
                ],
                [
                  -73.10510223231913,
                  -50.63750045370297,
                  0
                ],
                [
                  -73.11293764427803,
                  -50.63976062332156,
                  0
                ],
                [
                  -73.1162498547616,
                  -50.6385734521219,
                  0
                ],
                [
                  -73.12037090930642,
                  -50.63681109137741,
                  0
                ],
                [
                  -73.12959514036008,
                  -50.63667233551487,
                  0
                ],
                [
                  -73.13301507949943,
                  -50.63694453459076,
                  0
                ],
                [
                  -73.1330378206681,
                  -50.62906192301458,
                  0
                ],
                [
                  -73.12231515483039,
                  -50.61847344995987,
                  0
                ],
                [
                  -73.11797611109455,
                  -50.60896275967905,
                  0
                ],
                [
                  -73.11593812963226,
                  -50.60562769517376,
                  0
                ],
                [
                  -73.11721507949943,
                  -50.60334453459076,
                  0
                ],
                [
                  -73.12384222177268,
                  -50.60288682128825,
                  0
                ],
                [
                  -73.1265375853005,
                  -50.59590225257253,
                  0
                ],
                [
                  -73.1258794219794,
                  -50.59287557899222,
                  0
                ],
                [
                  -73.13212420830868,
                  -50.5889344106464,
                  0
                ],
                [
                  -73.13493555636435,
                  -50.58489262539844,
                  0
                ],
                [
                  -73.13329958402367,
                  -50.58218606531155,
                  0
                ],
                [
                  -73.13698386327613,
                  -50.57523785662751,
                  0
                ],
                [
                  -73.14178108089995,
                  -50.5753667372997,
                  0
                ],
                [
                  -73.14645947949943,
                  -50.57009173459076,
                  0
                ],
                [
                  -73.15737015072992,
                  -50.56604569124492,
                  0
                ],
                [
                  -73.2268423527289,
                  -50.56071273004356,
                  0
                ],
                [
                  -73.24721551642679,
                  -50.51298221994087,
                  0
                ],
                [
                  -73.26161507949942,
                  -50.49908453459076,
                  0
                ],
                [
                  -73.27456830748605,
                  -50.49577868035863,
                  0
                ],
                [
                  -73.28202150752283,
                  -50.49072342222968,
                  0
                ],
                [
                  -73.28748473347906,
                  -50.48687042160357,
                  0
                ],
                [
                  -73.28332291052521,
                  -50.47820562489014,
                  0
                ],
                [
                  -73.28773152420314,
                  -50.44393432022683,
                  0
                ],
                [
                  -73.31053119960048,
                  -50.41346832547082,
                  0
                ],
                [
                  -73.3050368458871,
                  -50.40803355996966,
                  0
                ],
                [
                  -73.28749000393296,
                  -50.40296456680505,
                  0
                ],
                [
                  -73.31338024767668,
                  -50.33947467349549,
                  0
                ],
                [
                  -73.32304595583771,
                  -50.34207107192806,
                  0
                ],
                [
                  -73.33185933609674,
                  -50.33542453181478,
                  0
                ],
                [
                  -73.34599916396436,
                  -50.33621355646499,
                  0
                ],
                [
                  -73.35756068196174,
                  -50.332470702673,
                  0
                ],
                [
                  -73.34616507949943,
                  -50.24369453459077,
                  0
                ],
                [
                  -73.36491507949943,
                  -50.23201453459077,
                  0
                ],
                [
                  -73.36379107459011,
                  -50.21022928858064,
                  0
                ],
                [
                  -73.34436458416734,
                  -50.18759578846327,
                  0
                ],
                [
                  -73.34465638199582,
                  -50.17512925859897,
                  0
                ],
                [
                  -73.36999287949942,
                  -50.16380843459076,
                  0
                ],
                [
                  -73.44256352392148,
                  -50.12234036446881,
                  0
                ],
                [
                  -73.46471507949943,
                  -50.09074453459076,
                  0
                ],
                [
                  -73.46191507949943,
                  -50.05504453459077,
                  0
                ],
                [
                  -73.45818319233624,
                  -50.04580750891152,
                  0
                ],
                [
                  -73.45005962823613,
                  -50.03798057677775,
                  0
                ],
                [
                  -73.44541907479825,
                  -50.03139279759034,
                  0
                ],
                [
                  -73.43425582066382,
                  -50.0262778216533,
                  0
                ],
                [
                  -73.44047521248521,
                  -50.01363192530391,
                  0
                ],
                [
                  -73.43386239542637,
                  -50.00784614034863,
                  0
                ],
                [
                  -73.43791507949943,
                  -50.00004453459077,
                  0
                ],
                [
                  -73.44549213392776,
                  -49.98508342994949,
                  0
                ],
                [
                  -73.44316368255102,
                  -49.97669527718758,
                  0
                ],
                [
                  -73.44491321690082,
                  -49.96770191452907,
                  0
                ],
                [
                  -73.44683848579284,
                  -49.96230524433071,
                  0
                ],
                [
                  -73.45445677949942,
                  -49.95954173459076,
                  0
                ],
                [
                  -73.45545752291135,
                  -49.9587399353845,
                  0
                ],
                [
                  -73.45770811358582,
                  -49.95842057961704,
                  0
                ],
                [
                  -73.46246161009057,
                  -49.95484397612044,
                  0
                ],
                [
                  -73.46375822002919,
                  -49.94425333806257,
                  0
                ],
                [
                  -73.46613167507985,
                  -49.93994762206964,
                  0
                ],
                [
                  -73.46079607949943,
                  -49.88881153459077,
                  0
                ],
                [
                  -73.44743064605308,
                  -49.87669852513385,
                  0
                ],
                [
                  -73.43229876294576,
                  -49.869897671829,
                  0
                ],
                [
                  -73.41893332949944,
                  -49.87125589267784,
                  0
                ],
                [
                  -73.40497907949943,
                  -49.86768053459076,
                  0
                ],
                [
                  -73.38448067376571,
                  -49.86969740070443,
                  0
                ],
                [
                  -73.37241725031143,
                  -49.87514565283714,
                  0
                ],
                [
                  -73.34957789295765,
                  -49.86920142709874,
                  0
                ],
                [
                  -73.33772392132224,
                  -49.87261604826928,
                  0
                ],
                [
                  -73.31616251473505,
                  -49.86525536632215,
                  0
                ],
                [
                  -73.2084138228743,
                  -49.80562042748198,
                  0
                ],
                [
                  -73.18859435150827,
                  -49.79917453459076,
                  0
                ],
                [
                  -73.18374003780838,
                  -49.78263806955092,
                  0
                ],
                [
                  -73.1866470132431,
                  -49.77278383338586,
                  0
                ],
                [
                  -73.18358882309478,
                  -49.7709600966231,
                  0
                ],
                [
                  -73.17935306655914,
                  -49.77293892780039,
                  0
                ],
                [
                  -73.17235351147258,
                  -49.76948160747139,
                  0
                ],
                [
                  -73.17248519794755,
                  -49.76503855971229,
                  0
                ],
                [
                  -73.17029967054633,
                  -49.76087817515514,
                  0
                ],
                [
                  -73.17149964650896,
                  -49.7559571755738,
                  0
                ],
                [
                  -73.16225047527236,
                  -49.74294093511211,
                  0
                ],
                [
                  -73.1685165103494,
                  -49.73862698102798,
                  0
                ],
                [
                  -73.16878379143878,
                  -49.73407377033166,
                  0
                ],
                [
                  -73.17751896708408,
                  -49.72560190894324,
                  0
                ],
                [
                  -73.17814412392026,
                  -49.71665314517142,
                  0
                ],
                [
                  -73.18226227949943,
                  -49.71181673459077,
                  0
                ],
                [
                  -73.16243566049013,
                  -49.71072758399976,
                  0
                ],
                [
                  -73.14998178585277,
                  -49.70836707482427,
                  0
                ],
                [
                  -73.14178559048868,
                  -49.7023745481404,
                  0
                ],
                [
                  -73.12862689037584,
                  -49.7022396479727,
                  0
                ],
                [
                  -73.11081490316512,
                  -49.68423388635303,
                  0
                ],
                [
                  -73.11538174820103,
                  -49.68069637665279,
                  0
                ],
                [
                  -73.11855505995702,
                  -49.67693346370389,
                  0
                ],
                [
                  -73.11716847336119,
                  -49.67456779872958,
                  0
                ],
                [
                  -73.11447261362179,
                  -49.67372720512453,
                  0
                ],
                [
                  -73.11269324508297,
                  -49.66890437533033,
                  0
                ],
                [
                  -73.11449274551728,
                  -49.65973254209166,
                  0
                ],
                [
                  -73.12497764829904,
                  -49.65898556306507,
                  0
                ],
                [
                  -73.13013836267466,
                  -49.6571095166763,
                  0
                ],
                [
                  -73.1367232601721,
                  -49.65815815061743,
                  0
                ],
                [
                  -73.14766294916775,
                  -49.6578536254499,
                  0
                ],
                [
                  -73.13523997635352,
                  -49.64783603979973,
                  0
                ],
                [
                  -73.12254892823198,
                  -49.63433034304173,
                  0
                ],
                [
                  -73.11353449898822,
                  -49.6345789973287,
                  0
                ],
                [
                  -73.09655768548639,
                  -49.6360171015429,
                  0
                ],
                [
                  -73.08985917331144,
                  -49.63542238172888,
                  0
                ],
                [
                  -73.08435392418771,
                  -49.6376097670312,
                  0
                ],
                [
                  -73.07899099865939,
                  -49.63833596538108,
                  0
                ],
                [
                  -73.0725418814962,
                  -49.63564243844219,
                  0
                ],
                [
                  -73.07207280556425,
                  -49.6324675122532,
                  0
                ],
                [
                  -73.06621071021519,
                  -49.62719678891812,
                  0
                ],
                [
                  -73.0614974447593,
                  -49.62678556140599,
                  0
                ],
                [
                  -73.05908183909077,
                  -49.62386731925476,
                  0
                ],
                [
                  -73.06670342834596,
                  -49.61348437805744,
                  0
                ],
                [
                  -73.06752415451653,
                  -49.60465415412416,
                  0
                ],
                [
                  -73.07091972638838,
                  -49.60136783878491,
                  0
                ],
                [
                  -73.07178918176893,
                  -49.59740916142632,
                  0
                ],
                [
                  -73.0686101785177,
                  -49.593666410903,
                  0
                ],
                [
                  -73.0698374850804,
                  -49.59195472533408,
                  0
                ],
                [
                  -73.05860291977244,
                  -49.58613668467365,
                  0
                ],
                [
                  -73.04359324087245,
                  -49.58101789945742,
                  0
                ],
                [
                  -73.03730316850783,
                  -49.57987131632828,
                  0
                ],
                [
                  -73.01717279659564,
                  -49.57373227080756,
                  0
                ],
                [
                  -73.03353875665096,
                  -49.54851518204853,
                  0
                ],
                [
                  -73.02216507949943,
                  -49.51635453459076,
                  0
                ],
                [
                  -73.02177955656029,
                  -49.51275051126363,
                  0
                ],
                [
                  -73.01778044599611,
                  -49.50820797760444,
                  0
                ],
                [
                  -73.01195037744276,
                  -49.4967763193323,
                  0
                ],
                [
                  -73.01221507949943,
                  -49.49104453459076,
                  0
                ],
                [
                  -73.01381669784486,
                  -49.48586490975462,
                  0
                ],
                [
                  -73.01253370729319,
                  -49.47974830611472,
                  0
                ],
                [
                  -73.01261195101178,
                  -49.47469915091327,
                  0
                ],
                [
                  -73.01517227919567,
                  -49.46913087084429,
                  0
                ],
                [
                  -73.014523717771,
                  -49.46705471709998,
                  0
                ],
                [
                  -73.0171937148044,
                  -49.46302444820258,
                  0
                ],
                [
                  -73.01313838104612,
                  -49.45895739889972,
                  0
                ],
                [
                  -73.01622983516786,
                  -49.4548175160152,
                  0
                ],
                [
                  -73.01771507949942,
                  -49.44724453459077,
                  0
                ],
                [
                  -73.02285060183432,
                  -49.43914621639699,
                  0
                ],
                [
                  -73.03051944284256,
                  -49.43168147011253,
                  0
                ],
                [
                  -73.03552897949943,
                  -49.42270843459076,
                  0
                ],
                [
                  -73.04329894750181,
                  -49.41561778371859,
                  0
                ],
                [
                  -73.04931507949942,
                  -49.41334453459076,
                  0
                ],
                [
                  -73.05416314500442,
                  -49.41114295319511,
                  0
                ],
                [
                  -73.05842659850833,
                  -49.41046281570959,
                  0
                ],
                [
                  -73.06656376418111,
                  -49.41062398465032,
                  0
                ],
                [
                  -73.07231507949943,
                  -49.40904453459076,
                  0
                ],
                [
                  -73.07512918516485,
                  -49.40834716343707,
                  0
                ],
                [
                  -73.08086635083725,
                  -49.40853735911287,
                  0
                ],
                [
                  -73.08571507949942,
                  -49.40904453459076,
                  0
                ],
                [
                  -73.08988108667445,
                  -49.40623845318916,
                  0
                ],
                [
                  -73.09638554185534,
                  -49.40419317331916,
                  0
                ],
                [
                  -73.10198936686443,
                  -49.40377993273674,
                  0
                ],
                [
                  -73.10423296619274,
                  -49.40143183655406,
                  0
                ],
                [
                  -73.10969451818684,
                  -49.39927194730526,
                  0
                ],
                [
                  -73.11691507949942,
                  -49.39685453459077,
                  0
                ],
                [
                  -73.11722649391463,
                  -49.39264844478869,
                  0
                ],
                [
                  -73.11987635633578,
                  -49.38882286308744,
                  0
                ],
                [
                  -73.12381198650684,
                  -49.38510385335314,
                  0
                ],
                [
                  -73.12564225616747,
                  -49.37969572297584,
                  0
                ],
                [
                  -73.13339507949942,
                  -49.37395453459077,
                  0
                ],
                [
                  -73.131591814497,
                  -49.36684307093625,
                  0
                ],
                [
                  -73.13349109217158,
                  -49.3603661182513,
                  0
                ],
                [
                  -73.12910507949942,
                  -49.35718453459076,
                  0
                ],
                [
                  -73.12870358049295,
                  -49.35503960191312,
                  0
                ],
                [
                  -73.12596363347917,
                  -49.35238693697138,
                  0
                ],
                [
                  -73.11814529144719,
                  -49.34962035227016,
                  0
                ],
                [
                  -73.1106931754045,
                  -49.34421424508157,
                  0
                ],
                [
                  -73.10885507949942,
                  -49.34006453459077,
                  0
                ],
                [
                  -73.10128477774451,
                  -49.3393307119287,
                  0
                ],
                [
                  -73.09511507949942,
                  -49.33806453459076,
                  0
                ],
                [
                  -73.09457908900234,
                  -49.33305307278806,
                  0
                ],
                [
                  -73.09532698505502,
                  -49.32925856504956,
                  0
                ],
                [
                  -73.1017248894424,
                  -49.32554889577722,
                  0
                ],
                [
                  -73.09996337087523,
                  -49.32331375557699,
                  0
                ],
                [
                  -73.09831856926657,
                  -49.32168721510646,
                  0
                ],
                [
                  -73.09374507949943,
                  -49.31881453459076,
                  0
                ],
                [
                  -73.0951445684303,
                  -49.3160815987153,
                  0
                ],
                [
                  -73.09464689999045,
                  -49.31289894193174,
                  0
                ],
                [
                  -73.09494507949942,
                  -49.31142453459076,
                  0
                ],
                [
                  -73.09716668740637,
                  -49.31032730807417,
                  0
                ],
                [
                  -73.09870866348979,
                  -49.30873858364493,
                  0
                ],
                [
                  -73.10025063957319,
                  -49.30793698084096,
                  0
                ],
                [
                  -73.10075119964799,
                  -49.30592878596003,
                  0
                ],
                [
                  -73.10209452959243,
                  -49.30468715428854,
                  0
                ],
                [
                  -73.10269332457071,
                  -49.3018806475398,
                  0
                ],
                [
                  -73.10387507949943,
                  -49.30021453459076,
                  0
                ],
                [
                  -73.1028074793756,
                  -49.29700988509393,
                  0
                ],
                [
                  -73.10152924057259,
                  -49.29617203302111,
                  0
                ],
                [
                  -73.10112641343544,
                  -49.29475145627746,
                  0
                ],
                [
                  -73.10001470950522,
                  -49.2944095908026,
                  0
                ],
                [
                  -73.09881840794507,
                  -49.29320861045962,
                  0
                ],
                [
                  -73.09857740856454,
                  -49.29223838280829,
                  0
                ],
                [
                  -73.09708804961743,
                  -49.29092617840158,
                  0
                ],
                [
                  -73.09607971967277,
                  -49.28690627214911,
                  0
                ],
                [
                  -73.0965351102132,
                  -49.28496689791116,
                  0
                ],
                [
                  -73.09741507949943,
                  -49.28390453459076,
                  0
                ],
                [
                  -73.08648207949943,
                  -49.28393353459076,
                  0
                ],
                [
                  -73.03981507949943,
                  -49.27698853459076,
                  0
                ],
                [
                  -73.04043925429005,
                  -49.27543087532248,
                  0
                ],
                [
                  -73.04236250836291,
                  -49.27316500877036,
                  0
                ],
                [
                  -73.04336343214739,
                  -49.27231411026281,
                  0
                ],
                [
                  -73.04287107949943,
                  -49.27115553459076,
                  0
                ],
                [
                  -73.04236251718976,
                  -49.26896775840202,
                  0
                ],
                [
                  -73.0401978367027,
                  -49.26695303476234,
                  0
                ],
                [
                  -73.03671843405861,
                  -49.26380278611074,
                  0
                ],
                [
                  -73.03228649966358,
                  -49.26096372517517,
                  0
                ],
                [
                  -73.03133787652335,
                  -49.25990055910351,
                  0
                ],
                [
                  -73.01888114670321,
                  -49.25554605111422,
                  0
                ],
                [
                  -73.01717596077009,
                  -49.25304390465846,
                  0
                ],
                [
                  -73.01152864990789,
                  -49.25126613266311,
                  0
                ],
                [
                  -73.00745758718102,
                  -49.25163648062438,
                  0
                ],
                [
                  -73.00496650874587,
                  -49.25136063514669,
                  0
                ],
                [
                  -73.00122634641066,
                  -49.24903555567614,
                  0
                ],
                [
                  -72.99629197263081,
                  -49.24749484510784,
                  0
                ],
                [
                  -72.99512952053966,
                  -49.24571576929458,
                  0
                ],
                [
                  -72.99138142465773,
                  -49.24343350782494,
                  0
                ],
                [
                  -72.98372655198894,
                  -49.24197881465988,
                  0
                ],
                [
                  -72.97814346703665,
                  -49.24170019065382,
                  0
                ],
                [
                  -72.97279335603803,
                  -49.23924123042216,
                  0
                ],
                [
                  -72.96920338782624,
                  -49.23822397698576,
                  0
                ],
                [
                  -72.96547351079192,
                  -49.23567076559064,
                  0
                ],
                [
                  -72.96429586274046,
                  -49.23582808117676,
                  0
                ],
                [
                  -72.96116244002339,
                  -49.23593027379679,
                  0
                ],
                [
                  -72.95845504094473,
                  -49.23547893391792,
                  0
                ],
                [
                  -72.95577941460229,
                  -49.2340574600524,
                  0
                ],
                [
                  -72.95476514931579,
                  -49.2336417050209,
                  0
                ],
                [
                  -72.95219893737266,
                  -49.23325938717518,
                  0
                ],
                [
                  -72.9513857879428,
                  -49.23265825592527,
                  0
                ],
                [
                  -72.95064598975574,
                  -49.23194770195708,
                  0
                ],
                [
                  -72.94854921961524,
                  -49.23146583201334,
                  0
                ],
                [
                  -72.94753538665928,
                  -49.23074060671537,
                  0
                ],
                [
                  -72.94714249736421,
                  -49.22994732304026,
                  0
                ],
                [
                  -72.94760527760707,
                  -49.22955050771652,
                  0
                ],
                [
                  -72.94773175024685,
                  -49.22893660500202,
                  0
                ],
                [
                  -72.9478384774955,
                  -49.22860822092544,
                  0
                ],
                [
                  -72.94779851641285,
                  -49.22805565068316,
                  0
                ],
                [
                  -72.94596511592778,
                  -49.22774944275306,
                  0
                ],
                [
                  -72.94452008508406,
                  -49.22722056391541,
                  0
                ],
                [
                  -72.94382934128332,
                  -49.22574523079735,
                  0
                ],
                [
                  -72.94132899627799,
                  -49.22288679448612,
                  0
                ],
                [
                  -72.94174187669313,
                  -49.2159286599235,
                  0
                ],
                [
                  -72.94189881812584,
                  -49.21182671699551,
                  0
                ],
                [
                  -72.94139394129628,
                  -49.21030452543736,
                  0
                ],
                [
                  -72.94014909082473,
                  -49.20962360058342,
                  0
                ],
                [
                  -72.93551705254755,
                  -49.20950549146193,
                  0
                ],
                [
                  -72.93291024228277,
                  -49.2098652260743,
                  0
                ],
                [
                  -72.92734584616393,
                  -49.20859570607159,
                  0
                ],
                [
                  -72.92094253868567,
                  -49.20302209027075,
                  0
                ],
                [
                  -72.90099748811333,
                  -49.19483170979282,
                  0
                ],
                [
                  -72.89911542375903,
                  -49.17868001493158,
                  0
                ],
                [
                  -72.89303732633428,
                  -49.16103215548227,
                  0
                ],
                [
                  -72.89476929564266,
                  -49.15225726611374,
                  0
                ],
                [
                  -72.88818203892122,
                  -49.14099566072374,
                  0
                ],
                [
                  -72.87697764662859,
                  -49.13380872182949,
                  0
                ],
                [
                  -72.86680014517455,
                  -49.12507034466144,
                  0
                ],
                [
                  -72.86941093862178,
                  -49.11726797932273,
                  0
                ],
                [
                  -72.85862399706407,
                  -49.10660626057656,
                  0
                ],
                [
                  -72.83454149187601,
                  -49.11215312460696,
                  0
                ],
                [
                  -72.82752047702323,
                  -49.12284923872076,
                  0
                ],
                [
                  -72.81309353515765,
                  -49.11850818100746,
                  0
                ],
                [
                  -72.8062988116651,
                  -49.12565651058743,
                  0
                ],
                [
                  -72.8003015567998,
                  -49.12224052996201,
                  0
                ],
                [
                  -72.79077041682761,
                  -49.12633995454581,
                  0
                ],
                [
                  -72.77710124066347,
                  -49.13428027341931,
                  0
                ],
                [
                  -72.73423718018144,
                  -49.13636607178481,
                  0
                ],
                [
                  -72.69906488815695,
                  -49.13739501842249,
                  0
                ],
                [
                  -72.70852001628101,
                  -49.17486634802047,
                  0
                ],
                [
                  -72.69367363395655,
                  -49.18712247508399,
                  0
                ],
                [
                  -72.68650379363851,
                  -49.20371590529334,
                  0
                ],
                [
                  -72.65205224379699,
                  -49.22054373030014,
                  0
                ],
                [
                  -72.63716956467913,
                  -49.22656654503992,
                  0
                ],
                [
                  -72.62120281081125,
                  -49.22829437323369,
                  0
                ],
                [
                  -72.6076365667149,
                  -49.21938716896622,
                  0
                ],
                [
                  -72.59548086838682,
                  -49.22267586614783,
                  0
                ],
                [
                  -72.5748489795835,
                  -49.23431420588745,
                  0
                ],
                [
                  -72.56509942384064,
                  -49.2646301958731,
                  0
                ],
                [
                  -72.57347478945564,
                  -49.27242171142005,
                  0
                ],
                [
                  -72.57701355393908,
                  -49.29485873419379,
                  0
                ],
                [
                  -72.56537026676291,
                  -49.30155211093,
                  0
                ],
                [
                  -72.56305443836612,
                  -49.32331719167702,
                  0
                ],
                [
                  -72.55159315903722,
                  -49.32686642291512,
                  0
                ],
                [
                  -72.52925978916248,
                  -49.32587241610193,
                  0
                ],
                [
                  -72.40014414324187,
                  -49.320001082419,
                  0
                ],
                [
                  -72.35589081817952,
                  -49.312754299323,
                  0
                ],
                [
                  -72.3262862264801,
                  -49.31273962159116,
                  0
                ],
                [
                  -72.30573359408302,
                  -49.30083827075652,
                  0
                ],
                [
                  -72.28031217359094,
                  -49.29596621492088,
                  0
                ],
                [
                  -72.24309006152495,
                  -49.29290139355246,
                  0
                ],
                [
                  -72.20320310351123,
                  -49.31340822564931,
                  0
                ],
                [
                  -72.15234202652933,
                  -49.33651979953267,
                  0
                ],
                [
                  -72.11388769696953,
                  -49.34897310191817,
                  0
                ],
                [
                  -72.01105067250181,
                  -49.36261414617434,
                  0
                ],
                [
                  -71.96007838034757,
                  -49.35484061936778,
                  0
                ],
                [
                  -71.91325530197106,
                  -49.33824777428823,
                  0
                ],
                [
                  -71.89520367710766,
                  -49.32925217474531,
                  0
                ],
                [
                  -71.81015543473578,
                  -49.26242727669727,
                  0
                ],
                [
                  -71.78243145300407,
                  -49.22603323615187,
                  0
                ],
                [
                  -71.7930761669473,
                  -49.20996842071258,
                  0
                ],
                [
                  -71.80778901831586,
                  -49.20423069420712,
                  0
                ],
                [
                  -71.84239476877978,
                  -49.18981962259782,
                  0
                ],
                [
                  -71.8056035077156,
                  -49.12475846930335,
                  0
                ],
                [
                  -71.81288120334217,
                  -49.05958116418159,
                  0
                ],
                [
                  -71.83059050497206,
                  -49.02825035854743,
                  0
                ],
                [
                  -71.84370955002076,
                  -49.02607668393978,
                  0
                ],
                [
                  -71.8582931858163,
                  -49.02784010326385,
                  0
                ],
                [
                  -71.88593010868372,
                  -49.02123113483435,
                  0
                ],
                [
                  -71.90090237830415,
                  -49.02176015021698,
                  0
                ],
                [
                  -71.90815665725523,
                  -49.01626429374914,
                  0
                ],
                [
                  -71.9102461850928,
                  -49.00893941124918,
                  0
                ],
                [
                  -71.93764086736691,
                  -49.00367953624189,
                  0
                ],
                [
                  -71.94820544151291,
                  -48.99590659549321,
                  0
                ],
                [
                  -71.93514012413937,
                  -48.98187328760212,
                  0
                ],
                [
                  -71.92359573935299,
                  -48.97557843724553,
                  0
                ],
                [
                  -72.00899295566863,
                  -48.92490357223041,
                  0
                ],
                [
                  -72.09830380428454,
                  -48.92568066742349,
                  0
                ],
                [
                  -72.12506623137769,
                  -48.90675835820963,
                  0
                ],
                [
                  -72.12853829546486,
                  -48.89047505088357,
                  0
                ],
                [
                  -72.11624768270227,
                  -48.88348566765021,
                  0
                ],
                [
                  -72.11836217052752,
                  -48.87742097698321,
                  0
                ],
                [
                  -72.11695511581985,
                  -48.87757402962777,
                  0
                ],
                [
                  -72.10502629329486,
                  -48.87066471161646,
                  0
                ],
                [
                  -72.10085029018394,
                  -48.85526008265467,
                  0
                ],
                [
                  -72.0934884691436,
                  -48.84452871864203,
                  0
                ],
                [
                  -72.08040580112494,
                  -48.82913041279794,
                  0
                ],
                [
                  -72.07034351927851,
                  -48.81768028153447,
                  0
                ],
                [
                  -72.0565904727584,
                  -48.80298175788479,
                  0
                ],
                [
                  -72.06322647053341,
                  -48.78342462713994,
                  0
                ],
                [
                  -72.09333509884013,
                  -48.76911914596626,
                  0
                ],
                [
                  -72.07923437171625,
                  -48.74409899024594,
                  0
                ],
                [
                  -72.05178320209436,
                  -48.72738031008198,
                  0
                ],
                [
                  -72.0028576470038,
                  -48.65923844117661,
                  0
                ],
                [
                  -72.0022937789506,
                  -48.64733509280967,
                  0
                ],
                [
                  -71.99335951072462,
                  -48.63970293605205,
                  0
                ],
                [
                  -71.99304292388604,
                  -48.63415822141968,
                  0
                ],
                [
                  -71.97783732001368,
                  -48.63045728142965,
                  0
                ],
                [
                  -71.9372337798876,
                  -48.59396654739643,
                  0
                ],
                [
                  -71.89309593330195,
                  -48.5710838041947,
                  0
                ],
                [
                  -71.8640890591639,
                  -48.57427224179269,
                  0
                ],
                [
                  -71.85261721283574,
                  -48.55635363901708,
                  0
                ],
                [
                  -71.85410844632595,
                  -48.54136660895951,
                  0
                ],
                [
                  -71.83340824388266,
                  -48.52412532184747,
                  0
                ],
                [
                  -71.83450946334457,
                  -48.49834308065743,
                  0
                ],
                [
                  -71.81821318709348,
                  -48.47508307045077,
                  0
                ],
                [
                  -71.8001108294841,
                  -48.47057912468807,
                  0
                ],
                [
                  -71.78938260925165,
                  -48.44267569899319,
                  0
                ],
                [
                  -71.81278069240454,
                  -48.41873813886311,
                  0
                ],
                [
                  -71.78447781905311,
                  -48.30840068271859,
                  0
                ],
                [
                  -71.88077187927168,
                  -48.28293515038488,
                  0
                ],
                [
                  -71.92689886410729,
                  -48.30502254459203,
                  0
                ],
                [
                  -71.99072563119043,
                  -48.30208395010166,
                  0
                ],
                [
                  -72.02962014668269,
                  -48.27948810707799,
                  0
                ],
                [
                  -72.04492143333607,
                  -48.27835006591377,
                  0
                ],
                [
                  -72.09016077365781,
                  -48.27584954738347,
                  0
                ],
                [
                  -72.11631242639783,
                  -48.27219554168803,
                  0
                ],
                [
                  -72.11527224488266,
                  -48.25851444731801,
                  0
                ],
                [
                  -72.11176528083092,
                  -48.24835447475488,
                  0
                ],
                [
                  -72.12183133150224,
                  -48.22300447177701,
                  0
                ],
                [
                  -72.13596472944029,
                  -48.20458160646168,
                  0
                ],
                [
                  -72.1586827212515,
                  -48.19448924321751,
                  0
                ],
                [
                  -72.16252418635523,
                  -48.17516851502356,
                  0
                ],
                [
                  -72.15928726707153,
                  -48.15854749417725,
                  0
                ],
                [
                  -72.15942653602205,
                  -48.14540353409654,
                  0
                ],
                [
                  -72.16383498504976,
                  -48.13706966402783,
                  0
                ],
                [
                  -72.19101334452547,
                  -48.12724392459566,
                  0
                ],
                [
                  -72.21701483128962,
                  -48.13489623274782,
                  0
                ],
                [
                  -72.23418287246098,
                  -48.10127817436694,
                  0
                ],
                [
                  -72.24679512539333,
                  -48.05532472406127,
                  0
                ],
                [
                  -72.25560864921742,
                  -48.03864079668305,
                  0
                ],
                [
                  -72.23912507019405,
                  -47.98513886868488,
                  0
                ],
                [
                  -72.28501972460604,
                  -47.98131651772061,
                  0
                ],
                [
                  -72.29657054017346,
                  -47.96519662364959,
                  0
                ],
                [
                  -72.28833125203745,
                  -47.91145415987336,
                  0
                ],
                [
                  -72.25756162420254,
                  -47.881076025288,
                  0
                ],
                [
                  -72.23368826886752,
                  -47.8973379035184,
                  0
                ],
                [
                  -72.2185437854789,
                  -47.91130120830252,
                  0
                ],
                [
                  -72.18974130369838,
                  -47.90838233407123,
                  0
                ],
                [
                  -72.13716144493013,
                  -47.90670661084361,
                  0
                ],
                [
                  -72.01181832655836,
                  -47.87864415899185,
                  0
                ],
                [
                  -72.00258413968442,
                  -47.86980069940401,
                  0
                ],
                [
                  -72.03624946534605,
                  -47.84339305337234,
                  0
                ],
                [
                  -72.03518812256212,
                  -47.77415173483771,
                  0
                ],
                [
                  -72.03455101262469,
                  -47.75804048884361,
                  0
                ],
                [
                  -72.0614768159877,
                  -47.75136058848152,
                  0
                ],
                [
                  -72.07259747529928,
                  -47.73291272193676,
                  0
                ],
                [
                  -72.06378639616378,
                  -47.71838120954552,
                  0
                ],
                [
                  -72.0834136897367,
                  -47.68618802707184,
                  0
                ],
                [
                  -72.0426837785201,
                  -47.64151758187509,
                  0
                ],
                [
                  -72.01734206139459,
                  -47.64221870270252,
                  0
                ],
                [
                  -71.99292968604058,
                  -47.64144927089987,
                  0
                ],
                [
                  -71.99857987380308,
                  -47.69419034039578,
                  0
                ],
                [
                  -71.95408891103584,
                  -47.69663236595215,
                  0
                ],
                [
                  -71.94999527452892,
                  -47.69484459285103,
                  0
                ],
                [
                  -71.86955635693278,
                  -47.7091719562376,
                  0
                ],
                [
                  -71.87408933303956,
                  -47.72008302002774,
                  0
                ],
                [
                  -71.86319397322465,
                  -47.73339336936578,
                  0
                ],
                [
                  -71.84839494794066,
                  -47.74139215865636,
                  0
                ],
                [
                  -71.83724051884731,
                  -47.75910709941251,
                  0
                ],
                [
                  -71.83782483614888,
                  -47.7751024309053,
                  0
                ],
                [
                  -71.83535181874421,
                  -47.78812932381426,
                  0
                ],
                [
                  -71.80092070242722,
                  -47.81413977657198,
                  0
                ],
                [
                  -71.77737121538551,
                  -47.81864223460638,
                  0
                ],
                [
                  -71.71371044139212,
                  -47.81162536187448,
                  0
                ],
                [
                  -71.69952037605046,
                  -47.80626372220388,
                  0
                ],
                [
                  -71.68333057316045,
                  -47.79401963965121,
                  0
                ],
                [
                  -71.65631024943278,
                  -47.79737863406875,
                  0
                ],
                [
                  -71.63594454157962,
                  -47.79572809370958,
                  0
                ],
                [
                  -71.60937909584018,
                  -47.78347432805681,
                  0
                ],
                [
                  -71.4871225498263,
                  -47.6913110078133,
                  0
                ],
                [
                  -71.27573737193644,
                  -47.57662987276053,
                  0
                ],
                [
                  -71.2410412643037,
                  -47.54737382438535,
                  0
                ],
                [
                  -71.17093768585177,
                  -47.47374687464332,
                  0
                ],
                [
                  -71.13817486505151,
                  -47.37949840001214,
                  0
                ],
                [
                  -71.14683557672093,
                  -47.34562356679574,
                  0
                ],
                [
                  -71.17135843812065,
                  -47.32993356734943,
                  0
                ],
                [
                  -71.24616592919328,
                  -47.30646701039884,
                  0
                ],
                [
                  -71.26558223149499,
                  -47.28777234402664,
                  0
                ],
                [
                  -71.29599350071084,
                  -47.21009107065054,
                  0
                ],
                [
                  -71.33332752931793,
                  -47.20191287758347,
                  0
                ],
                [
                  -71.38073847837734,
                  -47.16742887427188,
                  0
                ],
                [
                  -71.42792861445251,
                  -47.16621628427599,
                  0
                ],
                [
                  -71.52543599332125,
                  -47.08532655341531,
                  0
                ],
                [
                  -71.5899858705557,
                  -47.05872331985745,
                  0
                ],
                [
                  -71.69596206967984,
                  -47.04803424299978,
                  0
                ],
                [
                  -71.69768988564968,
                  -47.04149348785877,
                  0
                ],
                [
                  -71.69873422601168,
                  -47.03777259090628,
                  0
                ],
                [
                  -71.69369575314398,
                  -47.03345798532842,
                  0
                ],
                [
                  -71.66594714640702,
                  -47.02699787125023,
                  0
                ],
                [
                  -71.63693364321955,
                  -47.02437614100867,
                  0
                ],
                [
                  -71.55607272422664,
                  -46.9904432550892,
                  0
                ],
                [
                  -71.52983437447122,
                  -46.97257256278971,
                  0
                ],
                [
                  -71.50757277519034,
                  -46.96597117204263,
                  0
                ],
                [
                  -71.47511477742667,
                  -46.9422617962132,
                  0
                ],
                [
                  -71.46795235263409,
                  -46.93669176659498,
                  0
                ],
                [
                  -71.46088049126946,
                  -46.92086461800042,
                  0
                ],
                [
                  -71.454466463238,
                  -46.91356995502865,
                  0
                ],
                [
                  -71.4474000833047,
                  -46.87180855598719,
                  0
                ],
                [
                  -71.4492475764084,
                  -46.86327959783243,
                  0
                ],
                [
                  -71.43507754230424,
                  -46.83277518023618,
                  0
                ],
                [
                  -71.38224392569046,
                  -46.80690675086687,
                  0
                ],
                [
                  -71.34841887427675,
                  -46.78288977052262,
                  0
                ],
                [
                  -71.30628787671586,
                  -46.77992462854185,
                  0
                ],
                [
                  -71.28653966602245,
                  -46.77490382528178,
                  0
                ],
                [
                  -71.23096297531472,
                  -46.77673070060456,
                  0
                ],
                [
                  -71.14647043811391,
                  -46.77963449416124,
                  0
                ],
                [
                  -71.11708578307135,
                  -46.78189703081209,
                  0
                ],
                [
                  -71.0960522019389,
                  -46.7795626053182,
                  0
                ],
                [
                  -71.09566651833133,
                  -46.77869953077772,
                  0
                ],
                [
                  -71.07063941429719,
                  -46.76279084615905,
                  0
                ],
                [
                  -71.05133157104866,
                  -46.72920399919788,
                  0
                ],
                [
                  -71.03687357502443,
                  -46.69166933672866,
                  0
                ],
                [
                  -71.01271836256412,
                  -46.66015076621279,
                  0
                ],
                [
                  -70.98952539278223,
                  -46.65060272646163,
                  0
                ],
                [
                  -70.96347952697985,
                  -46.63107751618908,
                  0
                ],
                [
                  -70.96126103819915,
                  -46.62872974349567,
                  0
                ],
                [
                  -70.9505924896882,
                  -46.62434666006548,
                  0
                ],
                [
                  -70.9343662770349,
                  -46.61268692987715,
                  0
                ],
                [
                  -70.92597648194668,
                  -46.60421153980647,
                  0
                ],
                [
                  -70.92132662815752,
                  -46.59946898963976,
                  0
                ],
                [
                  -70.9139244412965,
                  -46.59802914779539,
                  0
                ],
                [
                  -70.91501044656904,
                  -46.59392201889889,
                  0
                ],
                [
                  -70.92017217874232,
                  -46.58589304251223,
                  0
                ],
                [
                  -70.93205041039725,
                  -46.58191389369738,
                  0
                ],
                [
                  -70.93700316931572,
                  -46.57713174283969,
                  0
                ],
                [
                  -70.94531638771424,
                  -46.56933709493493,
                  0
                ],
                [
                  -71.02165646377361,
                  -46.51486058854649,
                  0
                ],
                [
                  -71.03448788029259,
                  -46.48289989034481,
                  0
                ],
                [
                  -71.0709688183537,
                  -46.4566926318327,
                  0
                ],
                [
                  -71.0881871109095,
                  -46.42088982919498,
                  0
                ],
                [
                  -71.08586103621403,
                  -46.39501678293717,
                  0
                ],
                [
                  -71.11676807622429,
                  -46.35819587870445,
                  0
                ],
                [
                  -71.1551230632061,
                  -46.35317634958862,
                  0
                ],
                [
                  -71.23633010425992,
                  -46.30419556317327,
                  0
                ],
                [
                  -71.40005487143173,
                  -46.25714456713661,
                  0
                ],
                [
                  -71.42991934026861,
                  -46.23972031832794,
                  0
                ],
                [
                  -71.45178619426699,
                  -46.22561314715811,
                  0
                ],
                [
                  -71.47217687800413,
                  -46.21946609609316,
                  0
                ],
                [
                  -71.61907337518089,
                  -46.20195970035007,
                  0
                ],
                [
                  -71.66010825059936,
                  -46.19017086903366,
                  0
                ],
                [
                  -71.75693960152515,
                  -46.19165650979102,
                  0
                ],
                [
                  -71.77399439816564,
                  -46.19936528242508,
                  0
                ],
                [
                  -71.79612396698144,
                  -46.1870270387203,
                  0
                ],
                [
                  -71.85559912928531,
                  -46.18679358185356,
                  0
                ],
                [
                  -71.87249309472755,
                  -46.16847588001409,
                  0
                ],
                [
                  -71.86180175105122,
                  -46.15628631621731,
                  0
                ],
                [
                  -71.89801548613707,
                  -46.15830066975892,
                  0
                ],
                [
                  -71.90733715392324,
                  -46.1416345435367,
                  0
                ],
                [
                  -71.89033180349942,
                  -46.13345487459076,
                  0
                ],
                [
                  -71.85240025527904,
                  -46.1231827801088,
                  0
                ],
                [
                  -71.82427138343688,
                  -46.11618901318964,
                  0
                ],
                [
                  -71.80492607552699,
                  -46.12361585764135,
                  0
                ],
                [
                  -71.7686478064942,
                  -46.11759136944503,
                  0
                ],
                [
                  -71.75295611275872,
                  -46.10912025999244,
                  0
                ],
                [
                  -71.6745940578878,
                  -46.10453511725847,
                  0
                ],
                [
                  -71.6502818025112,
                  -46.09677476606464,
                  0
                ],
                [
                  -71.64404934279531,
                  -46.0888125519761,
                  0
                ],
                [
                  -71.62971985394667,
                  -46.08731434610321,
                  0
                ],
                [
                  -71.6197692073782,
                  -46.08393796991137,
                  0
                ],
                [
                  -71.59902850711289,
                  -46.08803995051444,
                  0
                ],
                [
                  -71.58834533344579,
                  -46.08915121077673,
                  0
                ],
                [
                  -71.58391726378841,
                  -46.09101883535732,
                  0
                ],
                [
                  -71.5663007550763,
                  -46.09299722276469,
                  0
                ],
                [
                  -71.55383885021523,
                  -46.087824894173,
                  0
                ],
                [
                  -71.55351394390459,
                  -46.08120801919058,
                  0
                ],
                [
                  -71.54510514176724,
                  -46.07685247313854,
                  0
                ],
                [
                  -71.54095383515062,
                  -46.06767118975624,
                  0
                ],
                [
                  -71.54315026813691,
                  -46.05414274383732,
                  0
                ],
                [
                  -71.50185717981945,
                  -46.00893829006311,
                  0
                ],
                [
                  -71.49046122721583,
                  -46.00321742691337,
                  0
                ],
                [
                  -71.47884838044436,
                  -45.99225379644587,
                  0
                ],
                [
                  -71.44345174337982,
                  -45.96599041134597,
                  0
                ],
                [
                  -71.4288662828941,
                  -45.95738827954747,
                  0
                ],
                [
                  -71.41851903458645,
                  -45.94353717250436,
                  0
                ],
                [
                  -71.42049468315412,
                  -45.9387023521689,
                  0
                ],
                [
                  -71.42922528453752,
                  -45.92742347053611,
                  0
                ],
                [
                  -71.42592867291745,
                  -45.91862385074915,
                  0
                ],
                [
                  -71.42704885870775,
                  -45.89601917138479,
                  0
                ],
                [
                  -71.42723997547785,
                  -45.89532853867965,
                  0
                ],
                [
                  -71.4358370898802,
                  -45.88507462661877,
                  0
                ],
                [
                  -71.45346109829991,
                  -45.86850952158643,
                  0
                ],
                [
                  -71.4556260378743,
                  -45.85579528651676,
                  0
                ],
                [
                  -71.45783631377634,
                  -45.85043340553443,
                  0
                ],
                [
                  -71.46107701512769,
                  -45.84018169721649,
                  0
                ],
                [
                  -71.4716168594993,
                  -45.82396003413228,
                  0
                ],
                [
                  -71.51284704420115,
                  -45.81227641204946,
                  0
                ],
                [
                  -71.53793219781035,
                  -45.81124855912047,
                  0
                ],
                [
                  -71.55493894246555,
                  -45.80765742218842,
                  0
                ],
                [
                  -71.5611320620264,
                  -45.79693118883771,
                  0
                ],
                [
                  -71.5681639930668,
                  -45.78290651615389,
                  0
                ],
                [
                  -71.58833615791721,
                  -45.77962089411457,
                  0
                ],
                [
                  -71.62838347805204,
                  -45.75713285078949,
                  0
                ],
                [
                  -71.63188453259343,
                  -45.74998585680063,
                  0
                ],
                [
                  -71.64819488514316,
                  -45.73524242241238,
                  0
                ],
                [
                  -71.65799104253446,
                  -45.72774066404306,
                  0
                ],
                [
                  -71.69506500190562,
                  -45.72668555144641,
                  0
                ],
                [
                  -71.70952335854159,
                  -45.73031106737574,
                  0
                ],
                [
                  -71.73472605611781,
                  -45.73232334480879,
                  0
                ],
                [
                  -71.74477683739313,
                  -45.73122636695245,
                  0
                ],
                [
                  -71.76303337034949,
                  -45.72204073118023,
                  0
                ],
                [
                  -71.77194263816294,
                  -45.72078532360403,
                  0
                ],
                [
                  -71.78424922699817,
                  -45.72332043795011,
                  0
                ],
                [
                  -71.79545083937141,
                  -45.72713451593359,
                  0
                ],
                [
                  -71.79765583485683,
                  -45.72009452661045,
                  0
                ],
                [
                  -71.78984551731826,
                  -45.71065964517335,
                  0
                ],
                [
                  -71.77794136272298,
                  -45.70930643943094,
                  0
                ],
                [
                  -71.76432599767425,
                  -45.70072440071205,
                  0
                ],
                [
                  -71.76362519329913,
                  -45.67918288786601,
                  0
                ],
                [
                  -71.79057019255494,
                  -45.66823410921894,
                  0
                ],
                [
                  -71.77678448653914,
                  -45.65470168770518,
                  0
                ],
                [
                  -71.76170734763835,
                  -45.62519495224672,
                  0
                ],
                [
                  -71.75371088305053,
                  -45.615307550571,
                  0
                ],
                [
                  -71.73866141390228,
                  -45.60812998671977,
                  0
                ],
                [
                  -71.7396941534653,
                  -45.59822214887548,
                  0
                ],
                [
                  -71.72818493178409,
                  -45.59288853687493,
                  0
                ],
                [
                  -71.72521772192297,
                  -45.57842058783038,
                  0
                ],
                [
                  -71.73180214446268,
                  -45.57411409643476,
                  0
                ],
                [
                  -71.74388591918434,
                  -45.57492366998502,
                  0
                ],
                [
                  -71.76252955972102,
                  -45.5719089558256,
                  0
                ],
                [
                  -71.75010587146944,
                  -45.55423968527031,
                  0
                ],
                [
                  -71.7272997067848,
                  -45.5397372994112,
                  0
                ],
                [
                  -71.69115347981682,
                  -45.53841877832537,
                  0
                ],
                [
                  -71.67557615189611,
                  -45.52992709192592,
                  0
                ],
                [
                  -71.67362977883128,
                  -45.51934148167561,
                  0
                ],
                [
                  -71.63902931249943,
                  -45.52005562259076,
                  0
                ],
                [
                  -71.6230353104269,
                  -45.5171421014442,
                  0
                ],
                [
                  -71.60021074590476,
                  -45.51826225422253,
                  0
                ],
                [
                  -71.57561574195255,
                  -45.52652657813158,
                  0
                ],
                [
                  -71.52565122049943,
                  -45.51902209359076,
                  0
                ],
                [
                  -71.46791392297516,
                  -45.49765002358925,
                  0
                ],
                [
                  -71.45916122800807,
                  -45.48638511508132,
                  0
                ],
                [
                  -71.48115781249943,
                  -45.46796577859076,
                  0
                ],
                [
                  -71.51680723808208,
                  -45.42478677733,
                  0
                ],
                [
                  -71.5328728640863,
                  -45.40434883863794,
                  0
                ],
                [
                  -71.51416111642381,
                  -45.39234008239802,
                  0
                ],
                [
                  -71.46906780466766,
                  -45.39235546212716,
                  0
                ],
                [
                  -71.4449982018547,
                  -45.39831984147078,
                  0
                ],
                [
                  -71.43155016612192,
                  -45.3948423321719,
                  0
                ],
                [
                  -71.43685818319062,
                  -45.36775897361198,
                  0
                ],
                [
                  -71.39324587821469,
                  -45.35603076249756,
                  0
                ],
                [
                  -71.3459109042236,
                  -45.33475591251877,
                  0
                ],
                [
                  -71.31134905649942,
                  -45.29950060959076,
                  0
                ],
                [
                  -71.33104040103471,
                  -45.23624321822093,
                  0
                ],
                [
                  -71.40530506132042,
                  -45.17517270655893,
                  0
                ],
                [
                  -71.44750619320071,
                  -45.15310182516449,
                  0
                ],
                [
                  -71.48585178257976,
                  -45.10756275637867,
                  0
                ],
                [
                  -71.50299273624199,
                  -45.06044390326952,
                  0
                ],
                [
                  -71.55104464084309,
                  -45.0291714553451,
                  0
                ],
                [
                  -71.54379776736604,
                  -45.01892715564735,
                  0
                ],
                [
                  -71.54854691060879,
                  -45.00827137690062,
                  0
                ],
                [
                  -71.53809700331773,
                  -45.0036989560159,
                  0
                ],
                [
                  -71.55719049114303,
                  -44.97543487963767,
                  0
                ],
                [
                  -71.60169392638794,
                  -44.96775616637303,
                  0
                ],
                [
                  -71.69990160333582,
                  -44.95217837941679,
                  0
                ],
                [
                  -71.74132058302075,
                  -44.95142939552898,
                  0
                ],
                [
                  -71.75305229072097,
                  -44.92395194824772,
                  0
                ],
                [
                  -71.81715336378831,
                  -44.91661265176297,
                  0
                ],
                [
                  -71.85364106242771,
                  -44.92992882669117,
                  0
                ],
                [
                  -71.87193769337284,
                  -44.94270604600106,
                  0
                ],
                [
                  -71.89742226023613,
                  -44.94194946629872,
                  0
                ],
                [
                  -71.97948362026018,
                  -44.89747226941315,
                  0
                ],
                [
                  -72.02090948572311,
                  -44.89450412685206,
                  0
                ],
                [
                  -72.03604685665292,
                  -44.8971560345126,
                  0
                ],
                [
                  -72.04110238190043,
                  -44.89069410072274,
                  0
                ],
                [
                  -72.0473802638619,
                  -44.88197926793683,
                  0
                ],
                [
                  -72.06100720812718,
                  -44.87609591680655,
                  0
                ],
                [
                  -72.05555251136171,
                  -44.87259655820092,
                  0
                ],
                [
                  -72.035204568343,
                  -44.86573630835904,
                  0
                ],
                [
                  -72.04082942877788,
                  -44.85657898189095,
                  0
                ],
                [
                  -72.04813625119833,
                  -44.84852592556589,
                  0
                ],
                [
                  -72.05506856108829,
                  -44.84160423650681,
                  0
                ],
                [
                  -72.04735720806062,
                  -44.83598046761462,
                  0
                ],
                [
                  -72.04350936724465,
                  -44.82616954103618,
                  0
                ],
                [
                  -72.03806442648572,
                  -44.82255302087543,
                  0
                ],
                [
                  -72.02933859922423,
                  -44.80005750052647,
                  0
                ],
                [
                  -72.06316246176213,
                  -44.78724478067687,
                  0
                ],
                [
                  -72.06894807257532,
                  -44.78203178746768,
                  0
                ],
                [
                  -72.06505731594838,
                  -44.77950791990228,
                  0
                ],
                [
                  -72.06132205730651,
                  -44.77025466831078,
                  0
                ],
                [
                  -72.06344666526066,
                  -44.76394668684389,
                  0
                ],
                [
                  -72.06191628409655,
                  -44.75971968307356,
                  0
                ],
                [
                  -72.05374978223985,
                  -44.75849266288043,
                  0
                ],
                [
                  -72.04589554882031,
                  -44.76038798613592,
                  0
                ],
                [
                  -72.03820067776977,
                  -44.76388097688072,
                  0
                ],
                [
                  -72.03488881228184,
                  -44.76644290019595,
                  0
                ],
                [
                  -72.02810119840221,
                  -44.76685525433138,
                  0
                ],
                [
                  -72.02413151063807,
                  -44.7608215872331,
                  0
                ],
                [
                  -72.01540089708524,
                  -44.75856832792531,
                  0
                ],
                [
                  -72.0129119390026,
                  -44.76445531424429,
                  0
                ],
                [
                  -72.00378446004171,
                  -44.76560887650096,
                  0
                ],
                [
                  -72.01109391133919,
                  -44.77153193247741,
                  0
                ],
                [
                  -72.00883348656585,
                  -44.77846980478538,
                  0
                ],
                [
                  -72.00723923037332,
                  -44.78543979236188,
                  0
                ],
                [
                  -71.99857373948635,
                  -44.78749715701564,
                  0
                ],
                [
                  -71.97957222578155,
                  -44.78457221209872,
                  0
                ],
                [
                  -71.94986577323452,
                  -44.79366440561861,
                  0
                ],
                [
                  -71.92321039265107,
                  -44.80527351920901,
                  0
                ],
                [
                  -71.91340672256037,
                  -44.78238446542695,
                  0
                ],
                [
                  -71.89721811183672,
                  -44.78853225326992,
                  0
                ],
                [
                  -71.88683306913839,
                  -44.79717154207356,
                  0
                ],
                [
                  -71.85503155823729,
                  -44.80213580003461,
                  0
                ],
                [
                  -71.81004142755647,
                  -44.79720409208,
                  0
                ],
                [
                  -71.80205142178795,
                  -44.78921298201207,
                  0
                ],
                [
                  -71.8189872253097,
                  -44.7729902084845,
                  0
                ],
                [
                  -71.78672055649943,
                  -44.75731148159076,
                  0
                ],
                [
                  -71.73976604035197,
                  -44.77228473505362,
                  0
                ],
                [
                  -71.68401548459185,
                  -44.77558264406235,
                  0
                ],
                [
                  -71.66097063838242,
                  -44.79215274422535,
                  0
                ],
                [
                  -71.63101946649942,
                  -44.78004911159076,
                  0
                ],
                [
                  -71.59228619624743,
                  -44.78266178810051,
                  0
                ],
                [
                  -71.58280678373137,
                  -44.76273381577106,
                  0
                ],
                [
                  -71.49691912449943,
                  -44.74294543459077,
                  0
                ],
                [
                  -71.47409063293988,
                  -44.74418510212241,
                  0
                ],
                [
                  -71.44136442456,
                  -44.7615123558029,
                  0
                ],
                [
                  -71.38648811671021,
                  -44.79808548236266,
                  0
                ],
                [
                  -71.33579200849942,
                  -44.80164986059076,
                  0
                ],
                [
                  -71.33278476877359,
                  -44.81122399077541,
                  0
                ],
                [
                  -71.29157438449879,
                  -44.81618897085298,
                  0
                ],
                [
                  -71.23745840483018,
                  -44.80164039484636,
                  0
                ],
                [
                  -71.20250207996935,
                  -44.74967122954629,
                  0
                ],
                [
                  -71.19909638252977,
                  -44.71919811564289,
                  0
                ],
                [
                  -71.19456125585694,
                  -44.67730489252344,
                  0
                ],
                [
                  -71.21426930471635,
                  -44.67391604324486,
                  0
                ],
                [
                  -71.22849848869782,
                  -44.65077395202594,
                  0
                ],
                [
                  -71.2293668369804,
                  -44.63939567389443,
                  0
                ],
                [
                  -71.21121218289389,
                  -44.63537945792266,
                  0
                ],
                [
                  -71.2112587396701,
                  -44.63077784406065,
                  0
                ],
                [
                  -71.19592042140005,
                  -44.6097373256957,
                  0
                ],
                [
                  -71.17206576185153,
                  -44.60099491776247,
                  0
                ],
                [
                  -71.15370206831244,
                  -44.59568932159454,
                  0
                ],
                [
                  -71.12349948918686,
                  -44.59982126166319,
                  0
                ],
                [
                  -71.09363582022375,
                  -44.59357081987054,
                  0
                ],
                [
                  -71.09523815006736,
                  -44.57666212808926,
                  0
                ],
                [
                  -71.0896586008378,
                  -44.5578463446162,
                  0
                ],
                [
                  -71.08690846290718,
                  -44.53266216558398,
                  0
                ],
                [
                  -71.12158381061522,
                  -44.50935295870073,
                  0
                ],
                [
                  -71.13965583494348,
                  -44.50350079972304,
                  0
                ],
                [
                  -71.156771865512,
                  -44.50134139185429,
                  0
                ],
                [
                  -71.13688046425139,
                  -44.48146312159708,
                  0
                ],
                [
                  -71.13862579173455,
                  -44.46667022668041,
                  0
                ],
                [
                  -71.15507897009492,
                  -44.45421702569414,
                  0
                ],
                [
                  -71.18161147917438,
                  -44.44172259949718,
                  0
                ],
                [
                  -71.24677501944828,
                  -44.4296476820921,
                  0
                ],
                [
                  -71.25675989894637,
                  -44.42468671335349,
                  0
                ],
                [
                  -71.28271405638284,
                  -44.42400004212507,
                  0
                ],
                [
                  -71.30482131139614,
                  -44.42196411094312,
                  0
                ],
                [
                  -71.31245152383605,
                  -44.42656903178911,
                  0
                ],
                [
                  -71.32865650392877,
                  -44.42579406403632,
                  0
                ],
                [
                  -71.33639616520418,
                  -44.41947528732771,
                  0
                ],
                [
                  -71.3490278093833,
                  -44.42137158861314,
                  0
                ],
                [
                  -71.35449219342064,
                  -44.40915328986314,
                  0
                ],
                [
                  -71.34879594012266,
                  -44.40482714115516,
                  0
                ],
                [
                  -71.36103818655555,
                  -44.39629369018977,
                  0
                ],
                [
                  -71.2896101766484,
                  -44.37402024124015,
                  0
                ],
                [
                  -71.27531713049184,
                  -44.35696118131835,
                  0
                ],
                [
                  -71.21841986586462,
                  -44.3407800386863,
                  0
                ],
                [
                  -71.1616046763606,
                  -44.34346891915209,
                  0
                ],
                [
                  -71.13915970232455,
                  -44.34501857388874,
                  0
                ],
                [
                  -71.06612691109312,
                  -44.32293966151428,
                  0
                ],
                [
                  -71.02016559738487,
                  -44.31827908952287,
                  0
                ],
                [
                  -70.92034800439374,
                  -44.25824009022594,
                  0
                ],
                [
                  -70.91135825985944,
                  -44.24038802614021,
                  0
                ],
                [
                  -70.91207733070804,
                  -44.21017594723384,
                  0
                ],
                [
                  -70.93178966213208,
                  -44.20508302910635,
                  0
                ],
                [
                  -70.94780100455026,
                  -44.21092258563088,
                  0
                ],
                [
                  -70.96919542369781,
                  -44.2088916083309,
                  0
                ],
                [
                  -70.96870042229686,
                  -44.1919445940905,
                  0
                ],
                [
                  -70.9905456505466,
                  -44.12058432319741,
                  0
                ],
                [
                  -71.01344412956931,
                  -44.10211451370373,
                  0
                ],
                [
                  -71.05367729576523,
                  -44.09517572360009,
                  0
                ],
                [
                  -71.36775671652335,
                  -44.08394057337868,
                  0
                ],
                [
                  -71.40167584586256,
                  -44.05995751758166,
                  0
                ],
                [
                  -71.36551909873694,
                  -44.03044670152667,
                  0
                ],
                [
                  -71.32059653709138,
                  -44.02139154094626,
                  0
                ],
                [
                  -71.25960389039831,
                  -44.01122970365352,
                  0
                ],
                [
                  -71.23798997758192,
                  -43.98804046150973,
                  0
                ],
                [
                  -71.23706334894426,
                  -43.96653933751354,
                  0
                ],
                [
                  -71.22728067730075,
                  -43.94692174409795,
                  0
                ],
                [
                  -71.24095592548996,
                  -43.92271904390167,
                  0
                ],
                [
                  -71.2646347260782,
                  -43.91651816088427,
                  0
                ],
                [
                  -71.27044054694977,
                  -43.90236931973455,
                  0
                ],
                [
                  -71.26991295161544,
                  -43.89810492759872,
                  0
                ],
                [
                  -71.24702724809835,
                  -43.89394786139602,
                  0
                ],
                [
                  -71.23574800124096,
                  -43.89264956318403,
                  0
                ],
                [
                  -71.21151047623204,
                  -43.8807559068871,
                  0
                ],
                [
                  -71.20938785112817,
                  -43.86327444075541,
                  0
                ],
                [
                  -71.21360679478504,
                  -43.85605287434645,
                  0
                ],
                [
                  -71.21583859878317,
                  -43.85183551417328,
                  0
                ],
                [
                  -71.19758492468449,
                  -43.84667006022598,
                  0
                ],
                [
                  -71.16095034295778,
                  -43.84810344179478,
                  0
                ],
                [
                  -71.1405794715089,
                  -43.84226176397717,
                  0
                ],
                [
                  -71.11501487469678,
                  -43.82079823263756,
                  0
                ],
                [
                  -71.06742190373882,
                  -43.82492947795068,
                  0
                ],
                [
                  -71.04735198175717,
                  -43.83463349915409,
                  0
                ],
                [
                  -71.0446362329564,
                  -43.82268704027198,
                  0
                ],
                [
                  -71.05578755030893,
                  -43.78948922392222,
                  0
                ],
                [
                  -71.1004814148905,
                  -43.74803983648243,
                  0
                ],
                [
                  -71.13699860789387,
                  -43.73239153170797,
                  0
                ],
                [
                  -71.15251724150897,
                  -43.72197103625632,
                  0
                ],
                [
                  -71.16301825903001,
                  -43.72050811634846,
                  0
                ],
                [
                  -71.16883703084325,
                  -43.72192226661917,
                  0
                ],
                [
                  -71.16924266868517,
                  -43.73458179578913,
                  0
                ],
                [
                  -71.16525876386403,
                  -43.73671219659276,
                  0
                ],
                [
                  -71.1716176423471,
                  -43.74040805646706,
                  0
                ],
                [
                  -71.19358036241941,
                  -43.73036133640455,
                  0
                ],
                [
                  -71.1919628079474,
                  -43.72012175811957,
                  0
                ],
                [
                  -71.23271135011264,
                  -43.70014877114787,
                  0
                ],
                [
                  -71.23418598463506,
                  -43.68588869047291,
                  0
                ],
                [
                  -71.29691402962722,
                  -43.65997503413263,
                  0
                ],
                [
                  -71.30123123383963,
                  -43.63133672924934,
                  0
                ],
                [
                  -71.33070785851963,
                  -43.61209075487067,
                  0
                ],
                [
                  -71.3545391996096,
                  -43.60385753654619,
                  0
                ],
                [
                  -71.35955077590437,
                  -43.58657962106223,
                  0
                ],
                [
                  -71.30402295794477,
                  -43.53401230166377,
                  0
                ],
                [
                  -71.25247609838263,
                  -43.52494235628897,
                  0
                ],
                [
                  -71.17260582076173,
                  -43.47694381224441,
                  0
                ],
                [
                  -71.1456694915568,
                  -43.36635710565719,
                  0
                ],
                [
                  -71.16764192232712,
                  -43.35042907276823,
                  0
                ],
                [
                  -71.16886575064218,
                  -43.33305634686749,
                  0
                ],
                [
                  -71.141557733439,
                  -43.32121263698145,
                  0
                ],
                [
                  -71.12737590173634,
                  -43.29867889945058,
                  0
                ],
                [
                  -71.07877744499604,
                  -43.27635784393072,
                  0
                ],
                [
                  -71.01043225718166,
                  -43.26093354652661,
                  0
                ],
                [
                  -71.00531160922175,
                  -43.24152846636058,
                  0
                ],
                [
                  -71.02596339372622,
                  -43.22590651875782,
                  0
                ],
                [
                  -71.02543060099292,
                  -43.19678806429444,
                  0
                ],
                [
                  -70.98191186148223,
                  -43.16987817648274,
                  0
                ],
                [
                  -70.98125903905293,
                  -43.1440483557557,
                  0
                ],
                [
                  -70.94165200050854,
                  -43.11242420757365,
                  0
                ],
                [
                  -70.93897664724939,
                  -43.07479893890969,
                  0
                ],
                [
                  -70.95831216653191,
                  -43.06427362002857,
                  0
                ],
                [
                  -71.06166834433223,
                  -43.05085410964715,
                  0
                ],
                [
                  -71.09540762222937,
                  -43.05117566605556,
                  0
                ],
                [
                  -71.13758971067368,
                  -43.03535530375926,
                  0
                ],
                [
                  -71.16428665524876,
                  -42.96605691992338,
                  0
                ],
                [
                  -71.19368848813687,
                  -42.9475426133581,
                  0
                ],
                [
                  -71.225775834767,
                  -42.90818466315643,
                  0
                ],
                [
                  -71.20371518132232,
                  -42.89785534695756,
                  0
                ],
                [
                  -71.20738633552784,
                  -42.8746576439836,
                  0
                ],
                [
                  -71.22917238628197,
                  -42.86176909954121,
                  0
                ],
                [
                  -71.21942770341818,
                  -42.84255675312126,
                  0
                ],
                [
                  -71.25177937745333,
                  -42.80767258032042,
                  0
                ],
                [
                  -71.24109878051019,
                  -42.77548475609566,
                  0
                ],
                [
                  -71.25285929227968,
                  -42.75798760981457,
                  0
                ],
                [
                  -71.2606643342792,
                  -42.73647491135365,
                  0
                ],
                [
                  -71.26381335854434,
                  -42.72212975241839,
                  0
                ],
                [
                  -71.25650224837975,
                  -42.70252782137438,
                  0
                ],
                [
                  -71.2860577465438,
                  -42.6986444069916,
                  0
                ],
                [
                  -71.27179887045577,
                  -42.67134051137607,
                  0
                ],
                [
                  -71.27334588574473,
                  -42.62399895553018,
                  0
                ],
                [
                  -71.28535369253356,
                  -42.6187795925292,
                  0
                ],
                [
                  -71.31080189152246,
                  -42.61438323763849,
                  0
                ],
                [
                  -71.31869088282997,
                  -42.60599346420182,
                  0
                ],
                [
                  -71.34572241898915,
                  -42.58768358396289,
                  0
                ],
                [
                  -71.34449789463828,
                  -42.57273988667649,
                  0
                ],
                [
                  -71.28767214742315,
                  -42.56357863863977,
                  0
                ],
                [
                  -71.28079240105255,
                  -42.55577275646783,
                  0
                ],
                [
                  -71.28845540846268,
                  -42.54636422891148,
                  0
                ],
                [
                  -71.29667510993285,
                  -42.53249545887229,
                  0
                ],
                [
                  -71.27623606560466,
                  -42.51649031590484,
                  0
                ],
                [
                  -71.24458789004436,
                  -42.52185169797498,
                  0
                ],
                [
                  -71.22968624579306,
                  -42.51473161831773,
                  0
                ],
                [
                  -71.19096682931297,
                  -42.51131993558356,
                  0
                ],
                [
                  -71.17790749734918,
                  -42.46665634901581,
                  0
                ],
                [
                  -71.1804398018645,
                  -42.44332339341091,
                  0
                ],
                [
                  -71.17530865163926,
                  -42.41967270782887,
                  0
                ],
                [
                  -71.16298565986912,
                  -42.40772925203795,
                  0
                ],
                [
                  -71.16866113288593,
                  -42.38638123274497,
                  0
                ],
                [
                  -71.15564649056878,
                  -42.30345960667017,
                  0
                ],
                [
                  -71.20526580798291,
                  -42.28164305187928,
                  0
                ],
                [
                  -71.20859550071339,
                  -42.27135287946308,
                  0
                ],
                [
                  -71.19843458702859,
                  -42.24989606902063,
                  0
                ],
                [
                  -71.21224869693208,
                  -42.22103851668399,
                  0
                ],
                [
                  -71.27417346864887,
                  -42.21280199869845,
                  0
                ],
                [
                  -71.28035937846208,
                  -42.1427914691481,
                  0
                ],
                [
                  -71.31123191050823,
                  -42.12850442077985,
                  0
                ],
                [
                  -71.28704028883506,
                  -42.11706622636158,
                  0
                ],
                [
                  -71.29067580808675,
                  -42.09417558023229,
                  0
                ],
                [
                  -71.3160115125315,
                  -42.09340491756477,
                  0
                ],
                [
                  -71.33820752131471,
                  -42.08416686726792,
                  0
                ],
                [
                  -71.38314797363019,
                  -42.08368362616446,
                  0
                ],
                [
                  -71.37809120764277,
                  -42.0454538458435,
                  0
                ],
                [
                  -71.41538210877441,
                  -42.02880379399483,
                  0
                ],
                [
                  -71.4060118911537,
                  -42.00972750452645,
                  0
                ],
                [
                  -71.40894126137873,
                  -41.99199674724156,
                  0
                ],
                [
                  -71.33792044762289,
                  -41.93719347828174,
                  0
                ],
                [
                  -71.29979266682037,
                  -41.92637963904731,
                  0
                ],
                [
                  -71.27649996308386,
                  -41.87499807767778,
                  0
                ],
                [
                  -71.23133915425383,
                  -41.86341397216155,
                  0
                ],
                [
                  -71.19923496948509,
                  -41.84509616494251,
                  0
                ],
                [
                  -71.2265380516769,
                  -41.81208392865211,
                  0
                ],
                [
                  -71.2664034077786,
                  -41.8180488834485,
                  0
                ],
                [
                  -71.29977733750242,
                  -41.80303669906662,
                  0
                ],
                [
                  -71.30204471014093,
                  -41.78088629333995,
                  0
                ],
                [
                  -71.34913899518723,
                  -41.77377553374279,
                  0
                ],
                [
                  -71.34630855590945,
                  -41.76583810994813,
                  0
                ],
                [
                  -71.35096760415902,
                  -41.75842836562671,
                  0
                ],
                [
                  -71.34620760909925,
                  -41.74993674846156,
                  0
                ],
                [
                  -71.32678061381891,
                  -41.74453213826143,
                  0
                ],
                [
                  -71.32795973722958,
                  -41.72725214708872,
                  0
                ],
                [
                  -71.32601652260338,
                  -41.71922863209745,
                  0
                ],
                [
                  -71.3238092968232,
                  -41.7121620812659,
                  0
                ],
                [
                  -71.31665658109804,
                  -41.69797674336807,
                  0
                ],
                [
                  -71.30807918979691,
                  -41.70013650723467,
                  0
                ],
                [
                  -71.28360803169106,
                  -41.69604865484945,
                  0
                ],
                [
                  -71.2612532249134,
                  -41.69187382382128,
                  0
                ],
                [
                  -71.25216998951142,
                  -41.67195481817211,
                  0
                ],
                [
                  -71.20271882711654,
                  -41.66634343901699,
                  0
                ],
                [
                  -71.18687387932721,
                  -41.64636428773961,
                  0
                ],
                [
                  -71.2030182589281,
                  -41.63965081611044,
                  0
                ],
                [
                  -71.22304052455138,
                  -41.62306776892812,
                  0
                ],
                [
                  -71.23957125422656,
                  -41.62135449669942,
                  0
                ],
                [
                  -71.2422902127469,
                  -41.61240730108786,
                  0
                ],
                [
                  -71.24627465094031,
                  -41.61094875677617,
                  0
                ],
                [
                  -71.23831972952921,
                  -41.58815109101538,
                  0
                ],
                [
                  -71.22221401190146,
                  -41.58453344331399,
                  0
                ],
                [
                  -71.19472598090016,
                  -41.58876857471192,
                  0
                ],
                [
                  -71.1811159225609,
                  -41.59004770718899,
                  0
                ],
                [
                  -71.17610871394189,
                  -41.57343180450308,
                  0
                ],
                [
                  -71.1763778281324,
                  -41.55254030021732,
                  0
                ],
                [
                  -71.18900042510361,
                  -41.53930940161425,
                  0
                ],
                [
                  -71.21333406536763,
                  -41.54608837783843,
                  0
                ],
                [
                  -71.24724669075783,
                  -41.540662433557,
                  0
                ],
                [
                  -71.23702848342023,
                  -41.50322784459387,
                  0
                ],
                [
                  -71.26855958440835,
                  -41.47412957316181,
                  0
                ],
                [
                  -71.26296706273763,
                  -41.46269864618876,
                  0
                ],
                [
                  -71.23897077107233,
                  -41.44971315344168,
                  0
                ],
                [
                  -71.22415298269613,
                  -41.4455818498597,
                  0
                ],
                [
                  -71.21604122234426,
                  -41.4404931349762,
                  0
                ],
                [
                  -71.21356668187653,
                  -41.42058495377165,
                  0
                ],
                [
                  -71.19760250435236,
                  -41.40334545377385,
                  0
                ],
                [
                  -71.22160152075624,
                  -41.39111615066725,
                  0
                ],
                [
                  -71.23729072619226,
                  -41.38059867489179,
                  0
                ],
                [
                  -71.24663366487788,
                  -41.37040549121056,
                  0
                ],
                [
                  -71.2539201021925,
                  -41.37772377187339,
                  0
                ],
                [
                  -71.26218478897661,
                  -41.38612014221947,
                  0
                ],
                [
                  -71.27641117391694,
                  -41.38755354243877,
                  0
                ],
                [
                  -71.29671009359592,
                  -41.38843816688343,
                  0
                ],
                [
                  -71.31071449300809,
                  -41.38631237472155,
                  0
                ],
                [
                  -71.32215082057375,
                  -41.38767755422963,
                  0
                ],
                [
                  -71.33634306667254,
                  -41.39199809499195,
                  0
                ],
                [
                  -71.34938094150071,
                  -41.39443465767338,
                  0
                ],
                [
                  -71.36769734496562,
                  -41.37849013014447,
                  0
                ],
                [
                  -71.37788688356949,
                  -41.37899971848442,
                  0
                ],
                [
                  -71.38444969655549,
                  -41.38913943573144,
                  0
                ],
                [
                  -71.39963471767601,
                  -41.39836033771117,
                  0
                ],
                [
                  -71.40833092140939,
                  -41.37936725314318,
                  0
                ],
                [
                  -71.42245276672823,
                  -41.36773587644709,
                  0
                ],
                [
                  -71.41321228692202,
                  -41.34077700711729,
                  0
                ],
                [
                  -71.43156995547506,
                  -41.33047166127306,
                  0
                ],
                [
                  -71.43832446677843,
                  -41.32202416839448,
                  0
                ],
                [
                  -71.44626311614569,
                  -41.30614616727264,
                  0
                ],
                [
                  -71.46593068581855,
                  -41.29897666407379,
                  0
                ],
                [
                  -71.45349962793215,
                  -41.27248206967006,
                  0
                ],
                [
                  -71.48861286015496,
                  -41.24971347165975,
                  0
                ],
                [
                  -71.49324146141979,
                  -41.22189976841023,
                  0
                ],
                [
                  -71.50927494235998,
                  -41.19756551774202,
                  0
                ],
                [
                  -71.51462064840467,
                  -41.19641378466603,
                  0
                ],
                [
                  -71.52715382767278,
                  -41.20599251152305,
                  0
                ],
                [
                  -71.53271297857125,
                  -41.20328097417281,
                  0
                ],
                [
                  -71.5510696089509,
                  -41.19282009645404,
                  0
                ],
                [
                  -71.56448178007129,
                  -41.19408743962319,
                  0
                ],
                [
                  -71.56741726064193,
                  -41.19994199713,
                  0
                ],
                [
                  -71.59919303688886,
                  -41.19457677788307,
                  0
                ],
                [
                  -71.6017352421288,
                  -41.18355594516796,
                  0
                ],
                [
                  -71.6119945033877,
                  -41.16727162943374,
                  0
                ],
                [
                  -71.63004686214461,
                  -41.18020266769052,
                  0
                ],
                [
                  -71.64490577425089,
                  -41.19194097347845,
                  0
                ],
                [
                  -71.6860618298871,
                  -41.19568504137376,
                  0
                ],
                [
                  -71.70606815271513,
                  -41.19745478645103,
                  0
                ],
                [
                  -71.7185212988774,
                  -41.18786773799405,
                  0
                ],
                [
                  -71.75612770261921,
                  -41.18235236761983,
                  0
                ],
                [
                  -71.76548552417758,
                  -41.19082146959197,
                  0
                ],
                [
                  -71.78505811645522,
                  -41.16681619065767,
                  0
                ],
                [
                  -71.81724951899785,
                  -41.15435228765064,
                  0
                ],
                [
                  -71.83780145761163,
                  -41.16017221662756,
                  0
                ],
                [
                  -71.84842164252198,
                  -41.16454795438913,
                  0
                ],
                [
                  -71.87153771934214,
                  -41.16666448983852,
                  0
                ],
                [
                  -71.88335778253206,
                  -41.16307119382174,
                  0
                ],
                [
                  -71.87877705505326,
                  -41.16256008117944,
                  0
                ],
                [
                  -71.83222217113058,
                  -41.15131021609707,
                  0
                ],
                [
                  -71.81691507949942,
                  -41.05722453459077,
                  0
                ],
                [
                  -71.86411507949943,
                  -41.01304453459076,
                  0
                ],
                [
                  -71.86749507949942,
                  -40.99904453459077,
                  0
                ],
                [
                  -71.90141507949943,
                  -40.97394453459076,
                  0
                ],
                [
                  -71.8548977012003,
                  -40.96541158203674,
                  0
                ],
                [
                  -71.85126507949943,
                  -40.95769453459076,
                  0
                ],
                [
                  -71.85126507949943,
                  -40.93837453459076,
                  0
                ],
                [
                  -71.85968507949943,
                  -40.91346453459077,
                  0
                ],
                [
                  -71.85601507949943,
                  -40.87774453459076,
                  0
                ],
                [
                  -71.90484597618928,
                  -40.84872161568688,
                  0
                ],
                [
                  -71.90541507949943,
                  -40.84094453459076,
                  0
                ],
                [
                  -71.91771507949943,
                  -40.78414453459077,
                  0
                ],
                [
                  -71.94871507949942,
                  -40.71964453459076,
                  0
                ],
                [
                  -71.86421507949943,
                  -40.66774453459077,
                  0
                ],
                [
                  -71.84714640058462,
                  -40.63752616101437,
                  0
                ],
                [
                  -71.83711507949943,
                  -40.60934453459076,
                  0
                ],
                [
                  -71.82296836694789,
                  -40.57650220073588,
                  0
                ],
                [
                  -71.85860247449942,
                  -40.54242663559076,
                  0
                ],
                [
                  -71.83879157147001,
                  -40.52776852501786,
                  0
                ],
                [
                  -71.83192062869436,
                  -40.48939200945266,
                  0
                ],
                [
                  -71.80398048549942,
                  -40.42646472059077,
                  0
                ],
                [
                  -71.73983448015535,
                  -40.44004173649794,
                  0
                ],
                [
                  -71.70290259531659,
                  -40.41918848891869,
                  0
                ],
                [
                  -71.68674313256489,
                  -40.40497249859099,
                  0
                ],
                [
                  -71.68342799583144,
                  -40.37601730859005,
                  0
                ],
                [
                  -71.64910484781832,
                  -40.36435842851535,
                  0
                ],
                [
                  -71.65681581538014,
                  -40.34725434324687,
                  0
                ],
                [
                  -71.67114520129371,
                  -40.34222530889042,
                  0
                ],
                [
                  -71.66819794463264,
                  -40.33905765541083,
                  0
                ],
                [
                  -71.66950826527216,
                  -40.33144398943374,
                  0
                ],
                [
                  -71.67430135202835,
                  -40.32538562535346,
                  0
                ],
                [
                  -71.6646630152029,
                  -40.3240935138012,
                  0
                ],
                [
                  -71.66427856825696,
                  -40.32396416003593,
                  0
                ],
                [
                  -71.65712007296298,
                  -40.32446855333244,
                  0
                ],
                [
                  -71.6472693801648,
                  -40.32117503639692,
                  0
                ],
                [
                  -71.64360469614257,
                  -40.31604652831103,
                  0
                ],
                [
                  -71.6381838759508,
                  -40.31633057610971,
                  0
                ],
                [
                  -71.6319183404944,
                  -40.31938969691127,
                  0
                ],
                [
                  -71.62730965833107,
                  -40.32370766493488,
                  0
                ],
                [
                  -71.61865699630408,
                  -40.32317728068348,
                  0
                ],
                [
                  -71.61113718143649,
                  -40.31308613481582,
                  0
                ],
                [
                  -71.60600824922439,
                  -40.30240282095149,
                  0
                ],
                [
                  -71.59661967573294,
                  -40.30125589854962,
                  0
                ],
                [
                  -71.5932845361971,
                  -40.30591507918891,
                  0
                ],
                [
                  -71.58525973685101,
                  -40.31237718391768,
                  0
                ],
                [
                  -71.5400775438066,
                  -40.32462205241145,
                  0
                ],
                [
                  -71.52881113633963,
                  -40.31907867954065,
                  0
                ],
                [
                  -71.51069820562829,
                  -40.31582627080942,
                  0
                ],
                [
                  -71.48164423497197,
                  -40.30202673086566,
                  0
                ],
                [
                  -71.47592570740214,
                  -40.28921845650489,
                  0
                ],
                [
                  -71.46800742324791,
                  -40.27573661386172,
                  0
                ],
                [
                  -71.465706658429,
                  -40.27579592806353,
                  0
                ],
                [
                  -71.4616788760488,
                  -40.27343116886569,
                  0
                ],
                [
                  -71.45897138203131,
                  -40.26542155547484,
                  0
                ],
                [
                  -71.45617211322698,
                  -40.26577004700454,
                  0
                ],
                [
                  -71.45102796726371,
                  -40.26142485537697,
                  0
                ],
                [
                  -71.44419353698586,
                  -40.25956486612748,
                  0
                ],
                [
                  -71.44251942161668,
                  -40.25550507757529,
                  0
                ],
                [
                  -71.43443477664904,
                  -40.25464244380745,
                  0
                ],
                [
                  -71.43305041786454,
                  -40.25347301508399,
                  0
                ],
                [
                  -71.4141813251817,
                  -40.25290125193075,
                  0
                ],
                [
                  -71.40711189109807,
                  -40.25024637308163,
                  0
                ],
                [
                  -71.40167812404667,
                  -40.24297553620128,
                  0
                ],
                [
                  -71.38905953722687,
                  -40.23361779474351,
                  0
                ],
                [
                  -71.38573827569749,
                  -40.23227517512862,
                  0
                ],
                [
                  -71.37797230576874,
                  -40.23198958339184,
                  0
                ],
                [
                  -71.37226701405035,
                  -40.23181665425132,
                  0
                ],
                [
                  -71.36501284390421,
                  -40.23273909061949,
                  0
                ],
                [
                  -71.34899324264667,
                  -40.23832159676884,
                  0
                ],
                [
                  -71.33880073118844,
                  -40.24041882479523,
                  0
                ],
                [
                  -71.33076307570019,
                  -40.23978463802349,
                  0
                ],
                [
                  -71.32506873248987,
                  -40.2384601407841,
                  0
                ],
                [
                  -71.32184326558264,
                  -40.23215206961917,
                  0
                ],
                [
                  -71.3170957440485,
                  -40.22892060920105,
                  0
                ],
                [
                  -71.31129154376372,
                  -40.22790007455163,
                  0
                ],
                [
                  -71.30811344658251,
                  -40.22584612016286,
                  0
                ],
                [
                  -71.30326506493665,
                  -40.22584370524066,
                  0
                ],
                [
                  -71.30150660607812,
                  -40.22197887073079,
                  0
                ],
                [
                  -71.29697847425865,
                  -40.22044949660596,
                  0
                ],
                [
                  -71.2946488590067,
                  -40.21988795823233,
                  0
                ],
                [
                  -71.29218833439586,
                  -40.22108782662934,
                  0
                ],
                [
                  -71.2873713487136,
                  -40.22053579053649,
                  0
                ],
                [
                  -71.28581648677196,
                  -40.22359107455004,
                  0
                ],
                [
                  -71.27891778400009,
                  -40.2237588480955,
                  0
                ],
                [
                  -71.27699009500958,
                  -40.22651021813805,
                  0
                ],
                [
                  -71.2709638982778,
                  -40.22827759386459,
                  0
                ],
                [
                  -71.26723265199574,
                  -40.22704312226305,
                  0
                ],
                [
                  -71.26279338599717,
                  -40.22793573998707,
                  0
                ],
                [
                  -71.25766700589772,
                  -40.22990090858973,
                  0
                ],
                [
                  -71.25317240826755,
                  -40.22622808765284,
                  0
                ],
                [
                  -71.25599064066638,
                  -40.22041042184198,
                  0
                ],
                [
                  -71.25324600538849,
                  -40.21738427206089,
                  0
                ],
                [
                  -71.25635222014145,
                  -40.20525204134653,
                  0
                ],
                [
                  -71.25592404907032,
                  -40.20225086439761,
                  0
                ],
                [
                  -71.25526429872424,
                  -40.20076521049928,
                  0
                ],
                [
                  -71.25231222690006,
                  -40.19963876050554,
                  0
                ],
                [
                  -71.24820989947638,
                  -40.19514788895753,
                  0
                ],
                [
                  -71.24458167602674,
                  -40.19488059092638,
                  0
                ],
                [
                  -71.24354783609671,
                  -40.19201522046491,
                  0
                ],
                [
                  -71.24288492179267,
                  -40.19080204605438,
                  0
                ],
                [
                  -71.24253378769775,
                  -40.18862526384977,
                  0
                ],
                [
                  -71.24009369842553,
                  -40.1843730677893,
                  0
                ],
                [
                  -71.23637083940787,
                  -40.18022125371665,
                  0
                ],
                [
                  -71.23110971983942,
                  -40.17961148987047,
                  0
                ],
                [
                  -71.2303727431616,
                  -40.17746684261436,
                  0
                ],
                [
                  -71.21986087707297,
                  -40.17801869206589,
                  0
                ],
                [
                  -71.21154804491756,
                  -40.17950772155286,
                  0
                ],
                [
                  -71.20905832593999,
                  -40.17880226113148,
                  0
                ],
                [
                  -71.20633215293246,
                  -40.179720912893,
                  0
                ],
                [
                  -71.19456442668282,
                  -40.17850587329206,
                  0
                ],
                [
                  -71.19176195752325,
                  -40.17611236241742,
                  0
                ],
                [
                  -71.18757240828029,
                  -40.16581245490377,
                  0
                ],
                [
                  -71.18080671321566,
                  -40.15699882879249,
                  0
                ],
                [
                  -71.18608185573616,
                  -40.13598924945479,
                  0
                ],
                [
                  -71.20373714355765,
                  -40.12269027587525,
                  0
                ],
                [
                  -71.20656346973529,
                  -40.11705300517821,
                  0
                ],
                [
                  -71.21256577736062,
                  -40.11064117606617,
                  0
                ],
                [
                  -71.21846312749041,
                  -40.11183239193298,
                  0
                ],
                [
                  -71.22412560134745,
                  -40.11065279221329,
                  0
                ],
                [
                  -71.23034948119826,
                  -40.11004448693352,
                  0
                ],
                [
                  -71.23986767882451,
                  -40.10889481332316,
                  0
                ],
                [
                  -71.2842523871445,
                  -40.10631678920056,
                  0
                ],
                [
                  -71.2907466608458,
                  -40.10805098312792,
                  0
                ],
                [
                  -71.30593017989129,
                  -40.11036794943195,
                  0
                ],
                [
                  -71.32080175602873,
                  -40.10000507406654,
                  0
                ],
                [
                  -71.331367050958,
                  -40.0964076273376,
                  0
                ],
                [
                  -71.36204483077117,
                  -40.09857652708488,
                  0
                ],
                [
                  -71.36492542042532,
                  -40.10261315826216,
                  0
                ],
                [
                  -71.37195897929128,
                  -40.10892337851825,
                  0
                ],
                [
                  -71.38397186115752,
                  -40.10708846965456,
                  0
                ],
                [
                  -71.39402704608038,
                  -40.10132668977862,
                  0
                ],
                [
                  -71.39377453029559,
                  -40.09433813725239,
                  0
                ],
                [
                  -71.40282818062833,
                  -40.09251164076576,
                  0
                ],
                [
                  -71.40618738462872,
                  -40.08653586714149,
                  0
                ],
                [
                  -71.42036382576947,
                  -40.08493295353512,
                  0
                ],
                [
                  -71.43463650048734,
                  -40.08308155680272,
                  0
                ],
                [
                  -71.43862470957923,
                  -40.0867006933096,
                  0
                ],
                [
                  -71.44563859069206,
                  -40.08732046406551,
                  0
                ],
                [
                  -71.45529869260788,
                  -40.08748741486926,
                  0
                ],
                [
                  -71.46663948553149,
                  -40.08508970101786,
                  0
                ],
                [
                  -71.47838549440826,
                  -40.0802936099197,
                  0
                ],
                [
                  -71.48157194754091,
                  -40.07772070551976,
                  0
                ],
                [
                  -71.48091855063196,
                  -40.06565287752965,
                  0
                ],
                [
                  -71.48698941360468,
                  -40.06430755842126,
                  0
                ],
                [
                  -71.49654102408573,
                  -40.06559245916798,
                  0
                ],
                [
                  -71.49737644092883,
                  -40.06378096096955,
                  0
                ],
                [
                  -71.49916524192099,
                  -40.06211759896328,
                  0
                ],
                [
                  -71.50260848341527,
                  -40.06157935212186,
                  0
                ],
                [
                  -71.50707497987104,
                  -40.06250490393817,
                  0
                ],
                [
                  -71.50911703127848,
                  -40.06503193785112,
                  0
                ],
                [
                  -71.51297002255576,
                  -40.0667218340757,
                  0
                ],
                [
                  -71.52396835311058,
                  -40.06265093083507,
                  0
                ],
                [
                  -71.52830534142234,
                  -40.06450198718383,
                  0
                ],
                [
                  -71.53501843995414,
                  -40.06548915081922,
                  0
                ],
                [
                  -71.53976913611916,
                  -40.06527954690335,
                  0
                ],
                [
                  -71.54283674449063,
                  -40.06634114096575,
                  0
                ],
                [
                  -71.55240875969152,
                  -40.07710880149428,
                  0
                ],
                [
                  -71.555443974958,
                  -40.07701924819564,
                  0
                ],
                [
                  -71.55722396277035,
                  -40.0754574976085,
                  0
                ],
                [
                  -71.55966034721696,
                  -40.07549682136059,
                  0
                ],
                [
                  -71.56134557364125,
                  -40.07776560292617,
                  0
                ],
                [
                  -71.56286432474506,
                  -40.07838925559943,
                  0
                ],
                [
                  -71.56627283149633,
                  -40.08106052740606,
                  0
                ],
                [
                  -71.57356500434702,
                  -40.08082827760043,
                  0
                ],
                [
                  -71.58025775777641,
                  -40.08105173424439,
                  0
                ],
                [
                  -71.58297832007965,
                  -40.08056198762653,
                  0
                ],
                [
                  -71.58646720458009,
                  -40.08079908577666,
                  0
                ],
                [
                  -71.5936818198934,
                  -40.08094946832554,
                  0
                ],
                [
                  -71.60131815876545,
                  -40.07940120323484,
                  0
                ],
                [
                  -71.60296298702696,
                  -40.0810398332497,
                  0
                ],
                [
                  -71.60549011914539,
                  -40.08137574430859,
                  0
                ],
                [
                  -71.60591463472892,
                  -40.08398633014605,
                  0
                ],
                [
                  -71.6094148166284,
                  -40.08516961164994,
                  0
                ],
                [
                  -71.61483731831449,
                  -40.09088925500086,
                  0
                ],
                [
                  -71.6202783724097,
                  -40.09233897592365,
                  0
                ],
                [
                  -71.62632939714284,
                  -40.09467770315076,
                  0
                ],
                [
                  -71.63375409716586,
                  -40.09094963861398,
                  0
                ],
                [
                  -71.63476768004722,
                  -40.08777115774485,
                  0
                ],
                [
                  -71.63760456688652,
                  -40.08657017000899,
                  0
                ],
                [
                  -71.63823605298197,
                  -40.08301395901234,
                  0
                ],
                [
                  -71.63898700564422,
                  -40.07997119300783,
                  0
                ],
                [
                  -71.63624840813422,
                  -40.0794458218249,
                  0
                ],
                [
                  -71.63419019904272,
                  -40.07347323158535,
                  0
                ],
                [
                  -71.63537527853862,
                  -40.0684226850307,
                  0
                ],
                [
                  -71.63214192373474,
                  -40.06567470161806,
                  0
                ],
                [
                  -71.63161261937589,
                  -40.05895825804305,
                  0
                ],
                [
                  -71.63071981537654,
                  -40.05076330053392,
                  0
                ],
                [
                  -71.6266584284526,
                  -40.04290994461419,
                  0
                ],
                [
                  -71.62698927243996,
                  -40.039507750644,
                  0
                ],
                [
                  -71.62995542131581,
                  -40.03774028004534,
                  0
                ],
                [
                  -71.63823369631636,
                  -40.03828358476327,
                  0
                ],
                [
                  -71.65007430148552,
                  -40.03654048399962,
                  0
                ],
                [
                  -71.66085244711306,
                  -40.02809494482766,
                  0
                ],
                [
                  -71.67034235179547,
                  -40.02324467493493,
                  0
                ],
                [
                  -71.66599294114377,
                  -39.99878702655369,
                  0
                ],
                [
                  -71.66056481965649,
                  -39.99203614302973,
                  0
                ],
                [
                  -71.64821255068361,
                  -39.97651329979188,
                  0
                ],
                [
                  -71.6376864005709,
                  -39.96910614467216,
                  0
                ],
                [
                  -71.62609412050362,
                  -39.97873152948469,
                  0
                ],
                [
                  -71.61910838957016,
                  -39.97590216809018,
                  0
                ],
                [
                  -71.61132661017416,
                  -39.95690885535425,
                  0
                ],
                [
                  -71.61866932048723,
                  -39.94047674104539,
                  0
                ],
                [
                  -71.59746621367654,
                  -39.92902525066841,
                  0
                ],
                [
                  -71.5865115976667,
                  -39.9043217491574,
                  0
                ],
                [
                  -71.59677843768316,
                  -39.88728273878269,
                  0
                ],
                [
                  -71.61004122041975,
                  -39.8715754751653,
                  0
                ],
                [
                  -71.63278035152769,
                  -39.87269218228473,
                  0
                ],
                [
                  -71.6337336366989,
                  -39.85884885882859,
                  0
                ],
                [
                  -71.64039830971227,
                  -39.85052090134877,
                  0
                ],
                [
                  -71.65640271117498,
                  -39.85169544916122,
                  0
                ],
                [
                  -71.66126406980135,
                  -39.85672439469857,
                  0
                ],
                [
                  -71.66905332049943,
                  -39.85926420059076,
                  0
                ],
                [
                  -71.68152609509002,
                  -39.85357933065483,
                  0
                ],
                [
                  -71.68617128511639,
                  -39.84504517817797,
                  0
                ],
                [
                  -71.6846154879321,
                  -39.83734753805329,
                  0
                ],
                [
                  -71.68553999170713,
                  -39.82546825063888,
                  0
                ],
                [
                  -71.67783570979533,
                  -39.81704899584212,
                  0
                ],
                [
                  -71.6641193324282,
                  -39.8075815609422,
                  0
                ],
                [
                  -71.67765484036278,
                  -39.79668652981335,
                  0
                ],
                [
                  -71.68089711954127,
                  -39.75554291137957,
                  0
                ],
                [
                  -71.7013725916247,
                  -39.74317212677429,
                  0
                ],
                [
                  -71.70982083924959,
                  -39.72635241659076,
                  0
                ],
                [
                  -71.70413876717089,
                  -39.72275953973404,
                  0
                ],
                [
                  -71.69085949110669,
                  -39.70728451850304,
                  0
                ],
                [
                  -71.69694883283636,
                  -39.69705453015686,
                  0
                ],
                [
                  -71.68319245562407,
                  -39.69605388892396,
                  0
                ],
                [
                  -71.6675906328325,
                  -39.69493014646842,
                  0
                ],
                [
                  -71.6645665770589,
                  -39.67863351754949,
                  0
                ],
                [
                  -71.68193390501342,
                  -39.67224924664317,
                  0
                ],
                [
                  -71.69073729598344,
                  -39.6566108239096,
                  0
                ],
                [
                  -71.71081521254138,
                  -39.64473964931202,
                  0
                ],
                [
                  -71.7123903164637,
                  -39.63681618675784,
                  0
                ],
                [
                  -71.69379264945574,
                  -39.63560007789358,
                  0
                ],
                [
                  -71.69134410124056,
                  -39.60349186160341,
                  0
                ],
                [
                  -71.68638848253592,
                  -39.58472378626022,
                  0
                ],
                [
                  -71.67721819749943,
                  -39.56853259259076,
                  0
                ],
                [
                  -71.6599781961414,
                  -39.59207003731684,
                  0
                ],
                [
                  -71.62731898309168,
                  -39.59476117095301,
                  0
                ],
                [
                  -71.61748076262309,
                  -39.61002444785276,
                  0
                ],
                [
                  -71.61314047488342,
                  -39.62912646891706,
                  0
                ],
                [
                  -71.58204333438476,
                  -39.63922879902918,
                  0
                ],
                [
                  -71.54178778005208,
                  -39.62763524120274,
                  0
                ],
                [
                  -71.50178912264217,
                  -39.63971765286425,
                  0
                ],
                [
                  -71.4574598785524,
                  -39.5854951047694,
                  0
                ],
                [
                  -71.46733975977654,
                  -39.56713921000328,
                  0
                ],
                [
                  -71.46381098133047,
                  -39.55832198312419,
                  0
                ],
                [
                  -71.46913185894536,
                  -39.54956475741954,
                  0
                ],
                [
                  -71.47791661905259,
                  -39.54883038474662,
                  0
                ],
                [
                  -71.4993819983937,
                  -39.55468586728807,
                  0
                ],
                [
                  -71.50801257590201,
                  -39.54623859397025,
                  0
                ],
                [
                  -71.53006177771147,
                  -39.53169330382043,
                  0
                ],
                [
                  -71.52255292422903,
                  -39.52038989710653,
                  0
                ],
                [
                  -71.50876640287741,
                  -39.50612461110774,
                  0
                ],
                [
                  -71.46951577005065,
                  -39.49276675443789,
                  0
                ],
                [
                  -71.45841834493608,
                  -39.45827162991172,
                  0
                ],
                [
                  -71.44522142310204,
                  -39.45042638191599,
                  0
                ],
                [
                  -71.44570465023494,
                  -39.42442885482615,
                  0
                ],
                [
                  -71.45738657534531,
                  -39.42037161657944,
                  0
                ],
                [
                  -71.46479552900121,
                  -39.41093369919869,
                  0
                ],
                [
                  -71.45006643207758,
                  -39.41247490657185,
                  0
                ],
                [
                  -71.44085613885784,
                  -39.40983261382739,
                  0
                ],
                [
                  -71.44128246516912,
                  -39.39366264411503,
                  0
                ],
                [
                  -71.45175624950278,
                  -39.38086060086301,
                  0
                ],
                [
                  -71.4303625069337,
                  -39.37622498520345,
                  0
                ],
                [
                  -71.39280251202955,
                  -39.35630419479183,
                  0
                ],
                [
                  -71.36586618027066,
                  -39.28308660888517,
                  0
                ],
                [
                  -71.3729118052884,
                  -39.20543560650376,
                  0
                ],
                [
                  -71.40452723922365,
                  -39.15009094585394,
                  0
                ],
                [
                  -71.40571101230148,
                  -39.0988932865443,
                  0
                ],
                [
                  -71.40792713381441,
                  -39.06478862555974,
                  0
                ],
                [
                  -71.3923550907818,
                  -39.04657853774427,
                  0
                ],
                [
                  -71.41152002528058,
                  -39.01701052328017,
                  0
                ],
                [
                  -71.42369559485074,
                  -38.9814743145832,
                  0
                ],
                [
                  -71.42536427048093,
                  -38.93266676651247,
                  0
                ],
                [
                  -71.36953592412745,
                  -38.90645912451052,
                  0
                ],
                [
                  -71.33326960785826,
                  -38.87985175220034,
                  0
                ],
                [
                  -71.31677575164518,
                  -38.88388624299812,
                  0
                ],
                [
                  -71.26535148291168,
                  -38.85666168729057,
                  0
                ],
                [
                  -71.26141552810316,
                  -38.83318221143805,
                  0
                ],
                [
                  -71.23570587169193,
                  -38.81111796392078,
                  0
                ],
                [
                  -71.21403747213093,
                  -38.82148917471258,
                  0
                ],
                [
                  -71.18303497087363,
                  -38.82163972186481,
                  0
                ],
                [
                  -71.17379613392158,
                  -38.80690322734218,
                  0
                ],
                [
                  -71.14506000192918,
                  -38.80038772866082,
                  0
                ],
                [
                  -71.08355251637171,
                  -38.77003546384288,
                  0
                ],
                [
                  -71.00308678180588,
                  -38.77487663732094,
                  0
                ],
                [
                  -70.91767204526869,
                  -38.77003339401482,
                  0
                ],
                [
                  -70.88572711223044,
                  -38.72473067869772,
                  0
                ],
                [
                  -70.87364967449943,
                  -38.69148018359076,
                  0
                ],
                [
                  -70.89752973366468,
                  -38.6898895161586,
                  0
                ],
                [
                  -70.8952325113882,
                  -38.66370973804599,
                  0
                ],
                [
                  -70.88323565249942,
                  -38.64311104259076,
                  0
                ],
                [
                  -70.86800654192459,
                  -38.64046350262008,
                  0
                ],
                [
                  -70.82131816170413,
                  -38.60319014768408,
                  0
                ],
                [
                  -70.82154948559369,
                  -38.58768829134938,
                  0
                ],
                [
                  -70.83461775446166,
                  -38.58323900468988,
                  0
                ],
                [
                  -70.82893152484048,
                  -38.55037381196759,
                  0
                ],
                [
                  -70.84848325249942,
                  -38.52766589359076,
                  0
                ],
                [
                  -70.95024193026119,
                  -38.44646886136221,
                  0
                ],
                [
                  -70.97356605649942,
                  -38.42472643959076,
                  0
                ],
                [
                  -70.99081603420113,
                  -38.29696667209422,
                  0
                ],
                [
                  -71.00480780976766,
                  -38.26473620559076,
                  0
                ],
                [
                  -71.01428110511912,
                  -38.21797726375444,
                  0
                ],
                [
                  -70.9959811602255,
                  -38.20969694367296,
                  0
                ],
                [
                  -70.99016998216773,
                  -38.17475078595503,
                  0
                ],
                [
                  -71.003343594964,
                  -38.15111952125096,
                  0
                ],
                [
                  -71.02940245789537,
                  -38.12157766668966,
                  0
                ],
                [
                  -70.98227262310904,
                  -38.11472113315005,
                  0
                ],
                [
                  -70.97881392791764,
                  -38.08886758599571,
                  0
                ],
                [
                  -71.00979123549942,
                  -38.06557523459076,
                  0
                ],
                [
                  -71.03725725949943,
                  -38.03663643259076,
                  0
                ],
                [
                  -71.04830218932773,
                  -37.99362783039511,
                  0
                ],
                [
                  -71.06147000124624,
                  -37.96919578704496,
                  0
                ],
                [
                  -71.076406723416,
                  -37.96291020490013,
                  0
                ],
                [
                  -71.08816270418279,
                  -37.96174155271506,
                  0
                ],
                [
                  -71.11086382350123,
                  -37.95015886398325,
                  0
                ],
                [
                  -71.10421030899867,
                  -37.92542935400442,
                  0
                ],
                [
                  -71.1112053505804,
                  -37.92142961375432,
                  0
                ],
                [
                  -71.09472145249943,
                  -37.89742012459077,
                  0
                ],
                [
                  -71.11244982668272,
                  -37.88780962568686,
                  0
                ],
                [
                  -71.13123736205242,
                  -37.86315930863881,
                  0
                ],
                [
                  -71.13896023084212,
                  -37.85790016733167,
                  0
                ],
                [
                  -71.15870769786828,
                  -37.85658757944422,
                  0
                ],
                [
                  -71.16888092464234,
                  -37.86058063384071,
                  0
                ],
                [
                  -71.17833955422759,
                  -37.86089749753992,
                  0
                ],
                [
                  -71.18244399370637,
                  -37.8574795122909,
                  0
                ],
                [
                  -71.18048342002152,
                  -37.85650376543409,
                  0
                ],
                [
                  -71.17474722710278,
                  -37.85804980948177,
                  0
                ],
                [
                  -71.17200955808961,
                  -37.85764228604693,
                  0
                ],
                [
                  -71.1690452701846,
                  -37.85693787507046,
                  0
                ],
                [
                  -71.16299273472974,
                  -37.8540539575207,
                  0
                ],
                [
                  -71.16063752635256,
                  -37.84861946059908,
                  0
                ],
                [
                  -71.15733535083372,
                  -37.8431081985388,
                  0
                ],
                [
                  -71.1526501040377,
                  -37.84058254059006,
                  0
                ],
                [
                  -71.13306536449943,
                  -37.83850899159076,
                  0
                ],
                [
                  -71.12514805696148,
                  -37.82870794408897,
                  0
                ],
                [
                  -71.12277294432691,
                  -37.81997474456835,
                  0
                ],
                [
                  -71.15065871875001,
                  -37.80766207913943,
                  0
                ],
                [
                  -71.15144027925587,
                  -37.80062189979408,
                  0
                ],
                [
                  -71.15641652148888,
                  -37.79514079119135,
                  0
                ],
                [
                  -71.15787414345397,
                  -37.78721413882139,
                  0
                ],
                [
                  -71.1661323449021,
                  -37.78609060936011,
                  0
                ],
                [
                  -71.16796602098243,
                  -37.78039405758596,
                  0
                ],
                [
                  -71.15523383305931,
                  -37.77230473718492,
                  0
                ],
                [
                  -71.15619419814551,
                  -37.76439388028816,
                  0
                ],
                [
                  -71.15461644521396,
                  -37.75647085583634,
                  0
                ],
                [
                  -71.16156920236642,
                  -37.75298470500707,
                  0
                ],
                [
                  -71.16512474421673,
                  -37.74329879936998,
                  0
                ],
                [
                  -71.17382806551922,
                  -37.74256668578938,
                  0
                ],
                [
                  -71.18237518876917,
                  -37.73390386344777,
                  0
                ],
                [
                  -71.18787255952253,
                  -37.72089509929617,
                  0
                ],
                [
                  -71.1859722323974,
                  -37.71209218224785,
                  0
                ],
                [
                  -71.19379057620674,
                  -37.70675834549225,
                  0
                ],
                [
                  -71.20896882105384,
                  -37.69750500828103,
                  0
                ],
                [
                  -71.2084179580414,
                  -37.68843475600827,
                  0
                ],
                [
                  -71.19966920265487,
                  -37.67691399867891,
                  0
                ],
                [
                  -71.19873164605396,
                  -37.6463772323582,
                  0
                ],
                [
                  -71.19117369534756,
                  -37.63143584110863,
                  0
                ],
                [
                  -71.18370826849943,
                  -37.62591214959076,
                  0
                ],
                [
                  -71.17012327557386,
                  -37.61353747152898,
                  0
                ],
                [
                  -71.1597206059713,
                  -37.61692768391472,
                  0
                ],
                [
                  -71.1436994204305,
                  -37.60860263144635,
                  0
                ],
                [
                  -71.1281204307558,
                  -37.58919482629031,
                  0
                ],
                [
                  -71.1246726683851,
                  -37.58446296631128,
                  0
                ],
                [
                  -71.12908389291597,
                  -37.55442395729366,
                  0
                ],
                [
                  -71.13417855558015,
                  -37.54338144989504,
                  0
                ],
                [
                  -71.14353242712203,
                  -37.54030211958082,
                  0
                ],
                [
                  -71.13014580265462,
                  -37.53015409175232,
                  0
                ],
                [
                  -71.12527604659603,
                  -37.51014209605547,
                  0
                ],
                [
                  -71.11295756334953,
                  -37.49332893192272,
                  0
                ],
                [
                  -71.1146505723081,
                  -37.46383100454728,
                  0
                ],
                [
                  -71.12288510749943,
                  -37.44328763759076,
                  0
                ],
                [
                  -71.15599001778135,
                  -37.39243683266647,
                  0
                ],
                [
                  -71.18363357969297,
                  -37.38880143043606,
                  0
                ],
                [
                  -71.19389921845885,
                  -37.37512368802309,
                  0
                ],
                [
                  -71.18585730732008,
                  -37.36474415285419,
                  0
                ],
                [
                  -71.18732135768404,
                  -37.34643821336642,
                  0
                ],
                [
                  -71.20150794135603,
                  -37.33400269145605,
                  0
                ],
                [
                  -71.21279874115956,
                  -37.2944128488169,
                  0
                ],
                [
                  -71.20800244650302,
                  -37.27744101275712,
                  0
                ],
                [
                  -71.1838396283491,
                  -37.2769294058708,
                  0
                ],
                [
                  -71.17453995784072,
                  -37.25760865596823,
                  0
                ],
                [
                  -71.16108973639105,
                  -37.25104248849298,
                  0
                ],
                [
                  -71.14543880816875,
                  -37.22658745278203,
                  0
                ],
                [
                  -71.10437887301534,
                  -37.21224398892956,
                  0
                ],
                [
                  -71.1280684083599,
                  -37.14889420165107,
                  0
                ],
                [
                  -71.08616088450037,
                  -37.12155349282439,
                  0
                ],
                [
                  -71.08893369149942,
                  -37.10346341959077,
                  0
                ],
                [
                  -71.13936988949943,
                  -37.06170886159077,
                  0
                ],
                [
                  -71.1331230361759,
                  -37.05193233294429,
                  0
                ],
                [
                  -71.14163504853602,
                  -37.01866444109384,
                  0
                ],
                [
                  -71.16453025132954,
                  -37.0024718314541,
                  0
                ],
                [
                  -71.16912190836642,
                  -36.99404265755228,
                  0
                ],
                [
                  -71.19085465190501,
                  -36.9922342859464,
                  0
                ],
                [
                  -71.20292082069966,
                  -36.98475690697327,
                  0
                ],
                [
                  -71.21744854496428,
                  -36.98111254022688,
                  0
                ],
                [
                  -71.21522638827949,
                  -36.9760311755521,
                  0
                ],
                [
                  -71.20000447213356,
                  -36.97782601981605,
                  0
                ],
                [
                  -71.19329030132728,
                  -36.97379575442138,
                  0
                ],
                [
                  -71.18150078056267,
                  -36.97226038065901,
                  0
                ],
                [
                  -71.16915044768557,
                  -36.97982710756136,
                  0
                ],
                [
                  -71.14635470953588,
                  -36.98491342571754,
                  0
                ],
                [
                  -71.12306480142513,
                  -36.98077027878319,
                  0
                ],
                [
                  -71.09565326158456,
                  -36.96770447112929,
                  0
                ],
                [
                  -71.07799084051697,
                  -36.91951184132918,
                  0
                ],
                [
                  -71.13043896699337,
                  -36.92416418826873,
                  0
                ],
                [
                  -71.14168961166693,
                  -36.9152771073373,
                  0
                ],
                [
                  -71.14380031478994,
                  -36.90285605994332,
                  0
                ],
                [
                  -71.1319733791306,
                  -36.88788582429918,
                  0
                ],
                [
                  -71.11636042885881,
                  -36.86868770849236,
                  0
                ],
                [
                  -71.12609149246823,
                  -36.85337439880652,
                  0
                ],
                [
                  -71.14313850561228,
                  -36.85259804053741,
                  0
                ],
                [
                  -71.16199720211455,
                  -36.85745944699437,
                  0
                ],
                [
                  -71.17275630912813,
                  -36.84209653894914,
                  0
                ],
                [
                  -71.15939582044444,
                  -36.82771020800121,
                  0
                ],
                [
                  -71.1475204556535,
                  -36.82884419723114,
                  0
                ],
                [
                  -71.12870985649342,
                  -36.81877147846219,
                  0
                ],
                [
                  -71.1063100327165,
                  -36.72057532606087,
                  0
                ],
                [
                  -71.11261153034766,
                  -36.69876385685823,
                  0
                ],
                [
                  -71.10720128525304,
                  -36.68094915217342,
                  0
                ],
                [
                  -71.08646189130862,
                  -36.68234167092167,
                  0
                ],
                [
                  -71.08009438753724,
                  -36.70645888274871,
                  0
                ],
                [
                  -71.06701063317502,
                  -36.7190189031426,
                  0
                ],
                [
                  -71.0144068465176,
                  -36.70742298514829,
                  0
                ],
                [
                  -70.99851668286458,
                  -36.6770214230029,
                  0
                ],
                [
                  -71.03648374495653,
                  -36.63218256512007,
                  0
                ],
                [
                  -71.04059190820725,
                  -36.59381123969337,
                  0
                ],
                [
                  -71.04696306722087,
                  -36.57212351281095,
                  0
                ],
                [
                  -71.03690480044173,
                  -36.55683933911911,
                  0
                ],
                [
                  -71.04381850584879,
                  -36.52069499670206,
                  0
                ],
                [
                  -71.0326214474447,
                  -36.51041030536981,
                  0
                ],
                [
                  -71.03247029857765,
                  -36.47494583151712,
                  0
                ],
                [
                  -71.02307505903212,
                  -36.47341547286556,
                  0
                ],
                [
                  -71.01260003857955,
                  -36.4887422973072,
                  0
                ],
                [
                  -70.97532630377377,
                  -36.50337348785474,
                  0
                ],
                [
                  -70.95490915405293,
                  -36.50857628629731,
                  0
                ],
                [
                  -70.92844278557786,
                  -36.48793156969455,
                  0
                ],
                [
                  -70.90753810267721,
                  -36.47694521498853,
                  0
                ],
                [
                  -70.88360473552943,
                  -36.47540162976775,
                  0
                ],
                [
                  -70.88665747084008,
                  -36.40015636005805,
                  0
                ],
                [
                  -70.86967424071773,
                  -36.41430398584471,
                  0
                ],
                [
                  -70.84518850863,
                  -36.42211632544903,
                  0
                ],
                [
                  -70.82534710387186,
                  -36.4106860445744,
                  0
                ],
                [
                  -70.81577046774095,
                  -36.40421256107475,
                  0
                ],
                [
                  -70.80263619302833,
                  -36.42073496381671,
                  0
                ],
                [
                  -70.80701291549943,
                  -36.43342679759076,
                  0
                ],
                [
                  -70.77180720655419,
                  -36.43383443856167,
                  0
                ],
                [
                  -70.76258309999089,
                  -36.42472639182355,
                  0
                ],
                [
                  -70.75453271222204,
                  -36.41261713445284,
                  0
                ],
                [
                  -70.74440514554013,
                  -36.41073667652699,
                  0
                ],
                [
                  -70.74049302928098,
                  -36.41471963318211,
                  0
                ],
                [
                  -70.74611372872567,
                  -36.42325524944433,
                  0
                ],
                [
                  -70.73989271824306,
                  -36.42984057324502,
                  0
                ],
                [
                  -70.71262696828637,
                  -36.4312864754629,
                  0
                ],
                [
                  -70.69986231032007,
                  -36.41571378695026,
                  0
                ],
                [
                  -70.68768660746967,
                  -36.41309605508615,
                  0
                ],
                [
                  -70.67925381891283,
                  -36.39298797015464,
                  0
                ],
                [
                  -70.67831457061764,
                  -36.3672168900506,
                  0
                ],
                [
                  -70.69414300866443,
                  -36.35474724408976,
                  0
                ],
                [
                  -70.7083068594508,
                  -36.34409757110181,
                  0
                ],
                [
                  -70.70199924808139,
                  -36.33643365221459,
                  0
                ],
                [
                  -70.68291645410982,
                  -36.30318216673586,
                  0
                ],
                [
                  -70.6793393689824,
                  -36.28283579456181,
                  0
                ],
                [
                  -70.70026478093398,
                  -36.27393532635164,
                  0
                ],
                [
                  -70.67718112067719,
                  -36.25796486854657,
                  0
                ],
                [
                  -70.66144040549943,
                  -36.24460111359076,
                  0
                ],
                [
                  -70.64036935313587,
                  -36.24494938509741,
                  0
                ],
                [
                  -70.61920097699202,
                  -36.23304358809915,
                  0
                ],
                [
                  -70.62022543437394,
                  -36.22217917878889,
                  0
                ],
                [
                  -70.62380651196001,
                  -36.21524902827846,
                  0
                ],
                [
                  -70.60433432608288,
                  -36.2051850105219,
                  0
                ],
                [
                  -70.56493747546848,
                  -36.17561587436685,
                  0
                ],
                [
                  -70.56960232415413,
                  -36.15793011414679,
                  0
                ],
                [
                  -70.57664056895332,
                  -36.14776622753489,
                  0
                ],
                [
                  -70.56925111923016,
                  -36.13720499621243,
                  0
                ],
                [
                  -70.54511675549942,
                  -36.14279854259076,
                  0
                ],
                [
                  -70.52958918916408,
                  -36.14639796934713,
                  0
                ],
                [
                  -70.5204517918433,
                  -36.15353676522019,
                  0
                ],
                [
                  -70.5106676437711,
                  -36.16079784159623,
                  0
                ],
                [
                  -70.51011895304828,
                  -36.16706511101967,
                  0
                ],
                [
                  -70.49296131119377,
                  -36.18265587468537,
                  0
                ],
                [
                  -70.44896280557548,
                  -36.17583854059718,
                  0
                ],
                [
                  -70.41905219100369,
                  -36.15405492263478,
                  0
                ],
                [
                  -70.41305672791626,
                  -36.1119977928273,
                  0
                ],
                [
                  -70.41727259890678,
                  -36.08954943334682,
                  0
                ],
                [
                  -70.40613681288303,
                  -36.0563064634049,
                  0
                ],
                [
                  -70.39083451739077,
                  -36.0548958336045,
                  0
                ],
                [
                  -70.37615378346658,
                  -36.04697793100069,
                  0
                ],
                [
                  -70.36583339507497,
                  -36.04084565846483,
                  0
                ],
                [
                  -70.37004715413703,
                  -35.99469494553036,
                  0
                ],
                [
                  -70.39037371632264,
                  -35.97660356731371,
                  0
                ],
                [
                  -70.4193057066721,
                  -35.97118870162841,
                  0
                ],
                [
                  -70.4083753463649,
                  -35.95926958894562,
                  0
                ],
                [
                  -70.38809159269617,
                  -35.95139824233782,
                  0
                ],
                [
                  -70.35971236885717,
                  -35.92193926732965,
                  0
                ],
                [
                  -70.41192562999247,
                  -35.91940632190588,
                  0
                ],
                [
                  -70.41975740557686,
                  -35.9068993833514,
                  0
                ],
                [
                  -70.41430066148297,
                  -35.8765805407877,
                  0
                ],
                [
                  -70.3896538414907,
                  -35.87253624962145,
                  0
                ],
                [
                  -70.37600727476385,
                  -35.8680106226046,
                  0
                ],
                [
                  -70.36561305807471,
                  -35.84562332030639,
                  0
                ],
                [
                  -70.35351076578087,
                  -35.84688935911122,
                  0
                ],
                [
                  -70.3270118044491,
                  -35.82955952760427,
                  0
                ],
                [
                  -70.30693787108981,
                  -35.81610259009352,
                  0
                ],
                [
                  -70.30921928044101,
                  -35.80900677676235,
                  0
                ],
                [
                  -70.32472218827489,
                  -35.80457627301643,
                  0
                ],
                [
                  -70.33062241212274,
                  -35.79304995593933,
                  0
                ],
                [
                  -70.3530280547159,
                  -35.79783011473785,
                  0
                ],
                [
                  -70.37214944524356,
                  -35.78669933226656,
                  0
                ],
                [
                  -70.36988424486778,
                  -35.76269914263346,
                  0
                ],
                [
                  -70.35501275209053,
                  -35.75407667053769,
                  0
                ],
                [
                  -70.37117580479816,
                  -35.69912036042044,
                  0
                ],
                [
                  -70.39927284063391,
                  -35.67311999670002,
                  0
                ],
                [
                  -70.39423467748493,
                  -35.66349863307877,
                  0
                ],
                [
                  -70.41275155340018,
                  -35.63780393668087,
                  0
                ],
                [
                  -70.39218623305655,
                  -35.62311916224216,
                  0
                ],
                [
                  -70.3813638216856,
                  -35.60455523337354,
                  0
                ],
                [
                  -70.40502063991134,
                  -35.55420725834799,
                  0
                ],
                [
                  -70.40413788772567,
                  -35.53304717349546,
                  0
                ],
                [
                  -70.3872556514738,
                  -35.51895983393187,
                  0
                ],
                [
                  -70.36553481918554,
                  -35.52203795562203,
                  0
                ],
                [
                  -70.36843191684801,
                  -35.51797409080454,
                  0
                ],
                [
                  -70.38280780463819,
                  -35.50986948797303,
                  0
                ],
                [
                  -70.3918312881516,
                  -35.4861833050003,
                  0
                ],
                [
                  -70.39548718318252,
                  -35.48340367932106,
                  0
                ],
                [
                  -70.41236066899428,
                  -35.48681081638912,
                  0
                ],
                [
                  -70.44527788949942,
                  -35.46118640059076,
                  0
                ],
                [
                  -70.42974296056362,
                  -35.444806889838,
                  0
                ],
                [
                  -70.4346544990922,
                  -35.405670426046,
                  0
                ],
                [
                  -70.44560306092032,
                  -35.39196899765691,
                  0
                ],
                [
                  -70.41844493917282,
                  -35.37361961472387,
                  0
                ],
                [
                  -70.41239829355587,
                  -35.35269087810315,
                  0
                ],
                [
                  -70.42930856656658,
                  -35.31880260635985,
                  0
                ],
                [
                  -70.46074693531952,
                  -35.31069536354415,
                  0
                ],
                [
                  -70.47509519049943,
                  -35.31411527459076,
                  0
                ],
                [
                  -70.49453716255694,
                  -35.31920293982405,
                  0
                ],
                [
                  -70.51256707546627,
                  -35.3103327948071,
                  0
                ],
                [
                  -70.52640465869511,
                  -35.30711758512638,
                  0
                ],
                [
                  -70.56023211349942,
                  -35.29840563959076,
                  0
                ],
                [
                  -70.56752421606616,
                  -35.29435893363561,
                  0
                ],
                [
                  -70.57706963883082,
                  -35.27055662945747,
                  0
                ],
                [
                  -70.57284080663565,
                  -35.25879089453643,
                  0
                ],
                [
                  -70.56127493031427,
                  -35.2453998681916,
                  0
                ],
                [
                  -70.55384127259427,
                  -35.22437746490371,
                  0
                ],
                [
                  -70.54271380249942,
                  -35.20931546959076,
                  0
                ],
                [
                  -70.47745092953873,
                  -35.20963223055998,
                  0
                ],
                [
                  -70.4385492981115,
                  -35.20300291484613,
                  0
                ],
                [
                  -70.37542363444169,
                  -35.17559727047772,
                  0
                ],
                [
                  -70.35412821153731,
                  -35.14075960877253,
                  0
                ],
                [
                  -70.35551724073339,
                  -35.09374365353665,
                  0
                ],
                [
                  -70.36636264759203,
                  -35.04684906612376,
                  0
                ],
                [
                  -70.35599706330757,
                  -35.01811991828097,
                  0
                ],
                [
                  -70.322509523134,
                  -34.98289059536091,
                  0
                ],
                [
                  -70.3065729634941,
                  -34.92469958547261,
                  0
                ],
                [
                  -70.2709403730372,
                  -34.87141935392843,
                  0
                ],
                [
                  -70.23726407384555,
                  -34.79138073111353,
                  0
                ],
                [
                  -70.30359748104566,
                  -34.77021672363679,
                  0
                ],
                [
                  -70.29265434374007,
                  -34.74639938695137,
                  0
                ],
                [
                  -70.25440685244867,
                  -34.73662000989572,
                  0
                ],
                [
                  -70.23368196574512,
                  -34.69875639967748,
                  0
                ],
                [
                  -70.20467682235608,
                  -34.67059482893436,
                  0
                ],
                [
                  -70.2036624977245,
                  -34.61840499728391,
                  0
                ],
                [
                  -70.17973526928705,
                  -34.58456177059423,
                  0
                ],
                [
                  -70.15249183519049,
                  -34.55522411914285,
                  0
                ],
                [
                  -70.11076410080287,
                  -34.48513637100949,
                  0
                ],
                [
                  -70.09616886343099,
                  -34.48996509054827,
                  0
                ],
                [
                  -70.05714549749817,
                  -34.45456944713695,
                  0
                ],
                [
                  -70.00316458839546,
                  -34.41112946195246,
                  0
                ],
                [
                  -70.00880040642949,
                  -34.35488556452146,
                  0
                ],
                [
                  -70.01880310217048,
                  -34.28376014662136,
                  0
                ],
                [
                  -69.98905250749942,
                  -34.26911446059076,
                  0
                ],
                [
                  -69.96901129508936,
                  -34.25449125901029,
                  0
                ],
                [
                  -69.94556067582629,
                  -34.27907056819216,
                  0
                ],
                [
                  -69.91396404864496,
                  -34.29641689858685,
                  0
                ],
                [
                  -69.8988944848087,
                  -34.2882868135005,
                  0
                ],
                [
                  -69.89118494789906,
                  -34.2686306189344,
                  0
                ],
                [
                  -69.8700482965694,
                  -34.27059587713812,
                  0
                ],
                [
                  -69.847493179299,
                  -34.25807445673438,
                  0
                ],
                [
                  -69.82619717595341,
                  -34.26315645600273,
                  0
                ],
                [
                  -69.80044695552621,
                  -34.24447394755625,
                  0
                ],
                [
                  -69.79285781511199,
                  -34.20517896070176,
                  0
                ],
                [
                  -69.82321249562665,
                  -34.16225110341563,
                  0
                ],
                [
                  -69.86868899420942,
                  -34.13087226662704,
                  0
                ],
                [
                  -69.8527855297476,
                  -34.11344714479766,
                  0
                ],
                [
                  -69.8501185247554,
                  -34.10252268202764,
                  0
                ],
                [
                  -69.82580991708217,
                  -34.08628117815087,
                  0
                ],
                [
                  -69.82775678508283,
                  -34.07056414190492,
                  0
                ],
                [
                  -69.8374491487897,
                  -34.06399224133994,
                  0
                ],
                [
                  -69.84660364691634,
                  -34.05494921503306,
                  0
                ],
                [
                  -69.84190593806677,
                  -34.04201821515963,
                  0
                ],
                [
                  -69.81511593232503,
                  -34.00981125975893,
                  0
                ],
                [
                  -69.83615276795298,
                  -34.00212627246894,
                  0
                ],
                [
                  -69.84141465362525,
                  -33.97929145785285,
                  0
                ],
                [
                  -69.85017175144597,
                  -33.95971624554417,
                  0
                ],
                [
                  -69.87389851384611,
                  -33.95968367869143,
                  0
                ],
                [
                  -69.88145987443536,
                  -33.96634301031118,
                  0
                ],
                [
                  -69.8828134426304,
                  -33.97285485882534,
                  0
                ],
                [
                  -69.89272966749056,
                  -33.97029302173875,
                  0
                ],
                [
                  -69.90014197817135,
                  -33.96291188222822,
                  0
                ],
                [
                  -69.88505485519448,
                  -33.92202981046279,
                  0
                ],
                [
                  -69.85340413516002,
                  -33.89489409485113,
                  0
                ],
                [
                  -69.85605743237289,
                  -33.88162142090665,
                  0
                ],
                [
                  -69.87166006548568,
                  -33.85560778229162,
                  0
                ],
                [
                  -69.89458273306272,
                  -33.84448060700019,
                  0
                ],
                [
                  -69.88968698847755,
                  -33.7910456777664,
                  0
                ],
                [
                  -69.89539107785315,
                  -33.76647552862781,
                  0
                ],
                [
                  -69.85986142549943,
                  -33.72640856859076,
                  0
                ],
                [
                  -69.87598766007879,
                  -33.66545640267398,
                  0
                ],
                [
                  -69.86891616841615,
                  -33.65219107293328,
                  0
                ],
                [
                  -69.87193153502606,
                  -33.64255145133714,
                  0
                ],
                [
                  -69.8752740399702,
                  -33.61658967834337,
                  0
                ],
                [
                  -69.86655189199959,
                  -33.59803401594014,
                  0
                ],
                [
                  -69.86242738362418,
                  -33.58920587298067,
                  0
                ],
                [
                  -69.86714241778988,
                  -33.56132325861131,
                  0
                ],
                [
                  -69.8690996135852,
                  -33.54019466816902,
                  0
                ],
                [
                  -69.84725266130341,
                  -33.52432248518177,
                  0
                ],
                [
                  -69.83315082913714,
                  -33.51278482143219,
                  0
                ],
                [
                  -69.8275162286956,
                  -33.47888118053407,
                  0
                ],
                [
                  -69.81412889142051,
                  -33.46870177387022,
                  0
                ],
                [
                  -69.81996751202699,
                  -33.45900673172035,
                  0
                ],
                [
                  -69.81756696871788,
                  -33.45149369948059,
                  0
                ],
                [
                  -69.81227802538406,
                  -33.44046139576286,
                  0
                ],
                [
                  -69.81789829098774,
                  -33.43090609983638,
                  0
                ],
                [
                  -69.80733926323558,
                  -33.42598306921961,
                  0
                ],
                [
                  -69.79691611265824,
                  -33.42561988792312,
                  0
                ],
                [
                  -69.79410430723786,
                  -33.42222681822062,
                  0
                ],
                [
                  -69.79801947144794,
                  -33.40352641076593,
                  0
                ],
                [
                  -69.80970187768058,
                  -33.3932674182242,
                  0
                ],
                [
                  -69.79544346517406,
                  -33.39761540497921,
                  0
                ],
                [
                  -69.77665896584767,
                  -33.38498395107379,
                  0
                ],
                [
                  -69.77158322695395,
                  -33.37556658018799,
                  0
                ],
                [
                  -69.76691647162647,
                  -33.3448468771534,
                  0
                ],
                [
                  -69.7756306136137,
                  -33.32625691675315,
                  0
                ],
                [
                  -69.7992847979548,
                  -33.28572710226538,
                  0
                ],
                [
                  -69.81354784350602,
                  -33.28553958390367,
                  0
                ],
                [
                  -69.82521799626907,
                  -33.27711992701559,
                  0
                ],
                [
                  -69.8411943935904,
                  -33.26879403835957,
                  0
                ],
                [
                  -69.86233492129227,
                  -33.27812169959547,
                  0
                ],
                [
                  -69.87457693823477,
                  -33.27382933114656,
                  0
                ],
                [
                  -69.8877004163363,
                  -33.27537410852669,
                  0
                ],
                [
                  -69.9055773080241,
                  -33.26813702752255,
                  0
                ],
                [
                  -69.91601188997676,
                  -33.24146526720946,
                  0
                ],
                [
                  -69.92222421995392,
                  -33.24370698454842,
                  0
                ],
                [
                  -69.91998049568849,
                  -33.26495943948652,
                  0
                ],
                [
                  -69.93615138026443,
                  -33.27485230435048,
                  0
                ],
                [
                  -69.95948405414771,
                  -33.28325872368378,
                  0
                ],
                [
                  -69.97793705075874,
                  -33.30634157770236,
                  0
                ],
                [
                  -70.00158704396789,
                  -33.31656642192799,
                  0
                ],
                [
                  -70.00982643249942,
                  -33.29914782659076,
                  0
                ],
                [
                  -69.9997724946827,
                  -33.2846900254418,
                  0
                ],
                [
                  -70.035240796052,
                  -33.26486394515442,
                  0
                ],
                [
                  -70.0250779231709,
                  -33.22838801076609,
                  0
                ],
                [
                  -70.05160682749943,
                  -33.22535388059077,
                  0
                ],
                [
                  -70.0575528572028,
                  -33.20858601635823,
                  0
                ],
                [
                  -70.05550233452989,
                  -33.16198403154658,
                  0
                ],
                [
                  -70.04628737117443,
                  -33.13740734795545,
                  0
                ],
                [
                  -70.07409101929738,
                  -33.11796412900143,
                  0
                ],
                [
                  -70.06536294602758,
                  -33.10459301374286,
                  0
                ],
                [
                  -70.07000963639857,
                  -33.06202850466736,
                  0
                ],
                [
                  -70.08934496393043,
                  -33.05067775484719,
                  0
                ],
                [
                  -70.07869048971605,
                  -33.04196135521568,
                  0
                ],
                [
                  -70.07713483978371,
                  -33.03213018550051,
                  0
                ],
                [
                  -70.05121519114404,
                  -33.0325428964775,
                  0
                ],
                [
                  -70.02730480593469,
                  -33.02026205608048,
                  0
                ],
                [
                  -70.01787154079624,
                  -33.00528889068742,
                  0
                ],
                [
                  -70.01674011362543,
                  -32.97827113179038,
                  0
                ],
                [
                  -70.01788837256547,
                  -32.96802691123921,
                  0
                ],
                [
                  -69.99677805005251,
                  -32.94848547965126,
                  0
                ],
                [
                  -69.99630180197123,
                  -32.92090333009439,
                  0
                ],
                [
                  -69.9845932866392,
                  -32.89972898693715,
                  0
                ],
                [
                  -69.99712710082508,
                  -32.88057615129991,
                  0
                ],
                [
                  -70.0391205962547,
                  -32.86853865736673,
                  0
                ],
                [
                  -70.05400401415835,
                  -32.85942586474513,
                  0
                ],
                [
                  -70.0501688898569,
                  -32.83282215165435,
                  0
                ],
                [
                  -70.07862634124322,
                  -32.82102356518376,
                  0
                ],
                [
                  -70.08904155136524,
                  -32.79968134360216,
                  0
                ],
                [
                  -70.10429480229715,
                  -32.79907740855869,
                  0
                ],
                [
                  -70.10792491153246,
                  -32.77408852306619,
                  0
                ],
                [
                  -70.11853076895153,
                  -32.75856985536981,
                  0
                ],
                [
                  -70.13903921987578,
                  -32.72857147736605,
                  0
                ],
                [
                  -70.1435658164747,
                  -32.64820780379342,
                  0
                ],
                [
                  -70.16624367915153,
                  -32.62193006216636,
                  0
                ],
                [
                  -70.15253141336215,
                  -32.58870294742641,
                  0
                ],
                [
                  -70.12354213580565,
                  -32.57672304959612,
                  0
                ],
                [
                  -70.11779134899678,
                  -32.54039629878676,
                  0
                ],
                [
                  -70.13492880351464,
                  -32.49929756937404,
                  0
                ],
                [
                  -70.13209249788778,
                  -32.48711272214251,
                  0
                ],
                [
                  -70.14476811245223,
                  -32.46013210195242,
                  0
                ],
                [
                  -70.17915035515323,
                  -32.44861282741554,
                  0
                ],
                [
                  -70.19796079566295,
                  -32.43984041007968,
                  0
                ],
                [
                  -70.21697041930129,
                  -32.42600763785314,
                  0
                ],
                [
                  -70.23425256862369,
                  -32.42843865027274,
                  0
                ],
                [
                  -70.22938539377037,
                  -32.39431455082846,
                  0
                ],
                [
                  -70.22163316468503,
                  -32.39033021586911,
                  0
                ],
                [
                  -70.21292826329054,
                  -32.38302175157692,
                  0
                ],
                [
                  -70.22129789430632,
                  -32.36721288919018,
                  0
                ],
                [
                  -70.21567867896232,
                  -32.34288894303171,
                  0
                ],
                [
                  -70.21447967168662,
                  -32.32851351027224,
                  0
                ],
                [
                  -70.22984129589294,
                  -32.31395640360226,
                  0
                ],
                [
                  -70.2463920702872,
                  -32.30310288756755,
                  0
                ],
                [
                  -70.26103876120843,
                  -32.28785276233216,
                  0
                ],
                [
                  -70.27626142847242,
                  -32.29104492458801,
                  0
                ],
                [
                  -70.28572475120485,
                  -32.28594814010432,
                  0
                ],
                [
                  -70.29268250828481,
                  -32.27745213606891,
                  0
                ],
                [
                  -70.31576161418836,
                  -32.26946135748729,
                  0
                ],
                [
                  -70.31854152842055,
                  -32.26063706946758,
                  0
                ],
                [
                  -70.3042343973285,
                  -32.23674700094655,
                  0
                ],
                [
                  -70.29707365359359,
                  -32.20640486137995,
                  0
                ],
                [
                  -70.30643761766099,
                  -32.17363487197956,
                  0
                ],
                [
                  -70.31132550015673,
                  -32.15612538682627,
                  0
                ],
                [
                  -70.29710146520111,
                  -32.13687594905169,
                  0
                ],
                [
                  -70.33149154215202,
                  -32.10834174457403,
                  0
                ],
                [
                  -70.3436312495173,
                  -32.08928244519342,
                  0
                ],
                [
                  -70.33036793095077,
                  -32.07026496977446,
                  0
                ],
                [
                  -70.37292681026643,
                  -32.04870247777047,
                  0
                ],
                [
                  -70.38514771043175,
                  -32.04423309444705,
                  0
                ],
                [
                  -70.37313758949942,
                  -32.03043973759076,
                  0
                ],
                [
                  -70.35587785610585,
                  -32.03000740068013,
                  0
                ],
                [
                  -70.34096555078216,
                  -32.04586155407855,
                  0
                ],
                [
                  -70.32202290131653,
                  -32.0539643473478,
                  0
                ],
                [
                  -70.30985979849943,
                  -32.04775134259076,
                  0
                ],
                [
                  -70.29085636478922,
                  -32.052139626846,
                  0
                ],
                [
                  -70.26531202906581,
                  -32.04193559372533,
                  0
                ],
                [
                  -70.24508505291303,
                  -32.02479663348411,
                  0
                ],
                [
                  -70.24182258377071,
                  -31.99676521040187,
                  0
                ],
                [
                  -70.20517703717934,
                  -31.98615250027648,
                  0
                ],
                [
                  -70.19849938529784,
                  -31.96198880523884,
                  0
                ],
                [
                  -70.21848375031334,
                  -31.94019191300294,
                  0
                ],
                [
                  -70.23175157598526,
                  -31.9165489552615,
                  0
                ],
                [
                  -70.2573054703862,
                  -31.90224006972257,
                  0
                ],
                [
                  -70.27461803617496,
                  -31.87862462935674,
                  0
                ],
                [
                  -70.31314125249942,
                  -31.88212837659076,
                  0
                ],
                [
                  -70.38701204950809,
                  -31.87206595635738,
                  0
                ],
                [
                  -70.41962723081424,
                  -31.85394714736746,
                  0
                ],
                [
                  -70.45908716228125,
                  -31.83807319107972,
                  0
                ],
                [
                  -70.44093128542576,
                  -31.79768908659076,
                  0
                ],
                [
                  -70.45292279828924,
                  -31.71277786179037,
                  0
                ],
                [
                  -70.47210488469347,
                  -31.68739376660044,
                  0
                ],
                [
                  -70.50666825171956,
                  -31.68112591142467,
                  0
                ],
                [
                  -70.49609520225187,
                  -31.64851631486242,
                  0
                ],
                [
                  -70.52685040059731,
                  -31.61926713339351,
                  0
                ],
                [
                  -70.55750797949686,
                  -31.5992401500202,
                  0
                ],
                [
                  -70.55146532481609,
                  -31.55143568530026,
                  0
                ],
                [
                  -70.54669287943358,
                  -31.50099103167251,
                  0
                ],
                [
                  -70.53921625657168,
                  -31.44316396924958,
                  0
                ],
                [
                  -70.52694600738546,
                  -31.41766030362664,
                  0
                ],
                [
                  -70.52699185022743,
                  -31.36559085465337,
                  0
                ],
                [
                  -70.5356727121461,
                  -31.31966854892885,
                  0
                ],
                [
                  -70.53405912904014,
                  -31.30163348878682,
                  0
                ],
                [
                  -70.52311628860653,
                  -31.27518801902832,
                  0
                ],
                [
                  -70.51022823492055,
                  -31.23437118222753,
                  0
                ],
                [
                  -70.51322593477087,
                  -31.18022541841645,
                  0
                ],
                [
                  -70.50804319450727,
                  -31.16447158593541,
                  0
                ],
                [
                  -70.49605463718679,
                  -31.14289239145187,
                  0
                ],
                [
                  -70.48778325421573,
                  -31.12213503473358,
                  0
                ],
                [
                  -70.46600524438429,
                  -31.11199057047593,
                  0
                ],
                [
                  -70.45548908005934,
                  -31.09040542851876,
                  0
                ],
                [
                  -70.43764357428753,
                  -31.09750967143236,
                  0
                ],
                [
                  -70.4312699285303,
                  -31.11978605005954,
                  0
                ],
                [
                  -70.4153814906817,
                  -31.14282214152832,
                  0
                ],
                [
                  -70.41501607832697,
                  -31.16111213431605,
                  0
                ],
                [
                  -70.40496882369433,
                  -31.16810789684823,
                  0
                ],
                [
                  -70.3839275568917,
                  -31.15897779558821,
                  0
                ],
                [
                  -70.35755075495726,
                  -31.13892134345197,
                  0
                ],
                [
                  -70.36238483388306,
                  -31.10955633099152,
                  0
                ],
                [
                  -70.34713420168754,
                  -31.08991578346994,
                  0
                ],
                [
                  -70.32507775243423,
                  -31.06355334409827,
                  0
                ],
                [
                  -70.31970565871644,
                  -31.05118530485919,
                  0
                ],
                [
                  -70.318080894678,
                  -31.04792583908569,
                  0
                ],
                [
                  -70.29551515507856,
                  -31.04960012974859,
                  0
                ],
                [
                  -70.26608940755136,
                  -31.04936065023869,
                  0
                ],
                [
                  -70.26734364315129,
                  -31.03114315430247,
                  0
                ],
                [
                  -70.27435664703094,
                  -31.01830767787549,
                  0
                ],
                [
                  -70.29047675234544,
                  -31.01506883062653,
                  0
                ],
                [
                  -70.29549369474509,
                  -30.99692658147404,
                  0
                ],
                [
                  -70.29191594542974,
                  -30.95974589466573,
                  0
                ],
                [
                  -70.3109366662503,
                  -30.9509186711906,
                  0
                ],
                [
                  -70.3112843518806,
                  -30.93506341234064,
                  0
                ],
                [
                  -70.31524916724383,
                  -30.92486049337654,
                  0
                ],
                [
                  -70.27994965342963,
                  -30.84323888849961,
                  0
                ],
                [
                  -70.27531469882032,
                  -30.80579696267687,
                  0
                ],
                [
                  -70.28602345810208,
                  -30.79685020269967,
                  0
                ],
                [
                  -70.28312058326821,
                  -30.78565445439863,
                  0
                ],
                [
                  -70.2720795897112,
                  -30.7839505791881,
                  0
                ],
                [
                  -70.2615151391557,
                  -30.74276087968607,
                  0
                ],
                [
                  -70.24143328682281,
                  -30.73146004378415,
                  0
                ],
                [
                  -70.25410252079165,
                  -30.70986328151255,
                  0
                ],
                [
                  -70.25101369877362,
                  -30.68195797502609,
                  0
                ],
                [
                  -70.24059553530918,
                  -30.67656328938938,
                  0
                ],
                [
                  -70.2376636862395,
                  -30.66533574640671,
                  0
                ],
                [
                  -70.24645867099282,
                  -30.65188932953026,
                  0
                ],
                [
                  -70.23540179199217,
                  -30.62455285819468,
                  0
                ],
                [
                  -70.22486843738012,
                  -30.60712856301905,
                  0
                ],
                [
                  -70.2027546793789,
                  -30.56957974529534,
                  0
                ],
                [
                  -70.18443880016683,
                  -30.5498825868478,
                  0
                ],
                [
                  -70.1724052136231,
                  -30.51170738721797,
                  0
                ],
                [
                  -70.18707884532448,
                  -30.48947230471486,
                  0
                ],
                [
                  -70.12531513886172,
                  -30.45686589355467,
                  0
                ],
                [
                  -70.11320550539958,
                  -30.42880375943469,
                  0
                ],
                [
                  -70.12409001172625,
                  -30.40430083179846,
                  0
                ],
                [
                  -70.12932807703379,
                  -30.39830233730423,
                  0
                ],
                [
                  -70.13886343423106,
                  -30.38300225411373,
                  0
                ],
                [
                  -70.14358600079463,
                  -30.3705026995041,
                  0
                ],
                [
                  -70.15310804222497,
                  -30.36263097882034,
                  0
                ],
                [
                  -70.15182493741668,
                  -30.34834948258795,
                  0
                ],
                [
                  -70.14837644195121,
                  -30.34400987716355,
                  0
                ],
                [
                  -70.13307042034549,
                  -30.3438123686451,
                  0
                ],
                [
                  -70.10866946225411,
                  -30.35559864368369,
                  0
                ],
                [
                  -70.102780497818,
                  -30.36845035080284,
                  0
                ],
                [
                  -70.08309755151993,
                  -30.37856322251847,
                  0
                ],
                [
                  -70.06010633787842,
                  -30.39635360192165,
                  0
                ],
                [
                  -70.05195506542479,
                  -30.39053220102938,
                  0
                ],
                [
                  -70.03057072360134,
                  -30.39350164846899,
                  0
                ],
                [
                  -70.02081754844609,
                  -30.3997821217286,
                  0
                ],
                [
                  -70.00090077945636,
                  -30.38925988981337,
                  0
                ],
                [
                  -69.98929944657262,
                  -30.37990415603913,
                  0
                ],
                [
                  -69.96809916395631,
                  -30.38710919453695,
                  0
                ],
                [
                  -69.95367461056303,
                  -30.38652079446118,
                  0
                ],
                [
                  -69.94316462110912,
                  -30.37782919709309,
                  0
                ],
                [
                  -69.93321927575718,
                  -30.36036766539132,
                  0
                ],
                [
                  -69.91728109376673,
                  -30.35126436851652,
                  0
                ],
                [
                  -69.90586006459162,
                  -30.35604713093701,
                  0
                ],
                [
                  -69.89500367951838,
                  -30.35449579181111,
                  0
                ],
                [
                  -69.89110322636067,
                  -30.34926510298386,
                  0
                ],
                [
                  -69.90134957827128,
                  -30.3404532857808,
                  0
                ],
                [
                  -69.90171465839833,
                  -30.3292049523718,
                  0
                ],
                [
                  -69.90262367349943,
                  -30.31271512759076,
                  0
                ],
                [
                  -69.88981405487525,
                  -30.27930483013639,
                  0
                ],
                [
                  -69.87816734737447,
                  -30.26899123133403,
                  0
                ],
                [
                  -69.8758063325934,
                  -30.25840811164383,
                  0
                ],
                [
                  -69.88503923651255,
                  -30.23624081257455,
                  0
                ],
                [
                  -69.88606137749943,
                  -30.22104113659076,
                  0
                ],
                [
                  -69.87935112371142,
                  -30.2171514477759,
                  0
                ],
                [
                  -69.86954649011683,
                  -30.21259326643944,
                  0
                ],
                [
                  -69.8522580077826,
                  -30.22152581797517,
                  0
                ],
                [
                  -69.83481888399447,
                  -30.22012953176751,
                  0
                ],
                [
                  -69.82395531729618,
                  -30.1983429599324,
                  0
                ],
                [
                  -69.81460570312619,
                  -30.17883363532759,
                  0
                ],
                [
                  -69.8237558930474,
                  -30.16388677925291,
                  0
                ],
                [
                  -69.80879168996698,
                  -30.15740109751074,
                  0
                ],
                [
                  -69.80516551216398,
                  -30.14844423881578,
                  0
                ],
                [
                  -69.81643103718048,
                  -30.13313359724117,
                  0
                ],
                [
                  -69.81725303034956,
                  -30.12585237341463,
                  0
                ],
                [
                  -69.82750335759081,
                  -30.12348550036162,
                  0
                ],
                [
                  -69.84336244236195,
                  -30.12878813012469,
                  0
                ],
                [
                  -69.84955197849943,
                  -30.12667997159076,
                  0
                ],
                [
                  -69.87146518673137,
                  -30.10910771831133,
                  0
                ],
                [
                  -69.90498231923823,
                  -30.10558872072875,
                  0
                ],
                [
                  -69.93797840637883,
                  -30.11661859877201,
                  0
                ],
                [
                  -69.9436301744291,
                  -30.09116598198455,
                  0
                ],
                [
                  -69.95990753632117,
                  -30.0864607935052,
                  0
                ],
                [
                  -69.9560958927072,
                  -30.07976244774911,
                  0
                ],
                [
                  -69.95776127856728,
                  -30.07196987610364,
                  0
                ],
                [
                  -69.93312443607007,
                  -30.05312950416699,
                  0
                ],
                [
                  -69.90860578952893,
                  -30.02816619295854,
                  0
                ],
                [
                  -69.9249149727484,
                  -30.0036206535113,
                  0
                ],
                [
                  -69.9149219276107,
                  -29.98074707065052,
                  0
                ],
                [
                  -69.89957740704519,
                  -29.96381025607819,
                  0
                ],
                [
                  -69.88745464475404,
                  -29.93865113892941,
                  0
                ],
                [
                  -69.90575684251455,
                  -29.93391302551838,
                  0
                ],
                [
                  -69.90043079682279,
                  -29.92049260241162,
                  0
                ],
                [
                  -69.8858216117125,
                  -29.90539678244692,
                  0
                ],
                [
                  -69.885999849655,
                  -29.89129944382504,
                  0
                ],
                [
                  -69.88712992049165,
                  -29.877860171317,
                  0
                ],
                [
                  -69.87237097322708,
                  -29.85903463033375,
                  0
                ],
                [
                  -69.88230642123408,
                  -29.85157309232767,
                  0
                ],
                [
                  -69.89676215258638,
                  -29.84805684400726,
                  0
                ],
                [
                  -69.89008824751463,
                  -29.81688212166012,
                  0
                ],
                [
                  -69.895306716211,
                  -29.81224432810248,
                  0
                ],
                [
                  -69.91115881826529,
                  -29.80096693447834,
                  0
                ],
                [
                  -69.89597386967276,
                  -29.7768921643189,
                  0
                ],
                [
                  -69.88968526302433,
                  -29.75819007314405,
                  0
                ],
                [
                  -69.88561759419576,
                  -29.74429022639081,
                  0
                ],
                [
                  -69.8767086615883,
                  -29.73126837175788,
                  0
                ],
                [
                  -69.87863635363576,
                  -29.72307951088967,
                  0
                ],
                [
                  -69.88443202044162,
                  -29.71690606707051,
                  0
                ],
                [
                  -69.87823067016492,
                  -29.70724674844325,
                  0
                ],
                [
                  -69.88674695550793,
                  -29.69535901726653,
                  0
                ],
                [
                  -69.89410284842413,
                  -29.68985612428436,
                  0
                ],
                [
                  -69.90958822920823,
                  -29.69632204972913,
                  0
                ],
                [
                  -69.90961519270854,
                  -29.68909465615403,
                  0
                ],
                [
                  -69.91817866417745,
                  -29.68673615467845,
                  0
                ],
                [
                  -69.92060730303369,
                  -29.6705963618017,
                  0
                ],
                [
                  -69.93087974540784,
                  -29.66184114117463,
                  0
                ],
                [
                  -69.93749992102623,
                  -29.64635019042417,
                  0
                ],
                [
                  -69.93465696580235,
                  -29.61489529958146,
                  0
                ],
                [
                  -69.92584954683245,
                  -29.57806898387791,
                  0
                ],
                [
                  -69.95223929388023,
                  -29.53585665464815,
                  0
                ],
                [
                  -69.94843286873706,
                  -29.5325323724031,
                  0
                ],
                [
                  -69.94091350609618,
                  -29.51309706446702,
                  0
                ],
                [
                  -69.94887904350139,
                  -29.50040228704741,
                  0
                ],
                [
                  -69.94357541429312,
                  -29.49041269162564,
                  0
                ],
                [
                  -69.9542028598953,
                  -29.47351863727731,
                  0
                ],
                [
                  -69.9536785977382,
                  -29.46688656085794,
                  0
                ],
                [
                  -69.95488864983164,
                  -29.46296516879359,
                  0
                ],
                [
                  -69.96569765165766,
                  -29.4590471071612,
                  0
                ],
                [
                  -69.9716667966726,
                  -29.45389234764022,
                  0
                ],
                [
                  -69.97820058578945,
                  -29.45168753965061,
                  0
                ],
                [
                  -69.97118326802199,
                  -29.44339586339284,
                  0
                ],
                [
                  -69.96957080272922,
                  -29.43222608582285,
                  0
                ],
                [
                  -69.96521658393989,
                  -29.43004855132752,
                  0
                ],
                [
                  -69.96384851968604,
                  -29.42471246400226,
                  0
                ],
                [
                  -69.96675883219754,
                  -29.42043753821656,
                  0
                ],
                [
                  -69.96523908389564,
                  -29.40845718436259,
                  0
                ],
                [
                  -69.97179853702441,
                  -29.40564423675878,
                  0
                ],
                [
                  -69.98435279918007,
                  -29.40051481793901,
                  0
                ],
                [
                  -69.99363098627221,
                  -29.39669568321487,
                  0
                ],
                [
                  -70.00855561438394,
                  -29.39090900441335,
                  0
                ],
                [
                  -70.0214084383916,
                  -29.38450659987694,
                  0
                ],
                [
                  -70.01562800703653,
                  -29.38031869432523,
                  0
                ],
                [
                  -70.01253680585411,
                  -29.3734182410987,
                  0
                ],
                [
                  -70.01369477681517,
                  -29.36404422910284,
                  0
                ],
                [
                  -70.01431678643152,
                  -29.35759784945516,
                  0
                ],
                [
                  -70.01047900874599,
                  -29.35405516696498,
                  0
                ],
                [
                  -70.01014382669983,
                  -29.34795419010228,
                  0
                ],
                [
                  -70.01455525952576,
                  -29.3436269608431,
                  0
                ],
                [
                  -70.00982666673066,
                  -29.33841810970188,
                  0
                ],
                [
                  -70.01505022779133,
                  -29.33144641055338,
                  0
                ],
                [
                  -70.01476911197626,
                  -29.32488713341971,
                  0
                ],
                [
                  -70.00686650702129,
                  -29.31620082278842,
                  0
                ],
                [
                  -69.99444916172169,
                  -29.30129154506031,
                  0
                ],
                [
                  -69.99841132032124,
                  -29.29116911543279,
                  0
                ],
                [
                  -69.99391346727822,
                  -29.28619168733778,
                  0
                ],
                [
                  -69.98265918478455,
                  -29.28017785169785,
                  0
                ],
                [
                  -69.96337839856501,
                  -29.27185372091628,
                  0
                ],
                [
                  -69.94325064619262,
                  -29.26352938363703,
                  0
                ],
                [
                  -69.93461521115617,
                  -29.24392484469392,
                  0
                ],
                [
                  -69.9354129523446,
                  -29.23082543956132,
                  0
                ],
                [
                  -69.94491345214828,
                  -29.22482880398806,
                  0
                ],
                [
                  -69.94992701562256,
                  -29.21365079818807,
                  0
                ],
                [
                  -69.94393001910998,
                  -29.20222891160596,
                  0
                ],
                [
                  -69.95265727827169,
                  -29.19006621441458,
                  0
                ],
                [
                  -69.93230536618421,
                  -29.19145927904579,
                  0
                ],
                [
                  -69.9237862558195,
                  -29.18783758652139,
                  0
                ],
                [
                  -69.91182983200729,
                  -29.17862285451316,
                  0
                ],
                [
                  -69.89920986642224,
                  -29.16660302939194,
                  0
                ],
                [
                  -69.8976448668326,
                  -29.16205045050167,
                  0
                ],
                [
                  -69.88817484981654,
                  -29.1570048921122,
                  0
                ],
                [
                  -69.88730342704578,
                  -29.15036544342931,
                  0
                ],
                [
                  -69.87765556407743,
                  -29.14152483726705,
                  0
                ],
                [
                  -69.86834363601079,
                  -29.14117060101253,
                  0
                ],
                [
                  -69.86296072540162,
                  -29.13814729775619,
                  0
                ],
                [
                  -69.85744604958795,
                  -29.13564926807783,
                  0
                ],
                [
                  -69.84424279579515,
                  -29.13538665968609,
                  0
                ],
                [
                  -69.83950920353108,
                  -29.13117842550449,
                  0
                ],
                [
                  -69.80847389115392,
                  -29.13282505879727,
                  0
                ],
                [
                  -69.8008612523922,
                  -29.13241531739791,
                  0
                ],
                [
                  -69.7876021726113,
                  -29.1275665819345,
                  0
                ],
                [
                  -69.78678769051892,
                  -29.11897371978874,
                  0
                ],
                [
                  -69.79049036124188,
                  -29.11284723162307,
                  0
                ],
                [
                  -69.78368607564157,
                  -29.10491000811127,
                  0
                ],
                [
                  -69.78422216336621,
                  -29.09697278459946,
                  0
                ],
                [
                  -69.79042808341777,
                  -29.08465557743803,
                  0
                ],
                [
                  -69.79088586868416,
                  -29.07213907355672,
                  0
                ],
                [
                  -69.78658233938317,
                  -29.0642463205491,
                  0
                ],
                [
                  -69.78987918342217,
                  -29.05429606778957,
                  0
                ],
                [
                  -69.78233081094662,
                  -29.03741024311122,
                  0
                ],
                [
                  -69.7780391901745,
                  -29.01841617939141,
                  0
                ],
                [
                  -69.7666966585779,
                  -29.00301872551642,
                  0
                ],
                [
                  -69.76504178285504,
                  -28.99225149568106,
                  0
                ],
                [
                  -69.74901925484178,
                  -28.98567331242785,
                  0
                ],
                [
                  -69.75558283879766,
                  -28.96269341470811,
                  0
                ],
                [
                  -69.74481885120115,
                  -28.94139793591957,
                  0
                ],
                [
                  -69.75901834153798,
                  -28.90128255033584,
                  0
                ],
                [
                  -69.74433854595328,
                  -28.88308484735368,
                  0
                ],
                [
                  -69.73615709779232,
                  -28.85680708673424,
                  0
                ],
                [
                  -69.7255969428859,
                  -28.84292933067304,
                  0
                ],
                [
                  -69.70444771647522,
                  -28.81221069611895,
                  0
                ],
                [
                  -69.6929538353026,
                  -28.78620311702286,
                  0
                ],
                [
                  -69.68921893023948,
                  -28.7595085109493,
                  0
                ],
                [
                  -69.7202548346742,
                  -28.73987996087774,
                  0
                ],
                [
                  -69.72253966331967,
                  -28.68811136785266,
                  0
                ],
                [
                  -69.68972118564183,
                  -28.61899069497703,
                  0
                ],
                [
                  -69.66538971979831,
                  -28.59366250832167,
                  0
                ],
                [
                  -69.64462304658302,
                  -28.54598903098978,
                  0
                ],
                [
                  -69.65010259602097,
                  -28.50033690955895,
                  0
                ],
                [
                  -69.67032506759938,
                  -28.47279023176718,
                  0
                ],
                [
                  -69.6629092517976,
                  -28.44755771349972,
                  0
                ],
                [
                  -69.63791390758898,
                  -28.44363874961773,
                  0
                ],
                [
                  -69.6299014133317,
                  -28.43089709290942,
                  0
                ],
                [
                  -69.64475433382232,
                  -28.41084459649592,
                  0
                ],
                [
                  -69.64667005669864,
                  -28.39585944201585,
                  0
                ],
                [
                  -69.62578411423381,
                  -28.38941696106382,
                  0
                ],
                [
                  -69.59563479906785,
                  -28.39859329980821,
                  0
                ],
                [
                  -69.57856524134256,
                  -28.37755920502264,
                  0
                ],
                [
                  -69.5768479303459,
                  -28.3558634169973,
                  0
                ],
                [
                  -69.51628917669424,
                  -28.331491752552,
                  0
                ],
                [
                  -69.49688799936983,
                  -28.28967441500481,
                  0
                ],
                [
                  -69.49567883568403,
                  -28.26944266089922,
                  0
                ],
                [
                  -69.4728551356942,
                  -28.25329016093895,
                  0
                ],
                [
                  -69.47025261764631,
                  -28.21067063514651,
                  0
                ],
                [
                  -69.45213425059906,
                  -28.18718787488049,
                  0
                ],
                [
                  -69.42012082449942,
                  -28.21268827259077,
                  0
                ],
                [
                  -69.38900348158144,
                  -28.22950030801727,
                  0
                ],
                [
                  -69.37486898861553,
                  -28.20958173013956,
                  0
                ],
                [
                  -69.37439012078843,
                  -28.18742695493374,
                  0
                ],
                [
                  -69.35490563973205,
                  -28.1825764721237,
                  0
                ],
                [
                  -69.31902446851828,
                  -28.15790802862423,
                  0
                ],
                [
                  -69.2920350941475,
                  -28.10448896584848,
                  0
                ],
                [
                  -69.29363658161411,
                  -28.07117603522798,
                  0
                ],
                [
                  -69.25935886443814,
                  -28.04592612014752,
                  0
                ],
                [
                  -69.25364321309205,
                  -28.0132055266308,
                  0
                ],
                [
                  -69.24008258937208,
                  -27.98407173559076,
                  0
                ],
                [
                  -69.21571469749942,
                  -27.96856880559076,
                  0
                ],
                [
                  -69.17488587647026,
                  -27.97706096393035,
                  0
                ],
                [
                  -69.14949600994296,
                  -27.95282685021501,
                  0
                ],
                [
                  -69.1434892449452,
                  -27.93162975810306,
                  0
                ],
                [
                  -69.11633831691816,
                  -27.89440418426964,
                  0
                ],
                [
                  -69.12469698424616,
                  -27.86877487991911,
                  0
                ],
                [
                  -69.10590472354777,
                  -27.85436409123363,
                  0
                ],
                [
                  -69.09147863390382,
                  -27.81189950465005,
                  0
                ],
                [
                  -69.07652151366773,
                  -27.7160575697664,
                  0
                ],
                [
                  -69.04004440682893,
                  -27.70442119964903,
                  0
                ],
                [
                  -69.0375522698316,
                  -27.68111544978275,
                  0
                ],
                [
                  -69.05502677829305,
                  -27.66249960308213,
                  0
                ],
                [
                  -69.03736232089786,
                  -27.60128325223286,
                  0
                ],
                [
                  -68.99556043871311,
                  -27.5828925212775,
                  0
                ],
                [
                  -68.97141134275557,
                  -27.5623090404524,
                  0
                ],
                [
                  -68.96621879416927,
                  -27.53721272100491,
                  0
                ],
                [
                  -68.93456537555596,
                  -27.52637191892487,
                  0
                ],
                [
                  -68.94800943743707,
                  -27.47762836636406,
                  0
                ],
                [
                  -68.97862758277742,
                  -27.44528386106151,
                  0
                ],
                [
                  -68.96393495635718,
                  -27.43509188694441,
                  0
                ],
                [
                  -68.92992615537612,
                  -27.45081693762771,
                  0
                ],
                [
                  -68.92016525996605,
                  -27.41086874774216,
                  0
                ],
                [
                  -68.88471759711426,
                  -27.40479370772392,
                  0
                ],
                [
                  -68.88687502268574,
                  -27.38615456238912,
                  0
                ],
                [
                  -68.8870290258437,
                  -27.36123410528183,
                  0
                ],
                [
                  -68.87053825570156,
                  -27.32810104007633,
                  0
                ],
                [
                  -68.825534799576,
                  -27.30200287545887,
                  0
                ],
                [
                  -68.80375580067128,
                  -27.30163389659792,
                  0
                ],
                [
                  -68.86612537789573,
                  -27.25401044148874,
                  0
                ],
                [
                  -68.84697876525229,
                  -27.21363605955368,
                  0
                ],
                [
                  -68.84771340960536,
                  -27.18517783476198,
                  0
                ],
                [
                  -68.8390108924059,
                  -27.16773941275532,
                  0
                ],
                [
                  -68.84078213677986,
                  -27.16032788821865,
                  0
                ],
                [
                  -68.83515570412995,
                  -27.15373910566417,
                  0
                ],
                [
                  -68.81604280699476,
                  -27.14961161592633,
                  0
                ],
                [
                  -68.80463359193175,
                  -27.15205301555993,
                  0
                ],
                [
                  -68.79383638696694,
                  -27.12978328395733,
                  0
                ],
                [
                  -68.77732787999011,
                  -27.10375284450246,
                  0
                ],
                [
                  -68.75111661844284,
                  -27.115931446948,
                  0
                ],
                [
                  -68.71843238949943,
                  -27.10670926859076,
                  0
                ],
                [
                  -68.69220032115666,
                  -27.10650627256286,
                  0
                ],
                [
                  -68.66596825281388,
                  -27.10630327653496,
                  0
                ],
                [
                  -68.66528785528587,
                  -27.12400550428433,
                  0
                ],
                [
                  -68.65837880246316,
                  -27.12648701360433,
                  0
                ],
                [
                  -68.65750663160674,
                  -27.13721173104784,
                  0
                ],
                [
                  -68.64281635510491,
                  -27.14549459760524,
                  0
                ],
                [
                  -68.63561597067734,
                  -27.16375622514644,
                  0
                ],
                [
                  -68.61824378034409,
                  -27.17378992531232,
                  0
                ],
                [
                  -68.5973700440943,
                  -27.16259493993449,
                  0
                ],
                [
                  -68.57319205452433,
                  -27.17887180540464,
                  0
                ],
                [
                  -68.5691126911085,
                  -27.16670231389045,
                  0
                ],
                [
                  -68.55948506992598,
                  -27.14548312734917,
                  0
                ],
                [
                  -68.54947692383874,
                  -27.13760132951504,
                  0
                ],
                [
                  -68.55304072717439,
                  -27.11895589690907,
                  0
                ],
                [
                  -68.53816809031066,
                  -27.11275399566553,
                  0
                ],
                [
                  -68.51652227145078,
                  -27.13137685292766,
                  0
                ],
                [
                  -68.49395174296313,
                  -27.13930099253487,
                  0
                ],
                [
                  -68.46360604003239,
                  -27.11276867695164,
                  0
                ],
                [
                  -68.47134314662853,
                  -27.08602999206338,
                  0
                ],
                [
                  -68.44520542656888,
                  -27.09676289941465,
                  0
                ],
                [
                  -68.40447918373272,
                  -27.07021793218736,
                  0
                ],
                [
                  -68.36606471496602,
                  -27.04984409580963,
                  0
                ],
                [
                  -68.33029070649943,
                  -27.04500760759077,
                  0
                ],
                [
                  -68.2858038905204,
                  -27.04203998537659,
                  0
                ],
                [
                  -68.30990655117336,
                  -26.97797597405854,
                  0
                ],
                [
                  -68.28883355131565,
                  -26.96381045219851,
                  0
                ],
                [
                  -68.28662265753289,
                  -26.93741865688538,
                  0
                ],
                [
                  -68.28391560688314,
                  -26.92590415951615,
                  0
                ],
                [
                  -68.25606630119428,
                  -26.91866137001239,
                  0
                ],
                [
                  -68.19771333534081,
                  -26.86324786950443,
                  0
                ],
                [
                  -68.20449884065658,
                  -26.83857659826433,
                  0
                ],
                [
                  -68.16533559893739,
                  -26.81798743957234,
                  0
                ],
                [
                  -68.14867282616729,
                  -26.81748596036363,
                  0
                ],
                [
                  -68.13752183120218,
                  -26.78823136650356,
                  0
                ],
                [
                  -68.12872972389364,
                  -26.78559778866591,
                  0
                ],
                [
                  -68.12118572116638,
                  -26.78653701386174,
                  0
                ],
                [
                  -68.11661935995373,
                  -26.7922369183221,
                  0
                ],
                [
                  -68.07633717428295,
                  -26.78410841621422,
                  0
                ],
                [
                  -68.0702596409796,
                  -26.77609057604552,
                  0
                ],
                [
                  -68.07222047466631,
                  -26.76663297099665,
                  0
                ],
                [
                  -68.06551781266761,
                  -26.76013332361218,
                  0
                ],
                [
                  -68.03710874977321,
                  -26.75501117435609,
                  0
                ],
                [
                  -68.02237715379499,
                  -26.75541821048746,
                  0
                ],
                [
                  -67.99546291188292,
                  -26.76731035143887,
                  0
                ],
                [
                  -67.97745634429296,
                  -26.7847554627632,
                  0
                ],
                [
                  -67.9542826460438,
                  -26.78979557725017,
                  0
                ],
                [
                  -67.92212098203208,
                  -26.78651553027069,
                  0
                ],
                [
                  -67.89828317550291,
                  -26.78946327345884,
                  0
                ],
                [
                  -67.8799669156543,
                  -26.79014094521981,
                  0
                ],
                [
                  -67.86010412775425,
                  -26.79278506594375,
                  0
                ],
                [
                  -67.85348403460807,
                  -26.79319621130176,
                  0
                ],
                [
                  -67.8394878111458,
                  -26.78921289634665,
                  0
                ],
                [
                  -67.8369981426121,
                  -26.7796134396103,
                  0
                ],
                [
                  -67.82764563417408,
                  -26.75561084089975,
                  0
                ],
                [
                  -67.80120068393903,
                  -26.75946060005393,
                  0
                ],
                [
                  -67.79659849432475,
                  -26.77636146221646,
                  0
                ],
                [
                  -67.79246430519066,
                  -26.79384994990505,
                  0
                ],
                [
                  -67.79041806890328,
                  -26.80430607746165,
                  0
                ],
                [
                  -67.7659480687033,
                  -26.80012474714557,
                  0
                ],
                [
                  -67.74556213409087,
                  -26.79112566384623,
                  0
                ],
                [
                  -67.7206691478616,
                  -26.77217005531804,
                  0
                ],
                [
                  -67.7020526002694,
                  -26.77977719967743,
                  0
                ],
                [
                  -67.68176823470714,
                  -26.79986597708249,
                  0
                ],
                [
                  -67.67903568473075,
                  -26.79998514776222,
                  0
                ],
                [
                  -67.66843327814435,
                  -26.80944545329221,
                  0
                ],
                [
                  -67.65884035159489,
                  -26.80440639813386,
                  0
                ],
                [
                  -67.58771624989396,
                  -26.80987735101091,
                  0
                ],
                [
                  -67.54599747790365,
                  -26.85538414386102,
                  0
                ],
                [
                  -67.5506175043224,
                  -26.85909539667511,
                  0
                ],
                [
                  -67.54483650580413,
                  -26.8713062082191,
                  0
                ],
                [
                  -67.54033434243851,
                  -26.87180178649111,
                  0
                ],
                [
                  -67.53412860697912,
                  -26.8840541286792,
                  0
                ],
                [
                  -67.53402349222257,
                  -26.88940670324365,
                  0
                ],
                [
                  -67.54158419611153,
                  -26.89286541632282,
                  0
                ],
                [
                  -67.53791306948789,
                  -26.90825060570241,
                  0
                ],
                [
                  -67.5316701417298,
                  -26.91592287186431,
                  0
                ],
                [
                  -67.52177983609307,
                  -26.91149821230269,
                  0
                ],
                [
                  -67.51898660237218,
                  -26.90479697782069,
                  0
                ],
                [
                  -67.50488110991289,
                  -26.90058681275069,
                  0
                ],
                [
                  -67.49678696382585,
                  -26.89440462002208,
                  0
                ],
                [
                  -67.49580226760457,
                  -26.88692707478477,
                  0
                ],
                [
                  -67.47087754287492,
                  -26.87843579371636,
                  0
                ],
                [
                  -67.46368281053887,
                  -26.88330411236472,
                  0
                ],
                [
                  -67.46123884426876,
                  -26.89178908966278,
                  0
                ],
                [
                  -67.46206339713088,
                  -26.89657645665173,
                  0
                ],
                [
                  -67.46034087025065,
                  -26.90743677138355,
                  0
                ],
                [
                  -67.45151272526633,
                  -26.91195711741795,
                  0
                ],
                [
                  -67.44263181087807,
                  -26.91225521695775,
                  0
                ],
                [
                  -67.35327557665781,
                  -26.94976361851265,
                  0
                ],
                [
                  -67.35454193830415,
                  -26.95712709233879,
                  0
                ],
                [
                  -67.35736051237735,
                  -26.96636228514133,
                  0
                ],
                [
                  -67.36325456029438,
                  -26.97512391627184,
                  0
                ],
                [
                  -67.36642101044531,
                  -26.98054374453927,
                  0
                ],
                [
                  -67.37202844191536,
                  -26.98347598080033,
                  0
                ],
                [
                  -67.37380596242149,
                  -26.99113713451226,
                  0
                ],
                [
                  -67.36289027368207,
                  -27.00749627880432,
                  0
                ],
                [
                  -67.35815376528598,
                  -27.02884760601815,
                  0
                ],
                [
                  -67.35859643056308,
                  -27.02887992293763,
                  0
                ],
                [
                  -67.35091440411057,
                  -27.03713984940049,
                  0
                ],
                [
                  -67.34842522539117,
                  -27.04696937235871,
                  0
                ],
                [
                  -67.34705416557658,
                  -27.05677279467876,
                  0
                ],
                [
                  -67.33490030922431,
                  -27.05595739429416,
                  0
                ],
                [
                  -67.32755880676866,
                  -27.04890195327704,
                  0
                ],
                [
                  -67.31594861801265,
                  -27.0484992422672,
                  0
                ],
                [
                  -67.30440082143333,
                  -27.05000038659993,
                  0
                ],
                [
                  -67.30052040943039,
                  -27.05005009936344,
                  0
                ],
                [
                  -67.29348410727657,
                  -27.04263627117892,
                  0
                ],
                [
                  -67.27559529261306,
                  -27.03686818485642,
                  0
                ],
                [
                  -67.27747166711617,
                  -27.03243084493054,
                  0
                ],
                [
                  -67.26541357124948,
                  -27.01219590128972,
                  0
                ],
                [
                  -67.26246854327907,
                  -26.98698751947793,
                  0
                ],
                [
                  -67.25093752169123,
                  -26.9763992781509,
                  0
                ],
                [
                  -67.2488859607156,
                  -26.95550934556518,
                  0
                ],
                [
                  -67.24858794034752,
                  -26.9467656282732,
                  0
                ],
                [
                  -67.23981782687244,
                  -26.93572384500957,
                  0
                ],
                [
                  -67.2333837096251,
                  -26.92586197988847,
                  0
                ],
                [
                  -67.230130171543,
                  -26.92017586570291,
                  0
                ],
                [
                  -67.21627480315773,
                  -26.9238986520264,
                  0
                ],
                [
                  -67.20399060321508,
                  -26.91359996199497,
                  0
                ],
                [
                  -67.2010810621674,
                  -26.91089554376855,
                  0
                ],
                [
                  -67.20225762848452,
                  -26.90466494321259,
                  0
                ],
                [
                  -67.20587390914667,
                  -26.90098165933072,
                  0
                ],
                [
                  -67.20380894657524,
                  -26.89396103912301,
                  0
                ],
                [
                  -67.18547898130826,
                  -26.88075598023174,
                  0
                ],
                [
                  -67.17523298395808,
                  -26.87920822672441,
                  0
                ],
                [
                  -67.15717899229006,
                  -26.86534986029676,
                  0
                ],
                [
                  -67.1518876380228,
                  -26.8425852542269,
                  0
                ],
                [
                  -67.15142677177332,
                  -26.82220117348509,
                  0
                ],
                [
                  -67.12345633186922,
                  -26.7997548642777,
                  0
                ],
                [
                  -67.10945183731916,
                  -26.80206525407642,
                  0
                ],
                [
                  -67.10441279816853,
                  -26.78947490904044,
                  0
                ],
                [
                  -67.10769544727887,
                  -26.73130155432384,
                  0
                ],
                [
                  -67.1032296293674,
                  -26.71521254669103,
                  0
                ],
                [
                  -67.09916226608821,
                  -26.7085700523206,
                  0
                ],
                [
                  -67.09745343959523,
                  -26.69729987782152,
                  0
                ],
                [
                  -67.0914949324688,
                  -26.68380805874023,
                  0
                ],
                [
                  -67.08191761991135,
                  -26.67728569090751,
                  0
                ],
                [
                  -67.08884871250957,
                  -26.6544634503207,
                  0
                ],
                [
                  -67.08263892253764,
                  -26.64678709789612,
                  0
                ],
                [
                  -67.07823793727194,
                  -26.63710715568926,
                  0
                ],
                [
                  -67.08919969785015,
                  -26.61841520582855,
                  0
                ],
                [
                  -67.08691048002314,
                  -26.59931771644494,
                  0
                ],
                [
                  -67.0871182159984,
                  -26.59467816434328,
                  0
                ],
                [
                  -67.08152920834296,
                  -26.59002950160829,
                  0
                ],
                [
                  -67.07908310459672,
                  -26.5776598564239,
                  0
                ],
                [
                  -67.07060029675844,
                  -26.57969481196702,
                  0
                ],
                [
                  -67.0652752019641,
                  -26.56643178594375,
                  0
                ],
                [
                  -67.06638619031956,
                  -26.55567006805631,
                  0
                ],
                [
                  -67.06007489199575,
                  -26.54921415354402,
                  0
                ],
                [
                  -67.05685348285508,
                  -26.53298985623271,
                  0
                ],
                [
                  -67.05372819836616,
                  -26.52280976636937,
                  0
                ],
                [
                  -67.05222998373743,
                  -26.51399820023752,
                  0
                ],
                [
                  -67.05433019877776,
                  -26.50814015837689,
                  0
                ],
                [
                  -67.04674057069091,
                  -26.50722494080098,
                  0
                ],
                [
                  -67.04402063890268,
                  -26.50432840412595,
                  0
                ],
                [
                  -67.04420282376715,
                  -26.49663569350681,
                  0
                ],
                [
                  -67.04192363386568,
                  -26.49210347211949,
                  0
                ],
                [
                  -67.0521023613297,
                  -26.48356115053868,
                  0
                ],
                [
                  -67.04709277013907,
                  -26.47592478810307,
                  0
                ],
                [
                  -67.04567610142084,
                  -26.45993825819178,
                  0
                ],
                [
                  -67.0669698581308,
                  -26.45134785652359,
                  0
                ],
                [
                  -67.06204535809671,
                  -26.44106505976591,
                  0
                ],
                [
                  -67.06131497717239,
                  -26.43606519313649,
                  0
                ],
                [
                  -67.04952533625092,
                  -26.43769570704609,
                  0
                ],
                [
                  -67.04170501932772,
                  -26.40102463700457,
                  0
                ],
                [
                  -67.03605227503779,
                  -26.38855896095037,
                  0
                ],
                [
                  -67.03152673204627,
                  -26.34974416482028,
                  0
                ],
                [
                  -67.01423081696073,
                  -26.30573411082497,
                  0
                ],
                [
                  -67.01334586333414,
                  -26.29413574541543,
                  0
                ],
                [
                  -67.01194900623818,
                  -26.28566237993623,
                  0
                ],
                [
                  -67.00286045827751,
                  -26.26189271412343,
                  0
                ],
                [
                  -67.00433273984174,
                  -26.24941240875009,
                  0
                ],
                [
                  -67.00266118458426,
                  -26.21228539550146,
                  0
                ],
                [
                  -66.94336589156967,
                  -26.05348830614219,
                  0
                ],
                [
                  -66.9253394040667,
                  -25.96334233883956,
                  0
                ],
                [
                  -66.89033255176032,
                  -25.95024236349059,
                  0
                ],
                [
                  -66.8675835241977,
                  -25.94165595183005,
                  0
                ],
                [
                  -66.85150425921933,
                  -25.92905239891217,
                  0
                ],
                [
                  -66.84878944804079,
                  -25.9130218364686,
                  0
                ],
                [
                  -66.84346237454251,
                  -25.89100991182187,
                  0
                ],
                [
                  -66.83655719791334,
                  -25.88320567987005,
                  0
                ],
                [
                  -66.82590453246036,
                  -25.87972860330222,
                  0
                ],
                [
                  -66.8183061750088,
                  -25.84629155589268,
                  0
                ],
                [
                  -66.8222613519283,
                  -25.82057662511478,
                  0
                ],
                [
                  -66.84287494268168,
                  -25.8067318897102,
                  0
                ],
                [
                  -66.84831809672507,
                  -25.77348469636164,
                  0
                ],
                [
                  -66.86622135183043,
                  -25.75298002653974,
                  0
                ],
                [
                  -66.84036104919338,
                  -25.71541886793462,
                  0
                ],
                [
                  -66.73879378677256,
                  -25.67051583580862,
                  0
                ],
                [
                  -66.75038309535628,
                  -25.65057773033166,
                  0
                ],
                [
                  -66.74700676534142,
                  -25.61244836006443,
                  0
                ],
                [
                  -66.73747553004722,
                  -25.60142263162574,
                  0
                ],
                [
                  -66.73766503250754,
                  -25.59483233211045,
                  0
                ],
                [
                  -66.75177194558873,
                  -25.56116741361986,
                  0
                ],
                [
                  -66.75942150177409,
                  -25.54381826377424,
                  0
                ],
                [
                  -66.75703973958167,
                  -25.52313264813546,
                  0
                ],
                [
                  -66.76631919831229,
                  -25.49530411845777,
                  0
                ],
                [
                  -66.7552537479236,
                  -25.48602754485187,
                  0
                ],
                [
                  -66.75243200455338,
                  -25.44287087600505,
                  0
                ],
                [
                  -66.74007723621064,
                  -25.42473105762193,
                  0
                ],
                [
                  -66.74113085884676,
                  -25.39847081310097,
                  0
                ],
                [
                  -66.74222114930154,
                  -25.3545372691849,
                  0
                ],
                [
                  -66.72545928327922,
                  -25.35449444906216,
                  0
                ],
                [
                  -66.7069897657397,
                  -25.34426406270272,
                  0
                ],
                [
                  -66.69632974071862,
                  -25.33672766201993,
                  0
                ],
                [
                  -66.69616446115153,
                  -25.32189116075435,
                  0
                ],
                [
                  -66.64050377138408,
                  -25.28037968256154,
                  0
                ],
                [
                  -66.6391771728976,
                  -25.26013054467317,
                  0
                ],
                [
                  -66.63528169444348,
                  -25.22962231067123,
                  0
                ],
                [
                  -66.61996223304342,
                  -25.2124330255959,
                  0
                ],
                [
                  -66.6266252959318,
                  -25.14998039815757,
                  0
                ],
                [
                  -66.61950031082472,
                  -25.13512411255707,
                  0
                ],
                [
                  -66.6241312822232,
                  -25.10032815069736,
                  0
                ],
                [
                  -66.61021009692566,
                  -25.09185988790843,
                  0
                ],
                [
                  -66.61407522745597,
                  -25.05919405397972,
                  0
                ],
                [
                  -66.62120386856712,
                  -25.04338974906651,
                  0
                ],
                [
                  -66.60181402447913,
                  -25.00696212645259,
                  0
                ],
                [
                  -66.59490937041404,
                  -24.99308683256701,
                  0
                ],
                [
                  -66.59474350052523,
                  -24.97289204680196,
                  0
                ],
                [
                  -66.5857585623416,
                  -24.9653085112956,
                  0
                ],
                [
                  -66.59746536360001,
                  -24.92226275988335,
                  0
                ],
                [
                  -66.57739343563502,
                  -24.89445295412396,
                  0
                ],
                [
                  -66.57194132308803,
                  -24.85694990872888,
                  0
                ],
                [
                  -66.53945414756403,
                  -24.82608621876807,
                  0
                ],
                [
                  -66.40075271659668,
                  -24.83498926410203,
                  0
                ],
                [
                  -66.4053557535011,
                  -24.79875091975045,
                  0
                ],
                [
                  -66.40299220140253,
                  -24.76424756491373,
                  0
                ],
                [
                  -66.41640185082242,
                  -24.73574539593465,
                  0
                ],
                [
                  -66.40509184279733,
                  -24.70465948931324,
                  0
                ],
                [
                  -66.40519107499598,
                  -24.67831003000455,
                  0
                ],
                [
                  -66.40865209276846,
                  -24.66350194704107,
                  0
                ],
                [
                  -66.36931037865361,
                  -24.64155280767743,
                  0
                ],
                [
                  -66.39882738866574,
                  -24.61218801278012,
                  0
                ],
                [
                  -66.3947721743235,
                  -24.59649875644809,
                  0
                ],
                [
                  -66.37533147703328,
                  -24.57002379573535,
                  0
                ],
                [
                  -66.35435306626721,
                  -24.56615024601842,
                  0
                ],
                [
                  -66.36216944052514,
                  -24.51420112254051,
                  0
                ],
                [
                  -66.31363279412817,
                  -24.45157694666376,
                  0
                ],
                [
                  -66.2968119001387,
                  -24.40667719290137,
                  0
                ],
                [
                  -66.2947367088202,
                  -24.37182128200303,
                  0
                ],
                [
                  -66.28792569377194,
                  -24.35233908330083,
                  0
                ],
                [
                  -66.31657860231076,
                  -24.32261643434683,
                  0
                ],
                [
                  -66.34802232669465,
                  -24.28270282373745,
                  0
                ],
                [
                  -66.38338068466184,
                  -24.22274944985092,
                  0
                ],
                [
                  -66.38988605508855,
                  -24.18908065059532,
                  0
                ],
                [
                  -66.3713546757461,
                  -24.17224001796378,
                  0
                ],
                [
                  -66.3807643218473,
                  -24.14303073431785,
                  0
                ],
                [
                  -66.37954951132383,
                  -24.12745646388033,
                  0
                ],
                [
                  -66.37296463623343,
                  -24.12035122294565,
                  0
                ],
                [
                  -66.36944171415215,
                  -24.09498119643706,
                  0
                ],
                [
                  -66.36297161731133,
                  -24.09008696758246,
                  0
                ],
                [
                  -66.36629153704794,
                  -24.04865755481633,
                  0
                ],
                [
                  -66.35005050310852,
                  -24.02813061278148,
                  0
                ],
                [
                  -66.35302378606404,
                  -23.99299817176584,
                  0
                ],
                [
                  -66.31904038566894,
                  -23.97151655333833,
                  0
                ],
                [
                  -66.31523330328768,
                  -23.95498339227535,
                  0
                ],
                [
                  -66.31792596633984,
                  -23.93959082501399,
                  0
                ],
                [
                  -66.35913004990842,
                  -23.92130768244263,
                  0
                ],
                [
                  -66.35264706723508,
                  -23.89814300032941,
                  0
                ],
                [
                  -66.36223524923166,
                  -23.87526956141967,
                  0
                ],
                [
                  -66.37374326742636,
                  -23.84284109222695,
                  0
                ],
                [
                  -66.37483634562615,
                  -23.83132315881902,
                  0
                ],
                [
                  -66.36068731905753,
                  -23.82048736067474,
                  0
                ],
                [
                  -66.35779532274391,
                  -23.80780056183623,
                  0
                ],
                [
                  -66.35842223758469,
                  -23.78020585032941,
                  0
                ],
                [
                  -66.35633628250766,
                  -23.76951993772353,
                  0
                ],
                [
                  -66.35882277077997,
                  -23.76264840264138,
                  0
                ],
                [
                  -66.35738869621164,
                  -23.7564000532271,
                  0
                ],
                [
                  -66.35388443267723,
                  -23.75282212970531,
                  0
                ],
                [
                  -66.34934744136524,
                  -23.7493659049169,
                  0
                ],
                [
                  -66.34747100196387,
                  -23.74755048794959,
                  0
                ],
                [
                  -66.34748073710097,
                  -23.73974492727327,
                  0
                ],
                [
                  -66.3595819928301,
                  -23.7396601864637,
                  0
                ],
                [
                  -66.36680445520675,
                  -23.73179377992724,
                  0
                ],
                [
                  -66.3668503282669,
                  -23.72635341571321,
                  0
                ],
                [
                  -66.37022467062182,
                  -23.72337559304185,
                  0
                ],
                [
                  -66.36969794381338,
                  -23.72097086964533,
                  0
                ],
                [
                  -66.36790905177081,
                  -23.7180931940319,
                  0
                ],
                [
                  -66.36735251061064,
                  -23.71282278489218,
                  0
                ],
                [
                  -66.36732943668102,
                  -23.70816473586317,
                  0
                ],
                [
                  -66.36917779010842,
                  -23.70574174008051,
                  0
                ],
                [
                  -66.36609897589972,
                  -23.70245400002868,
                  0
                ],
                [
                  -66.36686581457418,
                  -23.69386364948485,
                  0
                ],
                [
                  -66.35937500136946,
                  -23.68450009211875,
                  0
                ],
                [
                  -66.35553999625172,
                  -23.67786453580958,
                  0
                ],
                [
                  -66.35566792808913,
                  -23.67433432138457,
                  0
                ],
                [
                  -66.34624798776181,
                  -23.66919642789303,
                  0
                ],
                [
                  -66.33832644872122,
                  -23.66938762079238,
                  0
                ],
                [
                  -66.33747310167881,
                  -23.66411760825132,
                  0
                ],
                [
                  -66.33146484338262,
                  -23.66180703235743,
                  0
                ],
                [
                  -66.33077775050384,
                  -23.65154667454807,
                  0
                ],
                [
                  -66.32492860353116,
                  -23.64965359608046,
                  0
                ],
                [
                  -66.32111034838492,
                  -23.6491679184305,
                  0
                ],
                [
                  -66.29935229798843,
                  -23.65245721697083,
                  0
                ],
                [
                  -66.3004387027239,
                  -23.64431211508358,
                  0
                ],
                [
                  -66.29711982095408,
                  -23.6397503795482,
                  0
                ],
                [
                  -66.29760931726473,
                  -23.62856662408618,
                  0
                ],
                [
                  -66.29324554710398,
                  -23.62545169945579,
                  0
                ],
                [
                  -66.27619893806296,
                  -23.59220929883742,
                  0
                ],
                [
                  -66.26741183073001,
                  -23.57155219291456,
                  0
                ],
                [
                  -66.25912170384188,
                  -23.55977976011738,
                  0
                ],
                [
                  -66.25449169605552,
                  -23.53263994642547,
                  0
                ],
                [
                  -66.24733506065802,
                  -23.51557797888242,
                  0
                ],
                [
                  -66.23839431262978,
                  -23.49268606303618,
                  0
                ],
                [
                  -66.2290881633755,
                  -23.48520094854003,
                  0
                ],
                [
                  -66.21939800446297,
                  -23.48611191245185,
                  0
                ],
                [
                  -66.20497311053849,
                  -23.46183782212528,
                  0
                ],
                [
                  -66.20649373178406,
                  -23.4577613748913,
                  0
                ],
                [
                  -66.20493294658863,
                  -23.44142973187529,
                  0
                ],
                [
                  -66.23039078588648,
                  -23.40461515122888,
                  0
                ],
                [
                  -66.23791726130467,
                  -23.39504525690693,
                  0
                ],
                [
                  -66.2348886080033,
                  -23.39051772697839,
                  0
                ],
                [
                  -66.24385076090167,
                  -23.38298563583441,
                  0
                ],
                [
                  -66.24585832382937,
                  -23.36357907226634,
                  0
                ],
                [
                  -66.2450953385471,
                  -23.35812366873342,
                  0
                ],
                [
                  -66.2469903297056,
                  -23.35544588298679,
                  0
                ],
                [
                  -66.24963609827807,
                  -23.34528795878218,
                  0
                ],
                [
                  -66.25161678948737,
                  -23.33625139807365,
                  0
                ],
                [
                  -66.2428686179907,
                  -23.32858778434849,
                  0
                ],
                [
                  -66.24561563728986,
                  -23.32489726172516,
                  0
                ],
                [
                  -66.24611193758619,
                  -23.32024843802596,
                  0
                ],
                [
                  -66.24334722396284,
                  -23.31458582689994,
                  0
                ],
                [
                  -66.24581464224285,
                  -23.30863581016618,
                  0
                ],
                [
                  -66.24712212806685,
                  -23.30319319550348,
                  0
                ],
                [
                  -66.24494460135263,
                  -23.28848573024352,
                  0
                ],
                [
                  -66.25155149321667,
                  -23.28159548834438,
                  0
                ],
                [
                  -66.25845245267647,
                  -23.26166341819224,
                  0
                ],
                [
                  -66.24863541203851,
                  -23.19372887640031,
                  0
                ],
                [
                  -66.25055626056334,
                  -23.0595652457266,
                  0
                ],
                [
                  -66.25873447539286,
                  -23.04055864647831,
                  0
                ],
                [
                  -66.28765590609315,
                  -23.02981641384208,
                  0
                ],
                [
                  -66.27913222867184,
                  -23.01325868686079,
                  0
                ],
                [
                  -66.27502688697064,
                  -23.00995271961111,
                  0
                ],
                [
                  -66.27362497985223,
                  -23.00311388880239,
                  0
                ],
                [
                  -66.28223512813878,
                  -23.00010061501942,
                  0
                ],
                [
                  -66.29682907446768,
                  -22.99161907503593,
                  0
                ],
                [
                  -66.29762682178689,
                  -22.98704719836698,
                  0
                ],
                [
                  -66.28519662228416,
                  -22.95674191325165,
                  0
                ],
                [
                  -66.28785313086074,
                  -22.95282868641293,
                  0
                ],
                [
                  -66.28595506566522,
                  -22.9456147454999,
                  0
                ],
                [
                  -66.27930444945464,
                  -22.94100970990581,
                  0
                ],
                [
                  -66.27041658073392,
                  -22.92649144547419,
                  0
                ],
                [
                  -66.26619306545821,
                  -22.92214470496117,
                  0
                ],
                [
                  -66.26447944866896,
                  -22.91221094309645,
                  0
                ],
                [
                  -66.27314161413979,
                  -22.90423159657533,
                  0
                ],
                [
                  -66.28524282385635,
                  -22.89655436667361,
                  0
                ],
                [
                  -66.28642000181888,
                  -22.88920291245526,
                  0
                ],
                [
                  -66.29049404512854,
                  -22.87616673299012,
                  0
                ],
                [
                  -66.29032437558321,
                  -22.8732552049034,
                  0
                ],
                [
                  -66.30372829615955,
                  -22.86418698587454,
                  0
                ],
                [
                  -66.31552467367453,
                  -22.86246399560265,
                  0
                ],
                [
                  -66.3256609593682,
                  -22.86105118413942,
                  0
                ],
                [
                  -66.33274928187683,
                  -22.85936583381783,
                  0
                ],
                [
                  -66.3382120992976,
                  -22.8573629362055,
                  0
                ],
                [
                  -66.33843188041071,
                  -22.84114178161061,
                  0
                ],
                [
                  -66.34251113879887,
                  -22.83719826039825,
                  0
                ],
                [
                  -66.34725514843684,
                  -22.82773673388477,
                  0
                ],
                [
                  -66.3457903093094,
                  -22.81996383450091,
                  0
                ],
                [
                  -66.34790457169744,
                  -22.81534510643514,
                  0
                ],
                [
                  -66.35369232909328,
                  -22.80823962964428,
                  0
                ],
                [
                  -66.35100255044648,
                  -22.80610913496209,
                  0
                ],
                [
                  -66.34827626347749,
                  -22.80377977264745,
                  0
                ],
                [
                  -66.34879093770006,
                  -22.79785270659806,
                  0
                ],
                [
                  -66.34923102989796,
                  -22.78988017684229,
                  0
                ],
                [
                  -66.35249709233558,
                  -22.78504339410748,
                  0
                ],
                [
                  -66.35479171984652,
                  -22.7721300424012,
                  0
                ],
                [
                  -66.35914675907254,
                  -22.76619540002705,
                  0
                ],
                [
                  -66.36372226998445,
                  -22.7641945698667,
                  0
                ],
                [
                  -66.36874691200079,
                  -22.76526579270956,
                  0
                ],
                [
                  -66.36854027493001,
                  -22.75632758880469,
                  0
                ],
                [
                  -66.36383770379706,
                  -22.74429935508212,
                  0
                ],
                [
                  -66.36630006855063,
                  -22.74225063808989,
                  0
                ],
                [
                  -66.36932820445698,
                  -22.73310774924066,
                  0
                ],
                [
                  -66.37800488776804,
                  -22.72862938097358,
                  0
                ],
                [
                  -66.39719700548967,
                  -22.72172356645709,
                  0
                ],
                [
                  -66.40515273571617,
                  -22.72433713679644,
                  0
                ],
                [
                  -66.4247224503771,
                  -22.7198397285703,
                  0
                ],
                [
                  -66.42849016234656,
                  -22.71114636769367,
                  0
                ],
                [
                  -66.42504919776322,
                  -22.69730255223196,
                  0
                ],
                [
                  -66.41875507327642,
                  -22.69126292403623,
                  0
                ],
                [
                  -66.42100946903156,
                  -22.67850932185809,
                  0
                ],
                [
                  -66.42656978614094,
                  -22.67587921194609,
                  0
                ],
                [
                  -66.79475119417488,
                  -22.73478652816781,
                  0
                ],
                [
                  -67.18105538781022,
                  -22.81324121747743,
                  0
                ],
                [
                  -67.56391952551742,
                  -22.90073092423683,
                  0
                ],
                [
                  -67.62592238696996,
                  -22.89423090129032,
                  0
                ],
                [
                  -67.79832925714521,
                  -22.87791495488672,
                  0
                ],
                [
                  -67.82022299967292,
                  -22.85938732840096,
                  0
                ],
                [
                  -67.8235899967983,
                  -22.84370495067903,
                  0
                ],
                [
                  -67.85062711152528,
                  -22.84438897791057,
                  0
                ],
                [
                  -67.86531306265076,
                  -22.82799919006083,
                  0
                ],
                [
                  -67.87615821949943,
                  -22.83363675859076,
                  0
                ],
                [
                  -67.88372881699941,
                  -22.82501722282001,
                  0
                ],
                [
                  -67.87740435544774,
                  -22.80074386700213,
                  0
                ],
                [
                  -67.8692601468341,
                  -22.78322125037894,
                  0
                ],
                [
                  -67.86574762457097,
                  -22.74363362256485,
                  0
                ],
                [
                  -67.8838496386105,
                  -22.72753583493731,
                  0
                ],
                [
                  -67.88188101179762,
                  -22.70574190365265,
                  0
                ],
                [
                  -67.86547792560135,
                  -22.69599446261012,
                  0
                ],
                [
                  -67.86914548025682,
                  -22.63354315373473,
                  0
                ],
                [
                  -67.85583018496094,
                  -22.624523147382,
                  0
                ],
                [
                  -67.85457617138864,
                  -22.60504846687089,
                  0
                ],
                [
                  -67.83016372606217,
                  -22.58129787319535,
                  0
                ],
                [
                  -67.84220089504241,
                  -22.54910060431795,
                  0
                ],
                [
                  -67.83416742317021,
                  -22.53258728091546,
                  0
                ],
                [
                  -67.87421543127773,
                  -22.51814046621053,
                  0
                ],
                [
                  -67.88611639088859,
                  -22.49912751099285,
                  0
                ],
                [
                  -67.89291386786194,
                  -22.48714848892733,
                  0
                ],
                [
                  -67.89292461767539,
                  -22.45611307454094,
                  0
                ],
                [
                  -67.87938341279602,
                  -22.43760167310711,
                  0
                ],
                [
                  -67.89251853374103,
                  -22.43396744933761,
                  0
                ],
                [
                  -67.89514200163227,
                  -22.41183789273517,
                  0
                ],
                [
                  -67.91223010590336,
                  -22.39400239844706,
                  0
                ],
                [
                  -67.92471825062016,
                  -22.38821136562242,
                  0
                ],
                [
                  -67.93546985735712,
                  -22.38010595219978,
                  0
                ],
                [
                  -67.93046711054552,
                  -22.35235354201358,
                  0
                ],
                [
                  -67.93321247541542,
                  -22.31031884864883,
                  0
                ],
                [
                  -67.92763945426266,
                  -22.27523853297658,
                  0
                ],
                [
                  -67.92070351308271,
                  -22.24404067351754,
                  0
                ],
                [
                  -67.92096583887223,
                  -22.21644405249932,
                  0
                ],
                [
                  -67.93373884093673,
                  -22.19656883844674,
                  0
                ],
                [
                  -67.93287341737407,
                  -22.18384548556557,
                  0
                ],
                [
                  -67.95199369737372,
                  -22.16998447413251,
                  0
                ],
                [
                  -67.95489504678693,
                  -22.15231949874506,
                  0
                ],
                [
                  -67.9313523881705,
                  -22.11802537972435,
                  0
                ],
                [
                  -67.94458025671503,
                  -22.08820014449386,
                  0
                ],
                [
                  -67.96197835068459,
                  -22.07640686153592,
                  0
                ],
                [
                  -67.95924250979726,
                  -22.05282202297774,
                  0
                ],
                [
                  -68.00320711434533,
                  -22.03898124320934,
                  0
                ],
                [
                  -68.01195133051986,
                  -22.02320016500643,
                  0
                ],
                [
                  -68.06378787608622,
                  -21.98422257742973,
                  0
                ],
                [
                  -68.05850941067362,
                  -21.7753265147826,
                  0
                ],
                [
                  -68.071144193382,
                  -21.75732418481326,
                  0
                ],
                [
                  -68.0879492015154,
                  -21.74319496574961,
                  0
                ],
                [
                  -68.10246778937845,
                  -21.70202940793311,
                  0
                ],
                [
                  -68.17632181248555,
                  -21.61287696915425,
                  0
                ],
                [
                  -68.1785869657946,
                  -21.50234832621287,
                  0
                ],
                [
                  -68.17601621923204,
                  -21.30082911147357,
                  0
                ],
                [
                  -68.20189531734947,
                  -21.25856875651389,
                  0
                ],
                [
                  -68.21777803806259,
                  -21.22543101868937,
                  0
                ],
                [
                  -68.29289441192111,
                  -21.09298095345025,
                  0
                ],
                [
                  -68.35408556673475,
                  -21.00599951475365,
                  0
                ],
                [
                  -68.39017846721065,
                  -20.97273797664301,
                  0
                ],
                [
                  -68.40229556657108,
                  -20.95421248389815,
                  0
                ],
                [
                  -68.3999878919311,
                  -20.94911413817733,
                  0
                ],
                [
                  -68.40162131955837,
                  -20.94125532955128,
                  0
                ],
                [
                  -68.40831313320365,
                  -20.94133315253218,
                  0
                ],
                [
                  -68.41180280125633,
                  -20.93865041821335,
                  0
                ],
                [
                  -68.42907946850232,
                  -20.9437105429626,
                  0
                ],
                [
                  -68.4576868047667,
                  -20.94370968363753,
                  0
                ],
                [
                  -68.47153812654697,
                  -20.94127084414566,
                  0
                ],
                [
                  -68.47624691741225,
                  -20.94787291662288,
                  0
                ],
                [
                  -68.48475928513794,
                  -20.94726318271066,
                  0
                ],
                [
                  -68.48827651232519,
                  -20.95063897326499,
                  0
                ],
                [
                  -68.49422254707821,
                  -20.94197497090055,
                  0
                ],
                [
                  -68.51002133749942,
                  -20.94021227959076,
                  0
                ],
                [
                  -68.50808637508456,
                  -20.93750725441695,
                  0
                ],
                [
                  -68.52043790838765,
                  -20.92836059487644,
                  0
                ],
                [
                  -68.52001644804092,
                  -20.92525136321773,
                  0
                ],
                [
                  -68.52804100744878,
                  -20.90983029936407,
                  0
                ],
                [
                  -68.54285853180643,
                  -20.90521699731962,
                  0
                ],
                [
                  -68.54253746965071,
                  -20.88432653778298,
                  0
                ],
                [
                  -68.54976650532396,
                  -20.8725004854256,
                  0
                ],
                [
                  -68.54943992089332,
                  -20.86589696703827,
                  0
                ],
                [
                  -68.54221640749499,
                  -20.86067443306822,
                  0
                ],
                [
                  -68.54427050493256,
                  -20.84665909016919,
                  0
                ],
                [
                  -68.53942767340237,
                  -20.82113385280544,
                  0
                ],
                [
                  -68.53286060962984,
                  -20.77672594891545,
                  0
                ],
                [
                  -68.54649169497792,
                  -20.76502387023623,
                  0
                ],
                [
                  -68.54509251866536,
                  -20.7338794173002,
                  0
                ],
                [
                  -68.52533802027631,
                  -20.72695381455284,
                  0
                ],
                [
                  -68.51841659778223,
                  -20.7022953408066,
                  0
                ],
                [
                  -68.49845252079058,
                  -20.67729317372957,
                  0
                ],
                [
                  -68.49671604178596,
                  -20.67165254921386,
                  0
                ],
                [
                  -68.47799784379677,
                  -20.67298168575591,
                  0
                ],
                [
                  -68.45656911910822,
                  -20.66488871752799,
                  0
                ],
                [
                  -68.45866333913254,
                  -20.65784654334166,
                  0
                ],
                [
                  -68.443207083401,
                  -20.64879428527749,
                  0
                ],
                [
                  -68.4352326366431,
                  -20.64058070754931,
                  0
                ],
                [
                  -68.45292147573497,
                  -20.63186383535446,
                  0
                ],
                [
                  -68.45979534414637,
                  -20.62058976054989,
                  0
                ],
                [
                  -68.48195251412245,
                  -20.60411678518678,
                  0
                ],
                [
                  -68.51002133749942,
                  -20.60193835359076,
                  0
                ],
                [
                  -68.5151735762773,
                  -20.58915699891878,
                  0
                ],
                [
                  -68.519720246799,
                  -20.57815588303867,
                  0
                ],
                [
                  -68.53578743999616,
                  -20.56596813464142,
                  0
                ],
                [
                  -68.57313298470795,
                  -20.56909991292365,
                  0
                ],
                [
                  -68.57850453691182,
                  -20.55752010621394,
                  0
                ],
                [
                  -68.59572312762472,
                  -20.54757903503119,
                  0
                ],
                [
                  -68.62453057210088,
                  -20.52830751715418,
                  0
                ],
                [
                  -68.63604301382492,
                  -20.52245141134446,
                  0
                ],
                [
                  -68.65642293565038,
                  -20.51844079229503,
                  0
                ],
                [
                  -68.6651613233797,
                  -20.51134215994059,
                  0
                ],
                [
                  -68.74032917673439,
                  -20.45341212072412,
                  0
                ],
                [
                  -68.74125503362772,
                  -20.36956975822036,
                  0
                ],
                [
                  -68.68808588227462,
                  -20.36300979012232,
                  0
                ],
                [
                  -68.67950739357987,
                  -20.35779462557452,
                  0
                ],
                [
                  -68.67069435424521,
                  -20.35827173649389,
                  0
                ],
                [
                  -68.65765149869485,
                  -20.34887117019589,
                  0
                ],
                [
                  -68.65530124947634,
                  -20.33484349912001,
                  0
                ],
                [
                  -68.66021502599177,
                  -20.31765834406669,
                  0
                ],
                [
                  -68.67788831556855,
                  -20.29248214022961,
                  0
                ],
                [
                  -68.69248251761252,
                  -20.29185342394416,
                  0
                ],
                [
                  -68.69489730585411,
                  -20.28629591047819,
                  0
                ],
                [
                  -68.68908701230197,
                  -20.27302334563363,
                  0
                ],
                [
                  -68.6980818659792,
                  -20.24817638371152,
                  0
                ],
                [
                  -68.70913299010415,
                  -20.24725266834153,
                  0
                ],
                [
                  -68.71143793445653,
                  -20.22846110750402,
                  0
                ],
                [
                  -68.70724410346682,
                  -20.21945342020651,
                  0
                ],
                [
                  -68.69486583572986,
                  -20.21919554707954,
                  0
                ],
                [
                  -68.69525676729629,
                  -20.21019069920963,
                  0
                ],
                [
                  -68.70778985577006,
                  -20.20491675787645,
                  0
                ],
                [
                  -68.70624257230297,
                  -20.19224504087151,
                  0
                ],
                [
                  -68.70544449734666,
                  -20.17990883982158,
                  0
                ],
                [
                  -68.68984127516029,
                  -20.17606464279788,
                  0
                ],
                [
                  -68.70014706062548,
                  -20.15793795232555,
                  0
                ],
                [
                  -68.69378483884688,
                  -20.14346967108062,
                  0
                ],
                [
                  -68.69729271522077,
                  -20.12745697840265,
                  0
                ],
                [
                  -68.71367645240205,
                  -20.12822058306967,
                  0
                ],
                [
                  -68.7194174030565,
                  -20.13536177076508,
                  0
                ],
                [
                  -68.7358592633433,
                  -20.12966518619768,
                  0
                ],
                [
                  -68.74243102547766,
                  -20.12242407189283,
                  0
                ],
                [
                  -68.75475204156709,
                  -20.12300110978827,
                  0
                ],
                [
                  -68.76173505779042,
                  -20.1306262646802,
                  0
                ],
                [
                  -68.77118559855256,
                  -20.12975646023556,
                  0
                ],
                [
                  -68.76178259453913,
                  -20.07658923066564,
                  0
                ],
                [
                  -68.68955735516212,
                  -20.06890694508801,
                  0
                ],
                [
                  -68.64077359889859,
                  -20.05040828511346,
                  0
                ],
                [
                  -68.56430336629701,
                  -20.0509792482359,
                  0
                ],
                [
                  -68.51589117893826,
                  -19.92545591027982,
                  0
                ],
                [
                  -68.52545555812323,
                  -19.90837303526485,
                  0
                ],
                [
                  -68.54160000274393,
                  -19.8909033548116,
                  0
                ],
                [
                  -68.5361008400941,
                  -19.87395023847005,
                  0
                ],
                [
                  -68.53060167744425,
                  -19.86627917112294,
                  0
                ],
                [
                  -68.52371589304143,
                  -19.84242854719127,
                  0
                ],
                [
                  -68.5978112678998,
                  -19.82845438964072,
                  0
                ],
                [
                  -68.61777450092829,
                  -19.79806992921679,
                  0
                ],
                [
                  -68.6155300131138,
                  -19.78935371580429,
                  0
                ],
                [
                  -68.65450504295112,
                  -19.76700047787974,
                  0
                ],
                [
                  -68.65482218835814,
                  -19.75935374824128,
                  0
                ],
                [
                  -68.66418692373747,
                  -19.75325559724315,
                  0
                ],
                [
                  -68.6750381027732,
                  -19.75136771590074,
                  0
                ],
                [
                  -68.69411436360258,
                  -19.74754454131921,
                  0
                ],
                [
                  -68.692114034051,
                  -19.74123016936956,
                  0
                ],
                [
                  -68.67959875476406,
                  -19.72800842445084,
                  0
                ],
                [
                  -68.67654231953983,
                  -19.72137033408377,
                  0
                ],
                [
                  -68.63598181416323,
                  -19.70452849920385,
                  0
                ],
                [
                  -68.62050780825656,
                  -19.70628015695753,
                  0
                ],
                [
                  -68.59453029127097,
                  -19.65286437446043,
                  0
                ],
                [
                  -68.59799169636558,
                  -19.64514769505843,
                  0
                ],
                [
                  -68.59478734983662,
                  -19.63044685487325,
                  0
                ],
                [
                  -68.56892118528006,
                  -19.607216442754,
                  0
                ],
                [
                  -68.54488424258102,
                  -19.59289457523523,
                  0
                ],
                [
                  -68.5020217145037,
                  -19.53380794799047,
                  0
                ],
                [
                  -68.4665617600414,
                  -19.48286962852655,
                  0
                ],
                [
                  -68.43520500251715,
                  -19.45760706241353,
                  0
                ],
                [
                  -68.43803305779082,
                  -19.44109768215331,
                  0
                ],
                [
                  -68.41166207269613,
                  -19.43311981085098,
                  0
                ],
                [
                  -68.40998176085952,
                  -19.42329004421779,
                  0
                ],
                [
                  -68.40007636722852,
                  -19.41462766508972,
                  0
                ],
                [
                  -68.44939725783132,
                  -19.36678017117276,
                  0
                ],
                [
                  -68.49420915352799,
                  -19.33082783921154,
                  0
                ],
                [
                  -68.54334661720651,
                  -19.2957732127,
                  0
                ],
                [
                  -68.61839308853521,
                  -19.27507706988071,
                  0
                ],
                [
                  -68.62365821388825,
                  -19.25695368129701,
                  0
                ],
                [
                  -68.63999443861992,
                  -19.23359196374627,
                  0
                ],
                [
                  -68.67977214646363,
                  -19.1873149288532,
                  0
                ],
                [
                  -68.73680464064898,
                  -19.15343891465713,
                  0
                ],
                [
                  -68.7464031996162,
                  -19.13960943542392,
                  0
                ],
                [
                  -68.7745081926192,
                  -19.11839851484262,
                  0
                ],
                [
                  -68.80752639744888,
                  -19.0841638986895,
                  0
                ],
                [
                  -68.87015489673652,
                  -19.06003527383561,
                  0
                ],
                [
                  -68.8891050957878,
                  -19.04585961808754,
                  0
                ],
                [
                  -68.90104771985226,
                  -19.01078031420111,
                  0
                ],
                [
                  -68.91710288481275,
                  -18.97492461249467,
                  0
                ],
                [
                  -68.94459690472308,
                  -18.93836676087765,
                  0
                ],
                [
                  -68.99073992578087,
                  -18.95337413002578,
                  0
                ]
              ]
            ]
          },
          {
            "type": "Polygon",
            "coordinates": [
              [
                [
                  -67.55203461378198,
                  -54.89940570847066,
                  0
                ],
                [
                  -67.53168470474247,
                  -54.91177588942323,
                  0
                ],
                [
                  -67.50674152576649,
                  -54.91704947797145,
                  0
                ],
                [
                  -67.48135623600315,
                  -54.91973885744764,
                  0
                ],
                [
                  -67.4700114122307,
                  -54.91215109198931,
                  0
                ],
                [
                  -67.45498247700405,
                  -54.90888115928936,
                  0
                ],
                [
                  -67.42636847967364,
                  -54.9139097366999,
                  0
                ],
                [
                  -67.39140776371092,
                  -54.91408360359313,
                  0
                ],
                [
                  -67.35317417185175,
                  -54.90812751057288,
                  0
                ],
                [
                  -67.32881694910009,
                  -54.89816269579373,
                  0
                ],
                [
                  -67.34024381821247,
                  -54.88677839586234,
                  0
                ],
                [
                  -67.35842536762631,
                  -54.88174422728479,
                  0
                ],
                [
                  -67.37198647814314,
                  -54.88959124226481,
                  0
                ],
                [
                  -67.38065331022247,
                  -54.88767147438212,
                  0
                ],
                [
                  -67.4014241462172,
                  -54.8927510367517,
                  0
                ],
                [
                  -67.41096906800425,
                  -54.89121566331516,
                  0
                ],
                [
                  -67.41975259153813,
                  -54.88203303798322,
                  0
                ],
                [
                  -67.42576425460273,
                  -54.88159230971489,
                  0
                ],
                [
                  -67.43580093004758,
                  -54.88098948695298,
                  0
                ],
                [
                  -67.44041203975915,
                  -54.88260337004315,
                  0
                ],
                [
                  -67.44411650086421,
                  -54.87944867052473,
                  0
                ],
                [
                  -67.4463094523192,
                  -54.87725885739498,
                  0
                ],
                [
                  -67.4466346427517,
                  -54.87196509935595,
                  0
                ],
                [
                  -67.46610355638578,
                  -54.86866101475207,
                  0
                ],
                [
                  -67.48607375128769,
                  -54.86770191400076,
                  0
                ],
                [
                  -67.51064881539455,
                  -54.86643697591302,
                  0
                ],
                [
                  -67.55974743987372,
                  -54.88021187308293,
                  0
                ],
                [
                  -67.55203461378198,
                  -54.89940570847066,
                  0
                ]
              ]
            ]
          },
          {
            "type": "Polygon",
            "coordinates": [
              [
                [
                  -68.2682441520904,
                  -54.8752090067047,
                  0
                ],
                [
                  -68.24784326867868,
                  -54.8809476261967,
                  0
                ],
                [
                  -68.22342121684179,
                  -54.88299610802486,
                  0
                ],
                [
                  -68.17495267402421,
                  -54.88083704491789,
                  0
                ],
                [
                  -68.16051549514407,
                  -54.87845017170155,
                  0
                ],
                [
                  -68.08082483490111,
                  -54.87442945751625,
                  0
                ],
                [
                  -68.07275838060794,
                  -54.86971376664403,
                  0
                ],
                [
                  -68.09306489832989,
                  -54.86681299668574,
                  0
                ],
                [
                  -68.15478797237891,
                  -54.86595566417602,
                  0
                ],
                [
                  -68.15799500825575,
                  -54.85397282414258,
                  0
                ],
                [
                  -68.22369855741142,
                  -54.84557254029427,
                  0
                ],
                [
                  -68.24537605289017,
                  -54.84220055022266,
                  0
                ],
                [
                  -68.25130858970515,
                  -54.83352561660847,
                  0
                ],
                [
                  -68.2601760817929,
                  -54.83389164508453,
                  0
                ],
                [
                  -68.26050219006076,
                  -54.83383629977416,
                  0
                ],
                [
                  -68.25839771143488,
                  -54.84163830454902,
                  0
                ],
                [
                  -68.2609662884679,
                  -54.84604816403107,
                  0
                ],
                [
                  -68.2682441520904,
                  -54.8752090067047,
                  0
                ]
              ]
            ]
          }
        ]
      },
      "properties": {
        "name": "Chile 1880",
        "styleUrl": "#failed1",
        "ADMIN": "Chile",
        "ISO_A3": "CHL"
      },
      "id": "0"
    }
  ]
}
