{
  "type": "FeatureCollection",
  "features": [
    {
      "type": "Feature",
      "geometry": {
        "type": "GeometryCollection",
        "geometries": [
          {
            "type": "Polygon",
            "coordinates": [
              [
                [
                  -67.28772108721037,
                  -55.79966887279959,
                  0
                ],
                [
                  -67.42199190475536,
                  -55.82027318983383,
                  0
                ],
                [
                  -67.3382647226654,
                  -55.86496718258515,
                  0
                ],
                [
                  -67.1811440552678,
                  -55.89760064658515,
                  0
                ],
                [
                  -67.21721166266539,
                  -55.85178358958514,
                  0
                ],
                [
                  -67.28772108721037,
                  -55.79966887279959,
                  0
                ]
              ]
            ]
          },
          {
            "type": "Polygon",
            "coordinates": [
              [
                [
                  -73.54556797150035,
                  -36.9734375478247,
                  0
                ],
                [
                  -73.56256600729687,
                  -37.02669418863979,
                  0
                ],
                [
                  -73.54752928332296,
                  -37.07261111308793,
                  0
                ],
                [
                  -73.52007091780588,
                  -37.08825825991286,
                  0
                ],
                [
                  -73.5037266526175,
                  -37.04913433823562,
                  0
                ],
                [
                  -73.46907681041692,
                  -37.05800419590861,
                  0
                ],
                [
                  -73.46842303980938,
                  -37.02721612790265,
                  0
                ],
                [
                  -73.49784271714907,
                  -37.01207843325556,
                  0
                ],
                [
                  -73.51614829416064,
                  -36.99380478567383,
                  0
                ],
                [
                  -73.52137845902097,
                  -36.96403544530399,
                  0
                ],
                [
                  -73.54622174210787,
                  -36.95724431572125,
                  0
                ],
                [
                  -73.54556797150035,
                  -36.9734375478247,
                  0
                ]
              ]
            ]
          },
          {
            "type": "Polygon",
            "coordinates": [
              [
                [
                  -80.0792368186654,
                  -26.31575694858515,
                  0
                ],
                [
                  -80.09057080866539,
                  -26.27993094858515,
                  0
                ],
                [
                  -80.1214615886654,
                  -26.29442618258514,
                  0
                ],
                [
                  -80.0792368186654,
                  -26.31575694858515,
                  0
                ]
              ]
            ]
          },
          {
            "type": "Polygon",
            "coordinates": [
              [
                [
                  -79.85884177765145,
                  -26.34577884986158,
                  0
                ],
                [
                  -79.8831183616264,
                  -26.33228994163692,
                  0
                ],
                [
                  -79.90873015772,
                  -26.33500960611464,
                  0
                ],
                [
                  -79.91324889268425,
                  -26.35606126074263,
                  0
                ],
                [
                  -79.85884177765145,
                  -26.34577884986158,
                  0
                ]
              ]
            ]
          },
          {
            "type": "Polygon",
            "coordinates": [
              [
                [
                  -105.367095544295,
                  -26.46865585210495,
                  0
                ],
                [
                  -105.3662571857226,
                  -26.47280022760602,
                  0
                ],
                [
                  -105.3640700294836,
                  -26.47704959180463,
                  0
                ],
                [
                  -105.3581048300683,
                  -26.47512888160364,
                  0
                ],
                [
                  -105.3600545012306,
                  -26.47013944413009,
                  0
                ],
                [
                  -105.367095544295,
                  -26.46865585210495,
                  0
                ]
              ]
            ]
          },
          {
            "type": "Polygon",
            "coordinates": [
              [
                [
                  -67.19259150614643,
                  -55.97631353191779,
                  0
                ],
                [
                  -67.25507624538241,
                  -55.91171355335551,
                  0
                ],
                [
                  -67.37867243288218,
                  -55.91864013435806,
                  0
                ],
                [
                  -67.30156912747452,
                  -55.98188042918985,
                  0
                ],
                [
                  -67.19259150614643,
                  -55.97631353191779,
                  0
                ]
              ]
            ]
          },
          {
            "type": "Polygon",
            "coordinates": [
              [
                [
                  -68.68596199368591,
                  -56.53251386535776,
                  0
                ],
                [
                  -68.71033790870322,
                  -56.43867939207358,
                  0
                ],
                [
                  -68.7608063519323,
                  -56.44323429605764,
                  0
                ],
                [
                  -68.75536840795614,
                  -56.53235817778683,
                  0
                ],
                [
                  -68.68596199368591,
                  -56.53251386535776,
                  0
                ]
              ]
            ]
          },
          {
            "type": "Polygon",
            "coordinates": [
              [
                [
                  -67.04349660396326,
                  -55.91379530758515,
                  0
                ],
                [
                  -67.0596192026578,
                  -55.80659853010742,
                  0
                ],
                [
                  -67.1567868576654,
                  -55.83363580258515,
                  0
                ],
                [
                  -67.1647214276654,
                  -55.87969700058515,
                  0
                ],
                [
                  -67.04349660396326,
                  -55.91379530758515,
                  0
                ]
              ]
            ]
          },
          {
            "type": "Polygon",
            "coordinates": [
              [
                [
                  -67.45800486804673,
                  -55.79103711528249,
                  0
                ],
                [
                  -67.68200097043963,
                  -55.78668443535756,
                  0
                ],
                [
                  -67.8004636156654,
                  -55.81247694858514,
                  0
                ],
                [
                  -67.93680591047995,
                  -55.81719354692945,
                  0
                ],
                [
                  -67.90442186188255,
                  -55.88081331902047,
                  0
                ],
                [
                  -67.72963183381401,
                  -55.91880418681168,
                  0
                ],
                [
                  -67.66144281473393,
                  -55.90285447150495,
                  0
                ],
                [
                  -67.64059785966539,
                  -55.91416016158514,
                  0
                ],
                [
                  -67.58920697169413,
                  -55.91860514954767,
                  0
                ],
                [
                  -67.45561239129498,
                  -55.85460284781311,
                  0
                ],
                [
                  -67.45800486804673,
                  -55.79103711528249,
                  0
                ]
              ]
            ]
          },
          {
            "type": "Polygon",
            "coordinates": [
              [
                [
                  -67.27249317474458,
                  -55.57643603205511,
                  0
                ],
                [
                  -67.40375946165295,
                  -55.54270024561526,
                  0
                ],
                [
                  -67.48893344893223,
                  -55.59496602650913,
                  0
                ],
                [
                  -67.4066240976654,
                  -55.69943983958515,
                  0
                ],
                [
                  -67.5056638106654,
                  -55.65411106358515,
                  0
                ],
                [
                  -67.5388669356654,
                  -55.66013319858514,
                  0
                ],
                [
                  -67.58506054589625,
                  -55.73370798661293,
                  0
                ],
                [
                  -67.41863796190567,
                  -55.77675316634966,
                  0
                ],
                [
                  -67.16838029841189,
                  -55.81349489517811,
                  0
                ],
                [
                  -67.21587358532354,
                  -55.68809943509144,
                  0
                ],
                [
                  -67.3616208416654,
                  -55.70627577658514,
                  0
                ],
                [
                  -67.27249317474458,
                  -55.57643603205511,
                  0
                ]
              ]
            ]
          },
          {
            "type": "Polygon",
            "coordinates": [
              [
                [
                  -67.65794097762,
                  -55.72259950021219,
                  0
                ],
                [
                  -67.49412790413918,
                  -55.61415115082119,
                  0
                ],
                [
                  -67.58513158466539,
                  -55.55417616758515,
                  0
                ],
                [
                  -67.61855114415609,
                  -55.48420024760745,
                  0
                ],
                [
                  -67.71718999553575,
                  -55.49537723557763,
                  0
                ],
                [
                  -67.69977463153572,
                  -55.55548161914578,
                  0
                ],
                [
                  -67.75548625271078,
                  -55.60170320424837,
                  0
                ],
                [
                  -67.65794097762,
                  -55.72259950021219,
                  0
                ]
              ]
            ]
          },
          {
            "type": "Polygon",
            "coordinates": [
              [
                [
                  -69.6559730556654,
                  -55.36423476158514,
                  0
                ],
                [
                  -69.80156224866539,
                  -55.33265924058513,
                  0
                ],
                [
                  -69.77421849866539,
                  -55.38051080258514,
                  0
                ],
                [
                  -69.7025632246654,
                  -55.40899387558515,
                  0
                ],
                [
                  -69.6559730556654,
                  -55.36423476158514,
                  0
                ]
              ]
            ]
          },
          {
            "type": "Polygon",
            "coordinates": [
              [
                [
                  -66.8576144905131,
                  -55.35327052858392,
                  0
                ],
                [
                  -66.74280692219291,
                  -55.31358359363503,
                  0
                ],
                [
                  -66.80671474123069,
                  -55.28250755754116,
                  0
                ],
                [
                  -66.86416592268128,
                  -55.21607464024648,
                  0
                ],
                [
                  -66.97734830737154,
                  -55.21904553688614,
                  0
                ],
                [
                  -67.07143559430128,
                  -55.26224274455256,
                  0
                ],
                [
                  -67.03223412249669,
                  -55.34894042750513,
                  0
                ],
                [
                  -66.8576144905131,
                  -55.35327052858392,
                  0
                ]
              ]
            ]
          },
          {
            "type": "Polygon",
            "coordinates": [
              [
                [
                  -66.4715655036654,
                  -55.18243137558515,
                  0
                ],
                [
                  -66.5346351646654,
                  -55.16281874558515,
                  0
                ],
                [
                  -66.66151792569188,
                  -55.20487022744623,
                  0
                ],
                [
                  -66.6562649134753,
                  -55.26661260219991,
                  0
                ],
                [
                  -66.65779611758653,
                  -55.2908515691725,
                  0
                ],
                [
                  -66.56914037366539,
                  -55.28171522958515,
                  0
                ],
                [
                  -66.54128030140782,
                  -55.2816879187756,
                  0
                ],
                [
                  -66.50120863976024,
                  -55.27509187406213,
                  0
                ],
                [
                  -66.5038327556654,
                  -55.25803358958515,
                  0
                ],
                [
                  -66.47987139226923,
                  -55.23122200286342,
                  0
                ],
                [
                  -66.41088872543115,
                  -55.2238878807266,
                  0
                ],
                [
                  -66.42617377340217,
                  -55.18895425026058,
                  0
                ],
                [
                  -66.4715655036654,
                  -55.18243137558515,
                  0
                ]
              ]
            ]
          },
          {
            "type": "Polygon",
            "coordinates": [
              [
                [
                  -66.80498807966562,
                  -55.11379127584593,
                  0
                ],
                [
                  -66.8524685702269,
                  -55.019819742263,
                  0
                ],
                [
                  -67.05439039071393,
                  -54.98036091663444,
                  0
                ],
                [
                  -67.07170907120181,
                  -55.01822701504519,
                  0
                ],
                [
                  -66.9201126866163,
                  -55.08756862901806,
                  0
                ],
                [
                  -66.8345462600556,
                  -55.13112686407919,
                  0
                ],
                [
                  -66.80498807966562,
                  -55.11379127584593,
                  0
                ]
              ]
            ]
          },
          {
            "type": "Polygon",
            "coordinates": [
              [
                [
                  -68.3455075606654,
                  -54.99851210458515,
                  0
                ],
                [
                  -68.39848808052844,
                  -54.95888247580876,
                  0
                ],
                [
                  -68.4409665446654,
                  -54.93975559458514,
                  0
                ],
                [
                  -68.5133949306654,
                  -54.92893202658514,
                  0
                ],
                [
                  -68.5750811286654,
                  -54.94219700058515,
                  0
                ],
                [
                  -68.7352780686654,
                  -54.94968397958515,
                  0
                ],
                [
                  -68.8341957116654,
                  -54.98158502158515,
                  0
                ],
                [
                  -69.3194658936654,
                  -54.99338515158513,
                  0
                ],
                [
                  -69.4263181076654,
                  -55.03138970858515,
                  0
                ],
                [
                  -69.52739232666539,
                  -55.03204075058515,
                  0
                ],
                [
                  -69.6500729906654,
                  -55.05173476158513,
                  0
                ],
                [
                  -69.8857907636654,
                  -55.06361627158515,
                  0
                ],
                [
                  -69.94739558166539,
                  -55.08713515158515,
                  0
                ],
                [
                  -70.03129857666539,
                  -55.15329726158514,
                  0
                ],
                [
                  -69.95939916266539,
                  -55.16184218258515,
                  0
                ],
                [
                  -69.8522214276654,
                  -55.21555312058515,
                  0
                ],
                [
                  -69.8478675866654,
                  -55.25795220858514,
                  0
                ],
                [
                  -69.7167233806654,
                  -55.24379205258515,
                  0
                ],
                [
                  -69.7294593836654,
                  -55.29115533358516,
                  0
                ],
                [
                  -69.60747045166539,
                  -55.36553684458514,
                  0
                ],
                [
                  -69.5038734466654,
                  -55.38051080258514,
                  0
                ],
                [
                  -69.4513425216654,
                  -55.40891249558515,
                  0
                ],
                [
                  -69.43689753466539,
                  -55.49135064658515,
                  0
                ],
                [
                  -69.3462399826654,
                  -55.46726210458515,
                  0
                ],
                [
                  -69.2992022226654,
                  -55.49037408358515,
                  0
                ],
                [
                  -69.2262041756654,
                  -55.46986627158515,
                  0
                ],
                [
                  -69.2059811936654,
                  -55.43780246958514,
                  0
                ],
                [
                  -69.2987139406654,
                  -55.41379530758515,
                  0
                ],
                [
                  -69.2432126386654,
                  -55.38392877158515,
                  0
                ],
                [
                  -69.39262670166539,
                  -55.28741184458514,
                  0
                ],
                [
                  -69.4514645916654,
                  -55.27121718258515,
                  0
                ],
                [
                  -69.2719398526654,
                  -55.21351861558514,
                  0
                ],
                [
                  -69.3207679776654,
                  -55.13962538658513,
                  0
                ],
                [
                  -69.2495602946654,
                  -55.14434543858515,
                  0
                ],
                [
                  -69.2125323006654,
                  -55.21652968258515,
                  0
                ],
                [
                  -69.16468073766539,
                  -55.24216444858514,
                  0
                ],
                [
                  -68.9689206466654,
                  -55.26096327658514,
                  0
                ],
                [
                  -68.9040199306654,
                  -55.22279595858515,
                  0
                ],
                [
                  -68.8556393966654,
                  -55.25754530758515,
                  0
                ],
                [
                  -68.9503252686654,
                  -55.38116184458514,
                  0
                ],
                [
                  -68.7858151776654,
                  -55.33200819858514,
                  0
                ],
                [
                  -68.8277666756654,
                  -55.38734674058514,
                  0
                ],
                [
                  -68.9040199306654,
                  -55.38734674058514,
                  0
                ],
                [
                  -68.9671709726654,
                  -55.42998996958514,
                  0
                ],
                [
                  -68.8651608806654,
                  -55.50534804258515,
                  0
                ],
                [
                  -68.7681149826654,
                  -55.49265272958515,
                  0
                ],
                [
                  -68.7313311286654,
                  -55.46498345858515,
                  0
                ],
                [
                  -68.66858378440699,
                  -55.63160501018,
                  0
                ],
                [
                  -68.46117858165289,
                  -55.59694729886208,
                  0
                ],
                [
                  -68.34591888495366,
                  -55.55644517187624,
                  0
                ],
                [
                  -68.29292610747434,
                  -55.56927975736759,
                  0
                ],
                [
                  -68.28361791266539,
                  -55.58957655758515,
                  0
                ],
                [
                  -68.28905807571374,
                  -55.62223275668831,
                  0
                ],
                [
                  -68.2332496770695,
                  -55.64396325068569,
                  0
                ],
                [
                  -68.15312474866539,
                  -55.59633111558513,
                  0
                ],
                [
                  -68.1436032636654,
                  -55.67299127158515,
                  0
                ],
                [
                  -68.0713376386654,
                  -55.71628554258515,
                  0
                ],
                [
                  -67.96010748102037,
                  -55.68582585838817,
                  0
                ],
                [
                  -67.9794186936654,
                  -55.59763319858514,
                  0
                ],
                [
                  -67.9583420888956,
                  -55.53387694183243,
                  0
                ],
                [
                  -67.98858024835644,
                  -55.47328014239154,
                  0
                ],
                [
                  -68.02882957570381,
                  -55.45509308140719,
                  0
                ],
                [
                  -68.00277569207255,
                  -55.41719462199924,
                  0
                ],
                [
                  -68.03090250647047,
                  -55.38501910770481,
                  0
                ],
                [
                  -68.21801993455519,
                  -55.34515291970568,
                  0
                ],
                [
                  -68.3451413496654,
                  -55.34405246958514,
                  0
                ],
                [
                  -68.4478024826654,
                  -55.32639296458515,
                  0
                ],
                [
                  -68.6315183026654,
                  -55.32663710458515,
                  0
                ],
                [
                  -68.6166257246654,
                  -55.30596653158515,
                  0
                ],
                [
                  -68.4998858156654,
                  -55.31150038658514,
                  0
                ],
                [
                  -68.4313636806654,
                  -55.29856093258515,
                  0
                ],
                [
                  -68.14923596440264,
                  -55.2935112867962,
                  0
                ],
                [
                  -68.17057085026696,
                  -55.25317604764496,
                  0
                ],
                [
                  -68.20900198664854,
                  -55.15653912740561,
                  0
                ],
                [
                  -68.39148959030979,
                  -55.15770132599128,
                  0
                ],
                [
                  -68.51684142462258,
                  -55.17373327557266,
                  0
                ],
                [
                  -68.6086097746654,
                  -55.17543267758515,
                  0
                ],
                [
                  -68.80852771680239,
                  -55.13549246735545,
                  0
                ],
                [
                  -68.9482907636654,
                  -55.11097955258515,
                  0
                ],
                [
                  -68.8903480556654,
                  -55.07883437058515,
                  0
                ],
                [
                  -68.8257321696654,
                  -55.11521132358514,
                  0
                ],
                [
                  -68.57800383900249,
                  -55.16314274089687,
                  0
                ],
                [
                  -68.41199881971892,
                  -55.14864947845449,
                  0
                ],
                [
                  -68.26202183064476,
                  -55.1257083697456,
                  0
                ],
                [
                  -68.27225852847869,
                  -55.04947830162541,
                  0
                ],
                [
                  -68.3455075606654,
                  -54.99851210458515,
                  0
                ]
              ]
            ]
          },
          {
            "type": "Polygon",
            "coordinates": [
              [
                [
                  -67.80099132162236,
                  -54.89969314130106,
                  0
                ],
                [
                  -67.94576759306176,
                  -54.88878938474743,
                  0
                ],
                [
                  -68.34000248595451,
                  -54.89966635120672,
                  0
                ],
                [
                  -68.40631325401274,
                  -54.93244651178328,
                  0
                ],
                [
                  -68.31621183847595,
                  -55.00498268348801,
                  0
                ],
                [
                  -68.18824011586355,
                  -55.00622215911198,
                  0
                ],
                [
                  -68.1637448656654,
                  -55.05490858958516,
                  0
                ],
                [
                  -68.18791478766539,
                  -55.10446913658514,
                  0
                ],
                [
                  -68.1567054776654,
                  -55.19610325058515,
                  0
                ],
                [
                  -68.10782867675701,
                  -55.23792528476961,
                  0
                ],
                [
                  -68.02369963133404,
                  -55.24598059624907,
                  0
                ],
                [
                  -68.00673989844654,
                  -55.25415221931864,
                  0
                ],
                [
                  -67.91391251523747,
                  -55.27281817890668,
                  0
                ],
                [
                  -67.82108513202839,
                  -55.29148413849471,
                  0
                ],
                [
                  -67.8004636156654,
                  -55.26438124558515,
                  0
                ],
                [
                  -67.59487249048298,
                  -55.2849477111675,
                  0
                ],
                [
                  -67.59833430102259,
                  -55.20789140543727,
                  0
                ],
                [
                  -67.51768026714582,
                  -55.18497964443995,
                  0
                ],
                [
                  -67.44267971298349,
                  -55.21066755438696,
                  0
                ],
                [
                  -67.48542762765877,
                  -55.26841920960484,
                  0
                ],
                [
                  -67.43181719301681,
                  -55.3331832952816,
                  0
                ],
                [
                  -67.22092521838557,
                  -55.33192501327359,
                  0
                ],
                [
                  -67.2113783641525,
                  -55.29966500521688,
                  0
                ],
                [
                  -67.07468359444634,
                  -55.21146150263135,
                  0
                ],
                [
                  -67.03179741377045,
                  -55.15019914138269,
                  0
                ],
                [
                  -67.05047583062257,
                  -55.07441527201038,
                  0
                ],
                [
                  -67.13759076304896,
                  -54.94880151722582,
                  0
                ],
                [
                  -67.30500060211894,
                  -54.91992954318071,
                  0
                ],
                [
                  -67.6496253996654,
                  -54.92111952658514,
                  0
                ],
                [
                  -67.71787458027468,
                  -54.91493642314769,
                  0
                ],
                [
                  -67.80099132162236,
                  -54.89969314130106,
                  0
                ]
              ]
            ]
          },
          {
            "type": "Polygon",
            "coordinates": [
              [
                [
                  -70.50525690966539,
                  -54.95082330258516,
                  0
                ],
                [
                  -70.3154782636654,
                  -54.90801731358515,
                  0
                ],
                [
                  -70.3502683026654,
                  -54.89377577658514,
                  0
                ],
                [
                  -70.4918698656654,
                  -54.90004205258515,
                  0
                ],
                [
                  -70.6102780686654,
                  -54.94219700058515,
                  0
                ],
                [
                  -70.6450681076654,
                  -54.96897108958515,
                  0
                ],
                [
                  -70.7952959726654,
                  -54.97637668858515,
                  0
                ],
                [
                  -70.9051999436654,
                  -54.94846327658514,
                  0
                ],
                [
                  -70.98702774266539,
                  -54.94846327658514,
                  0
                ],
                [
                  -70.99093399266539,
                  -55.03366835458516,
                  0
                ],
                [
                  -70.9119951906654,
                  -55.07883437058515,
                  0
                ],
                [
                  -70.8566566496654,
                  -55.05857069858514,
                  0
                ],
                [
                  -70.71562474866539,
                  -55.12286106358515,
                  0
                ],
                [
                  -70.6301755296654,
                  -55.07688124558515,
                  0
                ],
                [
                  -70.5134763106654,
                  -55.10666640158513,
                  0
                ],
                [
                  -70.5687334726654,
                  -55.15818007358514,
                  0
                ],
                [
                  -70.4458493576654,
                  -55.17502577658515,
                  0
                ],
                [
                  -70.3973874436654,
                  -55.10666640158513,
                  0
                ],
                [
                  -70.3382647226654,
                  -55.12855767758514,
                  0
                ],
                [
                  -70.2670570396654,
                  -55.11293267758515,
                  0
                ],
                [
                  -70.3092526776654,
                  -55.02797174058514,
                  0
                ],
                [
                  -70.4079261806654,
                  -55.05206028158515,
                  0
                ],
                [
                  -70.5420407636654,
                  -55.01901991758515,
                  0
                ],
                [
                  -70.6512530036654,
                  -55.03098280758515,
                  0
                ],
                [
                  -70.72966283466539,
                  -55.01340468258515,
                  0
                ],
                [
                  -70.71953099866539,
                  -54.98321262558514,
                  0
                ],
                [
                  -70.5966061936654,
                  -55.00363905758515,
                  0
                ],
                [
                  -70.5094886806654,
                  -54.98825819858514,
                  0
                ],
                [
                  -70.50525690966539,
                  -54.95082330258516,
                  0
                ]
              ]
            ]
          },
          {
            "type": "Polygon",
            "coordinates": [
              [
                [
                  -69.50916315966539,
                  -54.90818007358514,
                  0
                ],
                [
                  -69.5135576906654,
                  -54.89377577658514,
                  0
                ],
                [
                  -69.67127253466539,
                  -54.86651340658515,
                  0
                ],
                [
                  -69.8361488366654,
                  -54.87229140158514,
                  0
                ],
                [
                  -69.9281084726654,
                  -54.89768202658514,
                  0
                ],
                [
                  -69.9501625086654,
                  -54.95293918858516,
                  0
                ],
                [
                  -69.8619870526654,
                  -55.03903944858514,
                  0
                ],
                [
                  -69.6370928476654,
                  -55.02414687058515,
                  0
                ],
                [
                  -69.5911130296654,
                  -55.00404595858515,
                  0
                ],
                [
                  -69.49846166266539,
                  -55.00583632358514,
                  0
                ],
                [
                  -69.3317136156654,
                  -54.97971327658513,
                  0
                ],
                [
                  -69.2082191496654,
                  -54.97019179258515,
                  0
                ],
                [
                  -69.2347490976654,
                  -54.93194309458515,
                  0
                ],
                [
                  -69.42619603766539,
                  -54.89963515158515,
                  0
                ],
                [
                  -69.50916315966539,
                  -54.90818007358514,
                  0
                ]
              ]
            ]
          },
          {
            "type": "Polygon",
            "coordinates": [
              [
                [
                  -70.4115475996654,
                  -54.85031874558515,
                  0
                ],
                [
                  -70.6069007896654,
                  -54.83233371958514,
                  0
                ],
                [
                  -70.6913734466654,
                  -54.87595351158513,
                  0
                ],
                [
                  -70.67835261266539,
                  -54.89825168858515,
                  0
                ],
                [
                  -70.58069636266539,
                  -54.89792616758514,
                  0
                ],
                [
                  -70.4115475996654,
                  -54.85031874558515,
                  0
                ]
              ]
            ]
          },
          {
            "type": "Polygon",
            "coordinates": [
              [
                [
                  -71.3453854906654,
                  -54.82859022958515,
                  0
                ],
                [
                  -71.45939916266539,
                  -54.87953424058514,
                  0
                ],
                [
                  -71.4122800216654,
                  -54.93820937058515,
                  0
                ],
                [
                  -71.3180010506654,
                  -54.94162733958516,
                  0
                ],
                [
                  -71.2819089276654,
                  -54.86993137558514,
                  0
                ],
                [
                  -71.2096433026654,
                  -54.86797825058515,
                  0
                ],
                [
                  -71.2046384196654,
                  -54.90647108958515,
                  0
                ],
                [
                  -71.0640948006654,
                  -54.94968397958515,
                  0
                ],
                [
                  -70.94796524266539,
                  -54.88693983958515,
                  0
                ],
                [
                  -71.00598933166539,
                  -54.85772434458514,
                  0
                ],
                [
                  -71.0776852946654,
                  -54.88018528158515,
                  0
                ],
                [
                  -71.14763158466539,
                  -54.84006483958515,
                  0
                ],
                [
                  -71.2033363366654,
                  -54.84600559458514,
                  0
                ],
                [
                  -71.3453854906654,
                  -54.82859022958515,
                  0
                ]
              ]
            ]
          },
          {
            "type": "Polygon",
            "coordinates": [
              [
                [
                  -72.0114011156654,
                  -54.63995090658515,
                  0
                ],
                [
                  -71.9913408936654,
                  -54.69895155758515,
                  0
                ],
                [
                  -72.0094886806654,
                  -54.73793267758516,
                  0
                ],
                [
                  -71.92619603766539,
                  -54.73679335458515,
                  0
                ],
                [
                  -71.92106908466539,
                  -54.70529921458515,
                  0
                ],
                [
                  -72.0114011156654,
                  -54.63995090658515,
                  0
                ]
              ]
            ]
          },
          {
            "type": "Polygon",
            "coordinates": [
              [
                [
                  -72.9573937596654,
                  -54.44663405958515,
                  0
                ],
                [
                  -73.05453279066539,
                  -54.45614886858516,
                  0
                ],
                [
                  -72.9889304946654,
                  -54.49574182758516,
                  0
                ],
                [
                  -72.9573937596654,
                  -54.44663405958515,
                  0
                ]
              ]
            ]
          },
          {
            "type": "Polygon",
            "coordinates": [
              [
                [
                  -72.3401364666654,
                  -54.33135715658514,
                  0
                ],
                [
                  -72.4067054776654,
                  -54.30612929258515,
                  0
                ],
                [
                  -72.53260065966539,
                  -54.36309543858516,
                  0
                ],
                [
                  -72.4775876386654,
                  -54.42315403158515,
                  0
                ],
                [
                  -72.4350257896654,
                  -54.37725559458514,
                  0
                ],
                [
                  -72.3606442796654,
                  -54.37985976158515,
                  0
                ],
                [
                  -72.3401364666654,
                  -54.33135715658514,
                  0
                ]
              ]
            ]
          },
          {
            "type": "Polygon",
            "coordinates": [
              [
                [
                  -70.3844073006654,
                  -54.18812799058514,
                  0
                ],
                [
                  -70.4552487716654,
                  -54.15362278158516,
                  0
                ],
                [
                  -70.5209225996654,
                  -54.17445611558514,
                  0
                ],
                [
                  -70.4589108806654,
                  -54.23597955258516,
                  0
                ],
                [
                  -70.2692543056654,
                  -54.27113580258515,
                  0
                ],
                [
                  -70.2261227946654,
                  -54.21547174058513,
                  0
                ],
                [
                  -70.3130368576654,
                  -54.18471002158515,
                  0
                ],
                [
                  -70.3844073006654,
                  -54.18812799058514,
                  0
                ]
              ]
            ]
          },
          {
            "type": "Polygon",
            "coordinates": [
              [
                [
                  -72.2560300216654,
                  -54.10023736558514,
                  0
                ],
                [
                  -72.3143796306654,
                  -54.06312799058514,
                  0
                ],
                [
                  -72.3929522226654,
                  -54.09454075058515,
                  0
                ],
                [
                  -72.3302487716654,
                  -54.14035780758515,
                  0
                ],
                [
                  -72.36833470966539,
                  -54.16770155758515,
                  0
                ],
                [
                  -72.43986791266539,
                  -54.17136366758515,
                  0
                ],
                [
                  -72.5151852946654,
                  -54.20236952658513,
                  0
                ],
                [
                  -72.5015134196654,
                  -54.24281549058514,
                  0
                ],
                [
                  -72.4263181076654,
                  -54.25469700058514,
                  0
                ],
                [
                  -72.3783444746654,
                  -54.22385390158514,
                  0
                ],
                [
                  -72.3013181076654,
                  -54.25144179258515,
                  0
                ],
                [
                  -72.2504554776654,
                  -54.19756809458514,
                  0
                ],
                [
                  -72.23702774266539,
                  -54.14467095858515,
                  0
                ],
                [
                  -72.2560300216654,
                  -54.10023736558514,
                  0
                ]
              ]
            ]
          },
          {
            "type": "Polygon",
            "coordinates": [
              [
                [
                  -70.2931173836654,
                  -54.06851938658514,
                  0
                ],
                [
                  -70.5135064986654,
                  -54.09133022158514,
                  0
                ],
                [
                  -70.40494922566539,
                  -54.15048605858514,
                  0
                ],
                [
                  -70.3226906456654,
                  -54.15076974958513,
                  0
                ],
                [
                  -70.2931173836654,
                  -54.06851938658514,
                  0
                ]
              ]
            ]
          },
          {
            "type": "Polygon",
            "coordinates": [
              [
                [
                  -73.2426429776654,
                  -54.04262017758515,
                  0
                ],
                [
                  -73.3580808026654,
                  -54.02365858958515,
                  0
                ],
                [
                  -73.31319961766539,
                  -54.12123345858515,
                  0
                ],
                [
                  -73.1782712326654,
                  -54.12725559458515,
                  0
                ],
                [
                  -73.1876706466654,
                  -54.05368788658515,
                  0
                ],
                [
                  -73.2426429776654,
                  -54.04262017758515,
                  0
                ]
              ]
            ]
          },
          {
            "type": "Polygon",
            "coordinates": [
              [
                [
                  -71.5238115976654,
                  -53.98606093258515,
                  0
                ],
                [
                  -71.5541664146654,
                  -53.94187147958516,
                  0
                ],
                [
                  -71.6307451906654,
                  -53.95529921458514,
                  0
                ],
                [
                  -71.65686823766539,
                  -53.98321262558515,
                  0
                ],
                [
                  -71.6307451906654,
                  -54.07883437058516,
                  0
                ],
                [
                  -71.5961586026654,
                  -54.08786757358514,
                  0
                ],
                [
                  -71.69963353766539,
                  -54.16623671458515,
                  0
                ],
                [
                  -71.6513343836654,
                  -54.23207330258515,
                  0
                ],
                [
                  -71.4996823656654,
                  -54.21107720858516,
                  0
                ],
                [
                  -71.4923988366654,
                  -54.13523085458514,
                  0
                ],
                [
                  -71.4319333416654,
                  -54.13449843258515,
                  0
                ],
                [
                  -71.4457679776654,
                  -54.18536106358515,
                  0
                ],
                [
                  -71.38098933166539,
                  -54.24631483958515,
                  0
                ],
                [
                  -71.2434567796654,
                  -54.24981418858516,
                  0
                ],
                [
                  -71.3473386156654,
                  -54.30922174058514,
                  0
                ],
                [
                  -71.29497045166539,
                  -54.31784804258515,
                  0
                ],
                [
                  -71.2073239666654,
                  -54.36928033358515,
                  0
                ],
                [
                  -71.11369603766539,
                  -54.37985976158515,
                  0
                ],
                [
                  -71.03398412366539,
                  -54.28969049058514,
                  0
                ],
                [
                  -70.9899574306654,
                  -54.26584608958515,
                  0
                ],
                [
                  -71.01233698766539,
                  -54.10088840658515,
                  0
                ],
                [
                  -71.1122718836654,
                  -54.07053358958515,
                  0
                ],
                [
                  -71.1379066496654,
                  -54.14401991758514,
                  0
                ],
                [
                  -71.2143226646654,
                  -54.15012343258515,
                  0
                ],
                [
                  -71.2823565186654,
                  -54.09486627158515,
                  0
                ],
                [
                  -71.2609535246654,
                  -54.07435845858515,
                  0
                ],
                [
                  -71.3013181076654,
                  -53.99151340658514,
                  0
                ],
                [
                  -71.3754554776654,
                  -53.96921522958515,
                  0
                ],
                [
                  -71.3791175866654,
                  -54.04123671458515,
                  0
                ],
                [
                  -71.4184242276654,
                  -54.04408502158515,
                  0
                ],
                [
                  -71.4631019616654,
                  -53.94162733958515,
                  0
                ],
                [
                  -71.5238115976654,
                  -53.98606093258515,
                  0
                ]
              ]
            ]
          },
          {
            "type": "Polygon",
            "coordinates": [
              [
                [
                  -71.8662595136654,
                  -53.88653293858514,
                  0
                ],
                [
                  -71.9455238366654,
                  -53.85284153158516,
                  0
                ],
                [
                  -72.0323565186654,
                  -53.92429335458515,
                  0
                ],
                [
                  -72.06458308166539,
                  -53.98361952658515,
                  0
                ],
                [
                  -72.1278561936654,
                  -53.93422174058515,
                  0
                ],
                [
                  -72.23181940966539,
                  -53.92510715658515,
                  0
                ],
                [
                  -72.2579831466654,
                  -53.94512668858515,
                  0
                ],
                [
                  -72.2028480556654,
                  -54.00518528158514,
                  0
                ],
                [
                  -72.2278317796654,
                  -54.05840793858515,
                  0
                ],
                [
                  -72.0424476646654,
                  -54.19659153158515,
                  0
                ],
                [
                  -71.9584225996654,
                  -54.20505507358514,
                  0
                ],
                [
                  -71.93669408466539,
                  -54.24590793858515,
                  0
                ],
                [
                  -71.9704261806654,
                  -54.32533502158514,
                  0
                ],
                [
                  -71.8572263106654,
                  -54.31784804258515,
                  0
                ],
                [
                  -71.8367998786654,
                  -54.24948866758515,
                  0
                ],
                [
                  -71.7616859466654,
                  -54.26316054258515,
                  0
                ],
                [
                  -71.8367998786654,
                  -54.16135390158514,
                  0
                ],
                [
                  -71.9153317796654,
                  -54.11683892758515,
                  0
                ],
                [
                  -71.9521156336654,
                  -54.01495090658516,
                  0
                ],
                [
                  -71.8079099046654,
                  -54.14817030758514,
                  0
                ],
                [
                  -71.7132647226654,
                  -54.14776340658515,
                  0
                ],
                [
                  -71.6604489666654,
                  -54.10381809458514,
                  0
                ],
                [
                  -71.7185544356654,
                  -54.08575168858516,
                  0
                ],
                [
                  -71.7018308026654,
                  -54.03073866758514,
                  0
                ],
                [
                  -71.7130612716654,
                  -53.96872694858514,
                  0
                ],
                [
                  -71.6527178476654,
                  -53.92640924058513,
                  0
                ],
                [
                  -71.7270993576654,
                  -53.89865858958515,
                  0
                ],
                [
                  -71.8299639406654,
                  -53.92063124558515,
                  0
                ],
                [
                  -71.8662595136654,
                  -53.88653293858514,
                  0
                ]
              ]
            ]
          },
          {
            "type": "Polygon",
            "coordinates": [
              [
                [
                  -70.4195336006654,
                  -53.87127087558515,
                  0
                ],
                [
                  -70.4214539266654,
                  -53.80257140958515,
                  0
                ],
                [
                  -70.47297077666539,
                  -53.66538961258514,
                  0
                ],
                [
                  -70.4548509176654,
                  -53.61164241358514,
                  0
                ],
                [
                  -70.46934911066539,
                  -53.56635935358515,
                  0
                ],
                [
                  -70.5353675866654,
                  -53.56052382358514,
                  0
                ],
                [
                  -70.5662680856654,
                  -53.62609766358514,
                  0
                ],
                [
                  -70.7126950606654,
                  -53.70147434458515,
                  0
                ],
                [
                  -70.6991045656654,
                  -53.78724908358515,
                  0
                ],
                [
                  -70.6003563196654,
                  -53.82919658158514,
                  0
                ],
                [
                  -70.60592947566539,
                  -53.86516960058515,
                  0
                ],
                [
                  -70.7763847496654,
                  -53.82472345058514,
                  0
                ],
                [
                  -70.8813203716654,
                  -53.84230838858514,
                  0
                ],
                [
                  -70.9003578216654,
                  -53.87375624558515,
                  0
                ],
                [
                  -70.8635739666654,
                  -53.92063124558515,
                  0
                ],
                [
                  -70.8971433026654,
                  -53.94797499558515,
                  0
                ],
                [
                  -70.8840003996654,
                  -54.02707655758515,
                  0
                ],
                [
                  -70.8062823006654,
                  -54.09600559458513,
                  0
                ],
                [
                  -70.8225583416654,
                  -54.11358371958514,
                  0
                ],
                [
                  -70.6854326906654,
                  -54.18812799058514,
                  0
                ],
                [
                  -70.5402503996654,
                  -54.22165663658514,
                  0
                ],
                [
                  -70.53520482666539,
                  -54.15769179258515,
                  0
                ],
                [
                  -70.5824053476654,
                  -54.09934218258515,
                  0
                ],
                [
                  -70.5687334726654,
                  -54.06516249558515,
                  0
                ],
                [
                  -70.6709470136654,
                  -53.96775038658514,
                  0
                ],
                [
                  -70.6103187586654,
                  -53.94846327658514,
                  0
                ],
                [
                  -70.4954698446654,
                  -54.03327586558515,
                  0
                ],
                [
                  -70.43906747066539,
                  -54.06045357058514,
                  0
                ],
                [
                  -70.3845863386654,
                  -54.05040438358515,
                  0
                ],
                [
                  -70.3360920426654,
                  -54.00744771458515,
                  0
                ],
                [
                  -70.4520342536654,
                  -53.88693983958516,
                  0
                ],
                [
                  -70.4195336006654,
                  -53.87127087558515,
                  0
                ]
              ]
            ]
          },
          {
            "type": "Polygon",
            "coordinates": [
              [
                [
                  -73.6876706466654,
                  -53.52325168858514,
                  0
                ],
                [
                  -73.8195472746654,
                  -53.47971327658514,
                  0
                ],
                [
                  -73.8921384196654,
                  -53.52634413658515,
                  0
                ],
                [
                  -73.8534421306654,
                  -53.56565077658514,
                  0
                ],
                [
                  -73.6876706466654,
                  -53.52325168858514,
                  0
                ]
              ]
            ]
          },
          {
            "type": "Polygon",
            "coordinates": [
              [
                [
                  -73.5565264406654,
                  -53.40459934458513,
                  0
                ],
                [
                  -73.5978675866654,
                  -53.39271783358515,
                  0
                ],
                [
                  -73.5932289146654,
                  -53.49004856358515,
                  0
                ],
                [
                  -73.6495440186654,
                  -53.51657851158514,
                  0
                ],
                [
                  -73.48161595966539,
                  -53.57175429258515,
                  0
                ],
                [
                  -73.3922604906654,
                  -53.53073866758515,
                  0
                ],
                [
                  -73.4878415446654,
                  -53.45163710458516,
                  0
                ],
                [
                  -73.3922604906654,
                  -53.41403944858514,
                  0
                ],
                [
                  -73.4482907636654,
                  -53.39157851158514,
                  0
                ],
                [
                  -73.5565264406654,
                  -53.40459934458513,
                  0
                ]
              ]
            ]
          },
          {
            "type": "Polygon",
            "coordinates": [
              [
                [
                  -73.0111976646654,
                  -53.48923476158515,
                  0
                ],
                [
                  -73.0400062586654,
                  -53.43503554258515,
                  0
                ],
                [
                  -73.0324378996654,
                  -53.39035780758515,
                  0
                ],
                [
                  -73.1613441496654,
                  -53.41143528158515,
                  0
                ],
                [
                  -73.1315183026654,
                  -53.48923476158515,
                  0
                ],
                [
                  -73.2228268966654,
                  -53.49395481358515,
                  0
                ],
                [
                  -73.3871742276654,
                  -53.46221653158516,
                  0
                ],
                [
                  -73.4126462326654,
                  -53.49330377158515,
                  0
                ],
                [
                  -73.3398109466654,
                  -53.54799127158515,
                  0
                ],
                [
                  -73.2618893966654,
                  -53.55808241758515,
                  0
                ],
                [
                  -73.29106420166539,
                  -53.60593397958515,
                  0
                ],
                [
                  -73.2584714276654,
                  -53.63523085458515,
                  0
                ],
                [
                  -73.1578854906654,
                  -53.64817030758515,
                  0
                ],
                [
                  -73.0806149826654,
                  -53.63693983958516,
                  0
                ],
                [
                  -72.9737627686654,
                  -53.66989882358514,
                  0
                ],
                [
                  -73.2040280686654,
                  -53.66623671458514,
                  0
                ],
                [
                  -73.3002601646654,
                  -53.63449843258515,
                  0
                ],
                [
                  -73.3361081466654,
                  -53.58900689658515,
                  0
                ],
                [
                  -73.4201332116654,
                  -53.56491835458516,
                  0
                ],
                [
                  -73.4826332116654,
                  -53.58803033358514,
                  0
                ],
                [
                  -73.5845212326654,
                  -53.58282200058515,
                  0
                ],
                [
                  -73.6158933026654,
                  -53.65166965658516,
                  0
                ],
                [
                  -73.49650853766539,
                  -53.66501601158515,
                  0
                ],
                [
                  -73.4846677166654,
                  -53.70090468258515,
                  0
                ],
                [
                  -73.53398412366539,
                  -53.75217421458515,
                  0
                ],
                [
                  -73.3622718836654,
                  -53.71335585458515,
                  0
                ],
                [
                  -73.25265274266539,
                  -53.78610976158514,
                  0
                ],
                [
                  -73.3095375086654,
                  -53.82435845858515,
                  0
                ],
                [
                  -73.2645342536654,
                  -53.93210585458515,
                  0
                ],
                [
                  -73.3375729906654,
                  -53.95529921458514,
                  0
                ],
                [
                  -73.27421849866539,
                  -53.98410780758514,
                  0
                ],
                [
                  -73.20390599866539,
                  -53.98947890158514,
                  0
                ],
                [
                  -73.0829343186654,
                  -54.03195937058514,
                  0
                ],
                [
                  -73.0438718186654,
                  -53.99916314658514,
                  0
                ],
                [
                  -73.1014890056654,
                  -53.91045871958514,
                  0
                ],
                [
                  -73.0662920656654,
                  -53.83135715658515,
                  0
                ],
                [
                  -73.0216550216654,
                  -53.82435845858515,
                  0
                ],
                [
                  -72.8970212326654,
                  -53.86732720858515,
                  0
                ],
                [
                  -72.8160886156654,
                  -53.82102187058515,
                  0
                ],
                [
                  -72.74288711766539,
                  -53.89369439658515,
                  0
                ],
                [
                  -72.83997370666539,
                  -53.96042616758515,
                  0
                ],
                [
                  -72.8075843836654,
                  -54.00583632358514,
                  0
                ],
                [
                  -72.9335609466654,
                  -54.05840793858515,
                  0
                ],
                [
                  -72.89718399266539,
                  -54.12123345858515,
                  0
                ],
                [
                  -72.8168617276654,
                  -54.12668593258515,
                  0
                ],
                [
                  -72.7861000086654,
                  -54.09250624558516,
                  0
                ],
                [
                  -72.7274655686654,
                  -54.09934218258515,
                  0
                ],
                [
                  -72.6585772226654,
                  -54.05149062058515,
                  0
                ],
                [
                  -72.54309870666539,
                  -54.10007460458515,
                  0
                ],
                [
                  -72.5170163496654,
                  -53.99509413658514,
                  0
                ],
                [
                  -72.4540280686654,
                  -54.03830702658513,
                  0
                ],
                [
                  -72.3297198006654,
                  -54.03464491758515,
                  0
                ],
                [
                  -72.32341283466539,
                  -53.98947890158514,
                  0
                ],
                [
                  -72.3849769616654,
                  -53.98109674058514,
                  0
                ],
                [
                  -72.34387995666539,
                  -53.91013319858514,
                  0
                ],
                [
                  -72.3282956466654,
                  -53.83965793858515,
                  0
                ],
                [
                  -72.25069961766539,
                  -53.87758111558513,
                  0
                ],
                [
                  -72.1868161546654,
                  -53.77658827658514,
                  0
                ],
                [
                  -72.2730791756654,
                  -53.75925429258515,
                  0
                ],
                [
                  -72.2340573656654,
                  -53.72881809458514,
                  0
                ],
                [
                  -72.48450495666539,
                  -53.67404921458516,
                  0
                ],
                [
                  -72.39710261266539,
                  -53.63352187058515,
                  0
                ],
                [
                  -72.4811276776654,
                  -53.57175429258515,
                  0
                ],
                [
                  -72.53333308166539,
                  -53.59144830258515,
                  0
                ],
                [
                  -72.6556882246654,
                  -53.53684218258515,
                  0
                ],
                [
                  -72.69080378466539,
                  -53.58444960458515,
                  0
                ],
                [
                  -72.7479733806654,
                  -53.54441054258515,
                  0
                ],
                [
                  -72.7806882246654,
                  -53.48304986558514,
                  0
                ],
                [
                  -72.86137670166539,
                  -53.47051731358516,
                  0
                ],
                [
                  -72.8147458416654,
                  -53.53928358958515,
                  0
                ],
                [
                  -72.8480303476654,
                  -53.61456028158514,
                  0
                ],
                [
                  -72.91077448766539,
                  -53.63213840658515,
                  0
                ],
                [
                  -72.8723630296654,
                  -53.53488905758515,
                  0
                ],
                [
                  -72.9110186286654,
                  -53.50990533358515,
                  0
                ],
                [
                  -72.9349850996654,
                  -53.43576796458516,
                  0
                ],
                [
                  -72.9845863366654,
                  -53.41135390158513,
                  0
                ],
                [
                  -73.0111976646654,
                  -53.48923476158515,
                  0
                ]
              ]
            ]
          },
          {
            "type": "Polygon",
            "coordinates": [
              [
                [
                  -74.18828099866539,
                  -53.32932265158515,
                  0
                ],
                [
                  -74.11593399266539,
                  -53.30743137558515,
                  0
                ],
                [
                  -74.1047849046654,
                  -53.27015924058514,
                  0
                ],
                [
                  -74.1457191496654,
                  -53.24281549058515,
                  0
                ],
                [
                  -74.24353815966539,
                  -53.30287408358515,
                  0
                ],
                [
                  -74.18828099866539,
                  -53.32932265158515,
                  0
                ]
              ]
            ]
          },
          {
            "type": "Polygon",
            "coordinates": [
              [
                [
                  -70.72497022666539,
                  -52.91365241158515,
                  0
                ],
                [
                  -70.64904972166539,
                  -52.87700164158515,
                  0
                ],
                [
                  -70.6866294156654,
                  -52.84743391558515,
                  0
                ],
                [
                  -70.7895553976654,
                  -52.90058512158515,
                  0
                ],
                [
                  -70.72497022666539,
                  -52.91365241158515,
                  0
                ]
              ]
            ]
          },
          {
            "type": "Polygon",
            "coordinates": [
              [
                [
                  -73.6115394616654,
                  -52.82175429258515,
                  0
                ],
                [
                  -73.7480140716654,
                  -52.86928033358515,
                  0
                ],
                [
                  -73.6731442796654,
                  -52.89336887558516,
                  0
                ],
                [
                  -73.6324541756654,
                  -52.87961562058515,
                  0
                ],
                [
                  -73.5017575606654,
                  -52.88596327658514,
                  0
                ],
                [
                  -73.4884518966654,
                  -52.93430312058515,
                  0
                ],
                [
                  -73.4027178476654,
                  -52.95245090658515,
                  0
                ],
                [
                  -73.3851397226654,
                  -52.89768202658514,
                  0
                ],
                [
                  -73.4332354256654,
                  -52.86545546458515,
                  0
                ],
                [
                  -73.5521725996654,
                  -52.85324843258515,
                  0
                ],
                [
                  -73.6115394616654,
                  -52.82175429258515,
                  0
                ]
              ]
            ]
          },
          {
            "type": "Polygon",
            "coordinates": [
              [
                [
                  -74.67424291266539,
                  -52.72133111558513,
                  0
                ],
                [
                  -74.7496823656654,
                  -52.75559218258515,
                  0
                ],
                [
                  -74.7083005296654,
                  -52.78562147958516,
                  0
                ],
                [
                  -74.6085283936654,
                  -52.82142877158515,
                  0
                ],
                [
                  -74.5709714276654,
                  -52.85178358958515,
                  0
                ],
                [
                  -74.5963620526654,
                  -52.92299127158515,
                  0
                ],
                [
                  -74.4248532636654,
                  -52.97385390158514,
                  0
                ],
                [
                  -74.40703099866539,
                  -53.02992486558515,
                  0
                ],
                [
                  -74.3247556076654,
                  -53.04904921458515,
                  0
                ],
                [
                  -74.3181638106654,
                  -53.09738905758515,
                  0
                ],
                [
                  -74.26241836766539,
                  -53.09128554258515,
                  0
                ],
                [
                  -74.21944961766539,
                  -53.04717746958515,
                  0
                ],
                [
                  -74.1695635506654,
                  -53.08982069858514,
                  0
                ],
                [
                  -74.0861081466654,
                  -53.10495741758515,
                  0
                ],
                [
                  -73.9403155036654,
                  -53.07891575058515,
                  0
                ],
                [
                  -73.88025690966539,
                  -53.05775689658514,
                  0
                ],
                [
                  -73.8341550216654,
                  -53.10910780758515,
                  0
                ],
                [
                  -73.76966120666539,
                  -53.10910780758515,
                  0
                ],
                [
                  -73.7609535246654,
                  -53.15069309458514,
                  0
                ],
                [
                  -73.65442683166539,
                  -53.20668267758516,
                  0
                ],
                [
                  -73.6057614666654,
                  -53.21115858958515,
                  0
                ],
                [
                  -73.5594561286654,
                  -53.32370741758515,
                  0
                ],
                [
                  -73.45781224866539,
                  -53.32004530758514,
                  0
                ],
                [
                  -73.4201332116654,
                  -53.28318007358514,
                  0
                ],
                [
                  -73.31710586766539,
                  -53.35267877158515,
                  0
                ],
                [
                  -73.2307614666654,
                  -53.36814101158513,
                  0
                ],
                [
                  -73.1076332116654,
                  -53.36895481358515,
                  0
                ],
                [
                  -73.1052731856654,
                  -53.34096002158515,
                  0
                ],
                [
                  -73.2860593186654,
                  -53.26332330258515,
                  0
                ],
                [
                  -73.43494440966539,
                  -53.14027642758515,
                  0
                ],
                [
                  -73.48161595966539,
                  -53.13295220858515,
                  0
                ],
                [
                  -73.5021237716654,
                  -53.18763970858514,
                  0
                ],
                [
                  -73.46794408466539,
                  -53.22230767758515,
                  0
                ],
                [
                  -73.5331296306654,
                  -53.24900038658514,
                  0
                ],
                [
                  -73.5778073656654,
                  -53.18763970858514,
                  0
                ],
                [
                  -73.5509925866654,
                  -53.11846653158515,
                  0
                ],
                [
                  -73.6597979256654,
                  -53.05783827658514,
                  0
                ],
                [
                  -73.6287106856654,
                  -53.14662408358515,
                  0
                ],
                [
                  -73.72864558166539,
                  -53.07151015158513,
                  0
                ],
                [
                  -73.8140134196654,
                  -53.06150038658515,
                  0
                ],
                [
                  -73.87569961766539,
                  -53.00323215658515,
                  0
                ],
                [
                  -74.0076169356654,
                  -52.96661106358515,
                  0
                ],
                [
                  -74.0836667406654,
                  -52.96164687058516,
                  0
                ],
                [
                  -74.1427894616654,
                  -52.98972304258514,
                  0
                ],
                [
                  -74.1774167406654,
                  -52.94455702658514,
                  0
                ],
                [
                  -74.24874649266539,
                  -52.96164687058516,
                  0
                ],
                [
                  -74.3267087326654,
                  -52.92413059458514,
                  0
                ],
                [
                  -74.40703099866539,
                  -52.91379530758515,
                  0
                ],
                [
                  -74.4338050866654,
                  -52.86879205258514,
                  0
                ],
                [
                  -74.50265274266539,
                  -52.82500950058514,
                  0
                ],
                [
                  -74.48898086766539,
                  -52.79709608958515,
                  0
                ],
                [
                  -74.59827448766539,
                  -52.76983371958514,
                  0
                ],
                [
                  -74.67424291266539,
                  -52.72133111558513,
                  0
                ]
              ]
            ]
          },
          {
            "type": "Polygon",
            "coordinates": [
              [
                [
                  -74.3490717096654,
                  -52.62302518258516,
                  0
                ],
                [
                  -74.3940132396654,
                  -52.51994711258515,
                  0
                ],
                [
                  -74.4275724636654,
                  -52.50370603458514,
                  0
                ],
                [
                  -74.49138738966539,
                  -52.55185511458515,
                  0
                ],
                [
                  -74.4596026376654,
                  -52.59012913458515,
                  0
                ],
                [
                  -74.3490717096654,
                  -52.62302518258516,
                  0
                ]
              ]
            ]
          },
          {
            "type": "Polygon",
            "coordinates": [
              [
                [
                  -69.1857582116654,
                  -52.66778293858516,
                  0
                ],
                [
                  -69.22575658466539,
                  -52.63929986558514,
                  0
                ],
                [
                  -69.3739739666654,
                  -52.47033427058515,
                  0
                ],
                [
                  -69.4173801646654,
                  -52.45151681458515,
                  0
                ],
                [
                  -69.5837074306654,
                  -52.50990533358515,
                  0
                ],
                [
                  -69.6234209726654,
                  -52.56036106358515,
                  0
                ],
                [
                  -69.5908261236654,
                  -52.64191780958514,
                  0
                ],
                [
                  -69.7341661336654,
                  -52.77450358958514,
                  0
                ],
                [
                  -69.8242181296654,
                  -52.78256456258514,
                  0
                ],
                [
                  -69.9112148116654,
                  -52.84794867258515,
                  0
                ],
                [
                  -70.0009480586654,
                  -52.84177818758515,
                  0
                ],
                [
                  -70.1143776496654,
                  -52.75669242358514,
                  0
                ],
                [
                  -70.1284302576654,
                  -52.73232688058514,
                  0
                ],
                [
                  -70.2745440186654,
                  -52.73565403158514,
                  0
                ],
                [
                  -70.4159421306654,
                  -52.75811496958514,
                  0
                ],
                [
                  -70.2824749036654,
                  -52.79849307558515,
                  0
                ],
                [
                  -70.2570168126654,
                  -52.86834057458515,
                  0
                ],
                [
                  -70.1102373786654,
                  -52.88783502158515,
                  0
                ],
                [
                  -70.0889898646654,
                  -52.91110742158514,
                  0
                ],
                [
                  -70.1340443336654,
                  -53.01199502058515,
                  0
                ],
                [
                  -70.2432671596654,
                  -53.06176925758514,
                  0
                ],
                [
                  -70.3237602486654,
                  -53.06158016758515,
                  0
                ],
                [
                  -70.3427406336654,
                  -53.00632460458515,
                  0
                ],
                [
                  -70.41880765966539,
                  -53.01176079458514,
                  0
                ],
                [
                  -70.4400057746654,
                  -53.10610556758515,
                  0
                ],
                [
                  -70.4345918006654,
                  -53.16868622158515,
                  0
                ],
                [
                  -70.4624061226654,
                  -53.22069845958513,
                  0
                ],
                [
                  -70.47335586766539,
                  -53.30930312058515,
                  0
                ],
                [
                  -70.4423500086654,
                  -53.36252577658514,
                  0
                ],
                [
                  -70.34453099866539,
                  -53.39182265158514,
                  0
                ],
                [
                  -70.2565183026654,
                  -53.46107720858515,
                  0
                ],
                [
                  -70.20252253466539,
                  -53.46872694858515,
                  0
                ],
                [
                  -70.1162595136654,
                  -53.43454726158514,
                  0
                ],
                [
                  -70.0214167116654,
                  -53.43637045958515,
                  0
                ],
                [
                  -69.9501083576654,
                  -53.39947487758515,
                  0
                ],
                [
                  -69.6752885456654,
                  -53.35840212358514,
                  0
                ],
                [
                  -69.3524655686654,
                  -53.35577121958514,
                  0
                ],
                [
                  -69.3184277756654,
                  -53.45056722958515,
                  0
                ],
                [
                  -69.3606574996654,
                  -53.52171890758515,
                  0
                ],
                [
                  -69.6512549286654,
                  -53.63627492358515,
                  0
                ],
                [
                  -69.80658000866539,
                  -53.66552709658514,
                  0
                ],
                [
                  -69.87909209366539,
                  -53.65793042958515,
                  0
                ],
                [
                  -70.13676732666539,
                  -53.73874647958515,
                  0
                ],
                [
                  -70.17497533466539,
                  -53.76055637558516,
                  0
                ],
                [
                  -70.1851071696654,
                  -53.81133762558516,
                  0
                ],
                [
                  -70.14689916266539,
                  -53.92234022958514,
                  0
                ],
                [
                  -70.1031979906654,
                  -53.96954075058515,
                  0
                ],
                [
                  -70.0565671306654,
                  -54.08705377158514,
                  0
                ],
                [
                  -69.8834714276654,
                  -54.16135390158514,
                  0
                ],
                [
                  -69.6166257246654,
                  -54.22230767758515,
                  0
                ],
                [
                  -69.5385414146654,
                  -54.25363905758515,
                  0
                ],
                [
                  -69.27942683166539,
                  -54.32159153158515,
                  0
                ],
                [
                  -69.1715573656654,
                  -54.38246392758515,
                  0
                ],
                [
                  -69.09119440966539,
                  -54.39141575058515,
                  0
                ],
                [
                  -68.9888181076654,
                  -54.43145481358515,
                  0
                ],
                [
                  -68.99475886266539,
                  -54.46848280758515,
                  0
                ],
                [
                  -69.0979489666654,
                  -54.44724257358515,
                  0
                ],
                [
                  -69.1746905036654,
                  -54.47605116758515,
                  0
                ],
                [
                  -69.1572751386654,
                  -54.55857069858514,
                  0
                ],
                [
                  -69.2473630296654,
                  -54.52553033358516,
                  0
                ],
                [
                  -69.2397946696654,
                  -54.44138319858514,
                  0
                ],
                [
                  -69.5002927166654,
                  -54.34226210458515,
                  0
                ],
                [
                  -69.5434242276654,
                  -54.34128554258515,
                  0
                ],
                [
                  -69.58859024266539,
                  -54.40101861558514,
                  0
                ],
                [
                  -69.6916989666654,
                  -54.31784804258515,
                  0
                ],
                [
                  -69.8589352946654,
                  -54.28041314658515,
                  0
                ],
                [
                  -69.8817624436654,
                  -54.31272108958515,
                  0
                ],
                [
                  -69.8078285246654,
                  -54.38441705258515,
                  0
                ],
                [
                  -69.8246742276654,
                  -54.46840142758515,
                  0
                ],
                [
                  -69.9114255296654,
                  -54.37985976158515,
                  0
                ],
                [
                  -69.9737627686654,
                  -54.34535455258515,
                  0
                ],
                [
                  -69.9728268966654,
                  -54.29734022958515,
                  0
                ],
                [
                  -70.0728024826654,
                  -54.24883762558515,
                  0
                ],
                [
                  -70.1988604256654,
                  -54.32061496958514,
                  0
                ],
                [
                  -70.0858640056654,
                  -54.38327772958515,
                  0
                ],
                [
                  -70.1919431076654,
                  -54.40101861558514,
                  0
                ],
                [
                  -70.2457761156654,
                  -54.35723606358515,
                  0
                ],
                [
                  -70.32231420166539,
                  -54.32533502158514,
                  0
                ],
                [
                  -70.5402503996654,
                  -54.25656874558514,
                  0
                ],
                [
                  -70.9325030036654,
                  -54.11358371958514,
                  0
                ],
                [
                  -70.8683753996654,
                  -54.24623345858515,
                  0
                ],
                [
                  -70.8070147226654,
                  -54.26950819858514,
                  0
                ],
                [
                  -70.6578448006654,
                  -54.26413710458515,
                  0
                ],
                [
                  -70.57752253466539,
                  -54.27487929258515,
                  0
                ],
                [
                  -70.5101397226654,
                  -54.32094049058514,
                  0
                ],
                [
                  -70.5134763106654,
                  -54.35935194858515,
                  0
                ],
                [
                  -70.4589108806654,
                  -54.38327772958515,
                  0
                ],
                [
                  -70.4274574306654,
                  -54.43772108958515,
                  0
                ],
                [
                  -70.2523272226654,
                  -54.48614231358515,
                  0
                ],
                [
                  -70.27580541266539,
                  -54.53244765158514,
                  0
                ],
                [
                  -70.43958308166539,
                  -54.47849257358514,
                  0
                ],
                [
                  -70.5850095136654,
                  -54.39060194858514,
                  0
                ],
                [
                  -70.6512530036654,
                  -54.42771132358514,
                  0
                ],
                [
                  -70.72697728766539,
                  -54.42771132358514,
                  0
                ],
                [
                  -70.6102780686654,
                  -54.33884413658514,
                  0
                ],
                [
                  -70.66447728766539,
                  -54.32500950058516,
                  0
                ],
                [
                  -70.72465795166539,
                  -54.34690077658515,
                  0
                ],
                [
                  -70.7712074306654,
                  -54.31955702658514,
                  0
                ],
                [
                  -70.86015599866539,
                  -54.31784804258515,
                  0
                ],
                [
                  -70.9291257246654,
                  -54.34421522958516,
                  0
                ],
                [
                  -70.9339678476654,
                  -54.41599257358514,
                  0
                ],
                [
                  -71.0106686936654,
                  -54.44870741758515,
                  0
                ],
                [
                  -71.1890948006654,
                  -54.42852512558515,
                  0
                ],
                [
                  -71.36442845966539,
                  -54.37302382358514,
                  0
                ],
                [
                  -71.3356605556654,
                  -54.43861627158514,
                  0
                ],
                [
                  -71.5138425216654,
                  -54.43381483958515,
                  0
                ],
                [
                  -71.4950436936654,
                  -54.49379205258515,
                  0
                ],
                [
                  -71.6146725996654,
                  -54.50144179258515,
                  0
                ],
                [
                  -71.7248207116654,
                  -54.40549452658514,
                  0
                ],
                [
                  -71.77189916266539,
                  -54.39353163658515,
                  0
                ],
                [
                  -71.8426999436654,
                  -54.41916640158514,
                  0
                ],
                [
                  -71.83049291266539,
                  -54.46905246958514,
                  0
                ],
                [
                  -71.7164792406654,
                  -54.46270481358516,
                  0
                ],
                [
                  -71.6574378996654,
                  -54.51364882358514,
                  0
                ],
                [
                  -71.7480140716654,
                  -54.51088189658515,
                  0
                ],
                [
                  -71.7057370526654,
                  -54.56898736558514,
                  0
                ],
                [
                  -71.8495765716654,
                  -54.53822564658514,
                  0
                ],
                [
                  -71.86564916266539,
                  -54.50144179258515,
                  0
                ],
                [
                  -71.9398272226654,
                  -54.51088189658515,
                  0
                ],
                [
                  -72.0012692796654,
                  -54.57175429258514,
                  0
                ],
                [
                  -71.96171849866539,
                  -54.64719374558514,
                  0
                ],
                [
                  -71.8224769616654,
                  -54.65492486558513,
                  0
                ],
                [
                  -71.8163327556654,
                  -54.62009413658514,
                  0
                ],
                [
                  -71.7542803476654,
                  -54.59275038658514,
                  0
                ],
                [
                  -71.6874671966654,
                  -54.60577121958515,
                  0
                ],
                [
                  -71.6754229256654,
                  -54.65109999558515,
                  0
                ],
                [
                  -71.5914385506654,
                  -54.63881158358515,
                  0
                ],
                [
                  -71.47718073766539,
                  -54.67649062058515,
                  0
                ],
                [
                  -71.4047523526654,
                  -54.64060194858514,
                  0
                ],
                [
                  -71.4001136806654,
                  -54.55612929258515,
                  0
                ],
                [
                  -71.2651852946654,
                  -54.56866184458514,
                  0
                ],
                [
                  -71.2555824306654,
                  -54.61390924058514,
                  0
                ],
                [
                  -71.28947728766539,
                  -54.67649062058515,
                  0
                ],
                [
                  -71.1624834726654,
                  -54.69821913658514,
                  0
                ],
                [
                  -71.10466283466539,
                  -54.63742812058515,
                  0
                ],
                [
                  -71.0498532636654,
                  -54.65744765158514,
                  0
                ],
                [
                  -71.00069961766539,
                  -54.71563450058515,
                  0
                ],
                [
                  -70.9270505296654,
                  -54.73825819858514,
                  0
                ],
                [
                  -70.8157224046654,
                  -54.75046522958514,
                  0
                ],
                [
                  -70.7421140056654,
                  -54.71921522958516,
                  0
                ],
                [
                  -70.6991045656654,
                  -54.72995741758515,
                  0
                ],
                [
                  -70.5824053476654,
                  -54.68910455258514,
                  0
                ],
                [
                  -70.6307858806654,
                  -54.66778293858515,
                  0
                ],
                [
                  -70.5428952556654,
                  -54.62351210458515,
                  0
                ],
                [
                  -70.4526852946654,
                  -54.63376601158514,
                  0
                ],
                [
                  -70.5453773526654,
                  -54.69773085458515,
                  0
                ],
                [
                  -70.62439753466539,
                  -54.73158502158515,
                  0
                ],
                [
                  -70.7795082116654,
                  -54.76023085458515,
                  0
                ],
                [
                  -70.8368405686654,
                  -54.78773736558515,
                  0
                ],
                [
                  -70.8247556076654,
                  -54.82151015158514,
                  0
                ],
                [
                  -70.75859349866539,
                  -54.84063450058516,
                  0
                ],
                [
                  -70.6103187586654,
                  -54.78073866758515,
                  0
                ],
                [
                  -70.2395505296654,
                  -54.85788710458516,
                  0
                ],
                [
                  -70.0798825606654,
                  -54.84991184458514,
                  0
                ],
                [
                  -69.9114255296654,
                  -54.81866184458515,
                  0
                ],
                [
                  -69.8419675216654,
                  -54.82110325058514,
                  0
                ],
                [
                  -69.7947263106654,
                  -54.78773736558515,
                  0
                ],
                [
                  -69.67424291266539,
                  -54.80482720858515,
                  0
                ],
                [
                  -69.5057451906654,
                  -54.86154921458515,
                  0
                ],
                [
                  -69.2825192796654,
                  -54.89914687058515,
                  0
                ],
                [
                  -69.1299313886654,
                  -54.94219700058515,
                  0
                ],
                [
                  -69.06682103766539,
                  -54.94887017758515,
                  0
                ],
                [
                  -68.78780899266539,
                  -54.92022434458514,
                  0
                ],
                [
                  -68.78780504866539,
                  -54.92022439858514,
                  0
                ],
                [
                  -68.7600550486654,
                  -54.91127439858514,
                  0
                ],
                [
                  -68.7376750486654,
                  -54.89613439858515,
                  0
                ],
                [
                  -68.7443150486654,
                  -54.88645439858514,
                  0
                ],
                [
                  -68.7941550486654,
                  -54.87334439858514,
                  0
                ],
                [
                  -68.8129550486654,
                  -54.86537439858515,
                  0
                ],
                [
                  -68.83826504866539,
                  -54.85105439858514,
                  0
                ],
                [
                  -68.8604050486654,
                  -54.83510439858515,
                  0
                ],
                [
                  -68.8699250486654,
                  -54.82175439858515,
                  0
                ],
                [
                  -68.8827750486654,
                  -54.80775439858515,
                  0
                ],
                [
                  -68.96550504866539,
                  -54.79074439858515,
                  0
                ],
                [
                  -68.96550504866539,
                  -54.78448439858514,
                  0
                ],
                [
                  -68.9283950486654,
                  -54.77854439858515,
                  0
                ],
                [
                  -68.73963504866539,
                  -54.84714439858514,
                  0
                ],
                [
                  -68.6859650486654,
                  -54.87937439858514,
                  0
                ],
                [
                  -68.6661150486654,
                  -54.89884439858515,
                  0
                ],
                [
                  -68.6091550486654,
                  -54.89589439858515,
                  0
                ],
                [
                  -68.6091550486654,
                  -54.89270179858514,
                  0
                ],
                [
                  -68.5962318486654,
                  -54.87300079858515,
                  0
                ],
                [
                  -68.6065760486654,
                  -52.65906619858514,
                  0
                ],
                [
                  -68.6061560486654,
                  -52.65845639858513,
                  0
                ],
                [
                  -68.62743504866539,
                  -52.63961439858515,
                  0
                ],
                [
                  -68.7457761156654,
                  -52.55694309458514,
                  0
                ],
                [
                  -68.92047161166539,
                  -52.64021965158515,
                  0
                ],
                [
                  -69.0200681076654,
                  -52.65020481358515,
                  0
                ],
                [
                  -69.0883461026654,
                  -52.68039687058515,
                  0
                ],
                [
                  -69.1857582116654,
                  -52.66778293858516,
                  0
                ]
              ]
            ]
          },
          {
            "type": "Polygon",
            "coordinates": [
              [
                [
                  -73.7249834726654,
                  -52.40476210458515,
                  0
                ],
                [
                  -73.78947728766539,
                  -52.42787408358516,
                  0
                ],
                [
                  -73.89469961666539,
                  -52.40818576258514,
                  0
                ],
                [
                  -74.02954377666539,
                  -52.42996212558515,
                  0
                ],
                [
                  -74.0340248726654,
                  -52.47603151258514,
                  0
                ],
                [
                  -73.9768705136654,
                  -52.49837687458515,
                  0
                ],
                [
                  -74.04952774266539,
                  -52.56377903158515,
                  0
                ],
                [
                  -74.18418304966539,
                  -52.58684512258515,
                  0
                ],
                [
                  -74.1813636326654,
                  -52.64799342358515,
                  0
                ],
                [
                  -74.1275956376654,
                  -52.66595948458515,
                  0
                ],
                [
                  -73.9095944746654,
                  -52.65647108958516,
                  0
                ],
                [
                  -73.95122045166539,
                  -52.68820937058514,
                  0
                ],
                [
                  -73.93596166266539,
                  -52.72043593258515,
                  0
                ],
                [
                  -73.7963132246654,
                  -52.68723280758515,
                  0
                ],
                [
                  -73.7367022226654,
                  -52.59291314658514,
                  0
                ],
                [
                  -73.7815427166654,
                  -52.56377903158515,
                  0
                ],
                [
                  -73.6954831466654,
                  -52.50762668858515,
                  0
                ],
                [
                  -73.6777015716654,
                  -52.47336562058514,
                  0
                ],
                [
                  -73.7249834726654,
                  -52.40476210458515,
                  0
                ]
              ]
            ]
          },
          {
            "type": "Polygon",
            "coordinates": [
              [
                [
                  -74.46169849666539,
                  -52.43763785658515,
                  0
                ],
                [
                  -74.46887923366539,
                  -52.35305504458515,
                  0
                ],
                [
                  -74.5285362776654,
                  -52.32962225458515,
                  0
                ],
                [
                  -74.53758477866539,
                  -52.40437090958515,
                  0
                ],
                [
                  -74.46169849666539,
                  -52.43763785658515,
                  0
                ]
              ]
            ]
          },
          {
            "type": "Polygon",
            "coordinates": [
              [
                [
                  -74.8319577556654,
                  -52.21758762558515,
                  0
                ],
                [
                  -74.9061358156654,
                  -52.23484022958516,
                  0
                ],
                [
                  -74.8064754376654,
                  -52.28428848858515,
                  0
                ],
                [
                  -74.8152284626654,
                  -52.35049134858515,
                  0
                ],
                [
                  -74.70173459366539,
                  -52.34960768558515,
                  0
                ],
                [
                  -74.7033364606654,
                  -52.38597288858513,
                  0
                ],
                [
                  -74.5936537196654,
                  -52.39486465658515,
                  0
                ],
                [
                  -74.53591121866539,
                  -52.27194894558513,
                  0
                ],
                [
                  -74.5891000546654,
                  -52.21294405158515,
                  0
                ],
                [
                  -74.6454750086654,
                  -52.20456679258515,
                  0
                ],
                [
                  -74.8319577556654,
                  -52.21758762558515,
                  0
                ]
              ]
            ]
          },
          {
            "type": "Polygon",
            "coordinates": [
              [
                [
                  -74.01603978766539,
                  -52.15964491758514,
                  0
                ],
                [
                  -74.05351537366539,
                  -52.20139296458515,
                  0
                ],
                [
                  -74.00236791266539,
                  -52.25583632358514,
                  0
                ],
                [
                  -73.82426732666539,
                  -52.34470351158514,
                  0
                ],
                [
                  -73.78007787366539,
                  -52.27487929258515,
                  0
                ],
                [
                  -73.81515274266539,
                  -52.24118788658514,
                  0
                ],
                [
                  -73.8925046306654,
                  -52.22181939658515,
                  0
                ],
                [
                  -74.01603978766539,
                  -52.15964491758514,
                  0
                ]
              ]
            ]
          },
          {
            "type": "Polygon",
            "coordinates": [
              [
                [
                  -74.2364987716654,
                  -52.10951470858515,
                  0
                ],
                [
                  -74.2971677166654,
                  -52.08461236558514,
                  0
                ],
                [
                  -74.40174128466539,
                  -52.11830377158515,
                  0
                ],
                [
                  -74.41447728766539,
                  -52.14304335458515,
                  0
                ],
                [
                  -74.3381833416654,
                  -52.16648085458515,
                  0
                ],
                [
                  -74.2979815186654,
                  -52.14890272958515,
                  0
                ],
                [
                  -74.2143226646654,
                  -52.16941054258515,
                  0
                ],
                [
                  -74.1871416756654,
                  -52.36740858958516,
                  0
                ],
                [
                  -74.1223630296654,
                  -52.39776340658514,
                  0
                ],
                [
                  -73.9901608806654,
                  -52.34877252158515,
                  0
                ],
                [
                  -73.9508542406654,
                  -52.30710585458515,
                  0
                ],
                [
                  -74.1189450606654,
                  -52.18186171458515,
                  0
                ],
                [
                  -74.2364987716654,
                  -52.10951470858515,
                  0
                ]
              ]
            ]
          },
          {
            "type": "Polygon",
            "coordinates": [
              [
                [
                  -74.6561765056654,
                  -52.12269830258515,
                  0
                ],
                [
                  -74.6874671966654,
                  -52.08786757358514,
                  0
                ],
                [
                  -74.7968421966654,
                  -52.12904595858515,
                  0
                ],
                [
                  -74.7701901776654,
                  -52.18763970858515,
                  0
                ],
                [
                  -74.6717608156654,
                  -52.16306288658513,
                  0
                ],
                [
                  -74.6561765056654,
                  -52.12269830258515,
                  0
                ]
              ]
            ]
          },
          {
            "type": "Polygon",
            "coordinates": [
              [
                [
                  -74.7202634196654,
                  -52.08420546458514,
                  0
                ],
                [
                  -74.4937009196654,
                  -51.99232720858515,
                  0
                ],
                [
                  -74.4996823656654,
                  -51.95188124558515,
                  0
                ],
                [
                  -74.5436276776654,
                  -51.92071262558514,
                  0
                ],
                [
                  -74.7069577556654,
                  -52.02634413658514,
                  0
                ],
                [
                  -74.7202634196654,
                  -52.08420546458514,
                  0
                ]
              ]
            ]
          },
          {
            "type": "Polygon",
            "coordinates": [
              [
                [
                  -74.0194577556654,
                  -51.92380507358515,
                  0
                ],
                [
                  -74.0942054776654,
                  -51.92706028158515,
                  0
                ],
                [
                  -74.1100339276654,
                  -51.96897108958515,
                  0
                ],
                [
                  -74.0900550866654,
                  -52.01006809458514,
                  0
                ],
                [
                  -73.9647702556654,
                  -52.05051405758514,
                  0
                ],
                [
                  -73.8710609466654,
                  -52.09494765158514,
                  0
                ],
                [
                  -73.7512692796654,
                  -52.19024387558516,
                  0
                ],
                [
                  -73.7074867276654,
                  -52.15964491758514,
                  0
                ],
                [
                  -73.78382136266539,
                  -52.05971002158515,
                  0
                ],
                [
                  -74.0194577556654,
                  -51.92380507358515,
                  0
                ]
              ]
            ]
          },
          {
            "type": "Polygon",
            "coordinates": [
              [
                [
                  -74.73051732666539,
                  -51.86732720858515,
                  0
                ],
                [
                  -74.77971166266539,
                  -51.87172174058514,
                  0
                ],
                [
                  -74.8589352946654,
                  -52.05661757358514,
                  0
                ],
                [
                  -74.7827634196654,
                  -52.08298476158515,
                  0
                ],
                [
                  -74.7261227946654,
                  -52.00730116758515,
                  0
                ],
                [
                  -74.7277503996654,
                  -51.96888970858514,
                  0
                ],
                [
                  -74.64075495666539,
                  -51.89825168858515,
                  0
                ],
                [
                  -74.73051732666539,
                  -51.86732720858515,
                  0
                ]
              ]
            ]
          },
          {
            "type": "Polygon",
            "coordinates": [
              [
                [
                  -73.8280592716654,
                  -51.85117419458514,
                  0
                ],
                [
                  -73.9005638396654,
                  -51.80364747958514,
                  0
                ],
                [
                  -73.9791732106654,
                  -51.83858828758515,
                  0
                ],
                [
                  -73.9434342816654,
                  -51.89291972858515,
                  0
                ],
                [
                  -73.8384647826654,
                  -51.91688301058515,
                  0
                ],
                [
                  -73.8049337086654,
                  -51.98051563258515,
                  0
                ],
                [
                  -73.7382223746654,
                  -52.01129764558516,
                  0
                ],
                [
                  -73.7035930796654,
                  -51.97606243658515,
                  0
                ],
                [
                  -73.6974879776654,
                  -51.90780117758515,
                  0
                ],
                [
                  -73.7181446546654,
                  -51.84890444458514,
                  0
                ],
                [
                  -73.7693498876654,
                  -51.82763988258515,
                  0
                ],
                [
                  -73.8280592716654,
                  -51.85117419458514,
                  0
                ]
              ]
            ]
          },
          {
            "type": "Polygon",
            "coordinates": [
              [
                [
                  -74.9855628996654,
                  -51.76145155758515,
                  0
                ],
                [
                  -75.0544105556654,
                  -51.72491184458514,
                  0
                ],
                [
                  -75.0951820396654,
                  -51.77650689658514,
                  0
                ],
                [
                  -75.0922523526654,
                  -51.82452121958514,
                  0
                ],
                [
                  -75.1195961026654,
                  -51.87815077658513,
                  0
                ],
                [
                  -75.02356745666539,
                  -51.86911757358514,
                  0
                ],
                [
                  -74.9749834726654,
                  -51.77666965658515,
                  0
                ],
                [
                  -74.9855628996654,
                  -51.76145155758515,
                  0
                ]
              ]
            ]
          },
          {
            "type": "Polygon",
            "coordinates": [
              [
                [
                  -74.37171198766539,
                  -51.76926405758515,
                  0
                ],
                [
                  -74.3756589276654,
                  -51.74232720858514,
                  0
                ],
                [
                  -74.50265274266539,
                  -51.70725233958514,
                  0
                ],
                [
                  -74.4433265716654,
                  -51.79856093258515,
                  0
                ],
                [
                  -74.43437474866539,
                  -51.84494765158514,
                  0
                ],
                [
                  -74.36927058166539,
                  -51.89133437058515,
                  0
                ],
                [
                  -74.3134437586654,
                  -51.89873996958513,
                  0
                ],
                [
                  -74.2419919356654,
                  -51.94065077658514,
                  0
                ],
                [
                  -74.1457191496654,
                  -51.94740533358515,
                  0
                ],
                [
                  -74.09611791266539,
                  -51.87741835458515,
                  0
                ],
                [
                  -74.2388181076654,
                  -51.81711562058515,
                  0
                ],
                [
                  -74.3139320396654,
                  -51.81394179258515,
                  0
                ],
                [
                  -74.3176755296654,
                  -51.76242812058515,
                  0
                ],
                [
                  -74.37171198766539,
                  -51.76926405758515,
                  0
                ]
              ]
            ]
          },
          {
            "type": "Polygon",
            "coordinates": [
              [
                [
                  -73.8719968186654,
                  -51.68047825058515,
                  0
                ],
                [
                  -73.9403155036654,
                  -51.66322564658514,
                  0
                ],
                [
                  -73.8673581466654,
                  -51.78724908358516,
                  0
                ],
                [
                  -73.7946042406654,
                  -51.80547825058515,
                  0
                ],
                [
                  -73.7710446696654,
                  -51.76576470858515,
                  0
                ],
                [
                  -73.8396481856654,
                  -51.73313124558514,
                  0
                ],
                [
                  -73.8719968186654,
                  -51.68047825058515,
                  0
                ]
              ]
            ]
          },
          {
            "type": "Polygon",
            "coordinates": [
              [
                [
                  -74.85616836766539,
                  -51.63816054258515,
                  0
                ],
                [
                  -74.9220456466654,
                  -51.65590142758515,
                  0
                ],
                [
                  -74.8520993576654,
                  -51.70725233958514,
                  0
                ],
                [
                  -74.8861976646654,
                  -51.77308892758515,
                  0
                ],
                [
                  -74.8316729256654,
                  -51.83754205258516,
                  0
                ],
                [
                  -74.8651608806654,
                  -51.87912733958516,
                  0
                ],
                [
                  -74.9333168056654,
                  -51.85642226158515,
                  0
                ],
                [
                  -74.9573239666654,
                  -51.81565077658513,
                  0
                ],
                [
                  -75.0370358806654,
                  -51.92071262558514,
                  0
                ],
                [
                  -75.0245440186654,
                  -51.96604140158513,
                  0
                ],
                [
                  -75.06507136266539,
                  -51.99460585458516,
                  0
                ],
                [
                  -74.9809242276654,
                  -52.05287408358515,
                  0
                ],
                [
                  -75.0234046966654,
                  -52.08461236558514,
                  0
                ],
                [
                  -74.94934870666539,
                  -52.11065403158515,
                  0
                ],
                [
                  -74.8861976646654,
                  -52.04310845858515,
                  0
                ],
                [
                  -74.9037757896654,
                  -52.00681288658515,
                  0
                ],
                [
                  -74.8341550216654,
                  -51.94740533358515,
                  0
                ],
                [
                  -74.8316729256654,
                  -51.89621718258515,
                  0
                ],
                [
                  -74.7627438886654,
                  -51.78293593258515,
                  0
                ],
                [
                  -74.80705541266539,
                  -51.63425429258515,
                  0
                ],
                [
                  -74.85616836766539,
                  -51.63816054258515,
                  0
                ]
              ]
            ]
          },
          {
            "type": "Polygon",
            "coordinates": [
              [
                [
                  -74.03129857666539,
                  -51.60040012558516,
                  0
                ],
                [
                  -74.1494626386654,
                  -51.60422499558515,
                  0
                ],
                [
                  -74.1388832116654,
                  -51.66680637558515,
                  0
                ],
                [
                  -74.2189206466654,
                  -51.67136366758514,
                  0
                ],
                [
                  -74.2320635506654,
                  -51.70725233958514,
                  0
                ],
                [
                  -74.04944636266539,
                  -51.79343397958515,
                  0
                ],
                [
                  -73.97966283466539,
                  -51.79717746958513,
                  0
                ],
                [
                  -73.9366533936654,
                  -51.74395481358515,
                  0
                ],
                [
                  -74.0075355556654,
                  -51.70261366758515,
                  0
                ],
                [
                  -73.9924802166654,
                  -51.66322564658514,
                  0
                ],
                [
                  -74.03129857666539,
                  -51.60040012558516,
                  0
                ]
              ]
            ]
          },
          {
            "type": "Polygon",
            "coordinates": [
              [
                [
                  -74.3060639806654,
                  -51.41782804058515,
                  0
                ],
                [
                  -74.2963252216654,
                  -51.39543346458515,
                  0
                ],
                [
                  -74.3448683246654,
                  -51.34239724358515,
                  0
                ],
                [
                  -74.3840938626654,
                  -51.33623396458515,
                  0
                ],
                [
                  -74.3963030596654,
                  -51.41312677958515,
                  0
                ],
                [
                  -74.3060639806654,
                  -51.41782804058515,
                  0
                ]
              ]
            ]
          },
          {
            "type": "Polygon",
            "coordinates": [
              [
                [
                  -74.1649248786654,
                  -51.28708632358514,
                  0
                ],
                [
                  -74.2544431076654,
                  -51.29082981358515,
                  0
                ],
                [
                  -74.25981420166539,
                  -51.35316705258515,
                  0
                ],
                [
                  -74.23841120666539,
                  -51.40964491758515,
                  0
                ],
                [
                  -74.10950495666539,
                  -51.42803684458515,
                  0
                ],
                [
                  -74.1122311936654,
                  -51.37888319858514,
                  0
                ],
                [
                  -74.1649248786654,
                  -51.28708632358514,
                  0
                ]
              ]
            ]
          },
          {
            "type": "Polygon",
            "coordinates": [
              [
                [
                  -75.15434545166539,
                  -51.36374647958515,
                  0
                ],
                [
                  -75.1259030686654,
                  -51.28627252158514,
                  0
                ],
                [
                  -75.2196530686654,
                  -51.30547825058514,
                  0
                ],
                [
                  -75.20773086766539,
                  -51.36521132358514,
                  0
                ],
                [
                  -75.2251462326654,
                  -51.49069960458515,
                  0
                ],
                [
                  -75.31450170166539,
                  -51.53659804258515,
                  0
                ],
                [
                  -75.3127113366654,
                  -51.62920871958515,
                  0
                ],
                [
                  -75.2056149826654,
                  -51.60178358958516,
                  0
                ],
                [
                  -75.13322728766539,
                  -51.53285455258515,
                  0
                ],
                [
                  -75.1575192796654,
                  -51.45066054258515,
                  0
                ],
                [
                  -75.1059242276654,
                  -51.44707981358515,
                  0
                ],
                [
                  -75.0706052166654,
                  -51.40069309458514,
                  0
                ],
                [
                  -75.0159990976654,
                  -51.41355116758515,
                  0
                ],
                [
                  -75.0033444746654,
                  -51.34193658358514,
                  0
                ],
                [
                  -75.1098304776654,
                  -51.29856093258514,
                  0
                ],
                [
                  -75.15434545166539,
                  -51.36374647958515,
                  0
                ]
              ]
            ]
          },
          {
            "type": "Polygon",
            "coordinates": [
              [
                [
                  -73.75468724866539,
                  -51.29766575058515,
                  0
                ],
                [
                  -73.7928952556654,
                  -51.25876601158513,
                  0
                ],
                [
                  -73.8645505296654,
                  -51.25876601158513,
                  0
                ],
                [
                  -73.9204587326654,
                  -51.30368788658515,
                  0
                ],
                [
                  -73.8719968186654,
                  -51.35837538658514,
                  0
                ],
                [
                  -73.7787350996654,
                  -51.36350233958516,
                  0
                ],
                [
                  -73.75468724866539,
                  -51.29766575058515,
                  0
                ]
              ]
            ]
          },
          {
            "type": "Polygon",
            "coordinates": [
              [
                [
                  -74.6775388106654,
                  -51.20147434458515,
                  0
                ],
                [
                  -74.7928952556654,
                  -51.21123996958514,
                  0
                ],
                [
                  -74.8378171306654,
                  -51.27585585458515,
                  0
                ],
                [
                  -74.9100827556654,
                  -51.29229465658514,
                  0
                ],
                [
                  -74.9626136806654,
                  -51.32940403158514,
                  0
                ],
                [
                  -74.8700843836654,
                  -51.37758111558513,
                  0
                ],
                [
                  -75.0239743576654,
                  -51.45627577658514,
                  0
                ],
                [
                  -74.9061358156654,
                  -51.45334608958515,
                  0
                ],
                [
                  -74.7984698006654,
                  -51.43234999558514,
                  0
                ],
                [
                  -74.7388181076654,
                  -51.36862929258514,
                  0
                ],
                [
                  -74.7177406336654,
                  -51.31410455258515,
                  0
                ],
                [
                  -74.5940427166654,
                  -51.39955377158514,
                  0
                ],
                [
                  -74.5436276776654,
                  -51.36521132358514,
                  0
                ],
                [
                  -74.6237058026654,
                  -51.28098280758515,
                  0
                ],
                [
                  -74.5487953216654,
                  -51.28440077658514,
                  0
                ],
                [
                  -74.6017331466654,
                  -51.20603163658514,
                  0
                ],
                [
                  -74.6775388106654,
                  -51.20147434458515,
                  0
                ]
              ]
            ]
          },
          {
            "type": "Polygon",
            "coordinates": [
              [
                [
                  -74.8767575606654,
                  -51.15850559458514,
                  0
                ],
                [
                  -74.8786293056654,
                  -51.11008437058515,
                  0
                ],
                [
                  -74.96879857666539,
                  -51.10446913658514,
                  0
                ],
                [
                  -75.0037106856654,
                  -51.17600233958516,
                  0
                ],
                [
                  -74.8767575606654,
                  -51.15850559458514,
                  0
                ]
              ]
            ]
          },
          {
            "type": "Polygon",
            "coordinates": [
              [
                [
                  -74.4542315186654,
                  -51.04587538658513,
                  0
                ],
                [
                  -74.50265274266539,
                  -51.02194960458514,
                  0
                ],
                [
                  -74.6050290446654,
                  -51.08029921458514,
                  0
                ],
                [
                  -74.5741859466654,
                  -51.15492486558514,
                  0
                ],
                [
                  -74.4237139406654,
                  -51.20521783358515,
                  0
                ],
                [
                  -74.3896970136654,
                  -51.16941054258515,
                  0
                ],
                [
                  -74.3943356856654,
                  -51.12229140158514,
                  0
                ],
                [
                  -74.5193356856654,
                  -51.09641249558515,
                  0
                ],
                [
                  -74.51249974866539,
                  -51.05954726158514,
                  0
                ],
                [
                  -74.4542315186654,
                  -51.04587538658513,
                  0
                ]
              ]
            ]
          },
          {
            "type": "Polygon",
            "coordinates": [
              [
                [
                  -74.26241836766539,
                  -51.24151340658514,
                  0
                ],
                [
                  -74.1967445396654,
                  -51.17543267758515,
                  0
                ],
                [
                  -74.2760495526654,
                  -51.02390272958515,
                  0
                ],
                [
                  -74.3326901776654,
                  -51.03220351158514,
                  0
                ],
                [
                  -74.3159665446654,
                  -51.11016575058515,
                  0
                ],
                [
                  -74.26241836766539,
                  -51.24151340658514,
                  0
                ]
              ]
            ]
          },
          {
            "type": "Polygon",
            "coordinates": [
              [
                [
                  -74.47530899266539,
                  -50.79978163658514,
                  0
                ],
                [
                  -74.5504636156654,
                  -50.75168593258515,
                  0
                ],
                [
                  -74.66028620666539,
                  -50.72776015158514,
                  0
                ],
                [
                  -74.67778295166539,
                  -50.74631483958515,
                  0
                ],
                [
                  -74.5688148526654,
                  -50.83298476158513,
                  0
                ],
                [
                  -74.6428708416654,
                  -50.84787733958515,
                  0
                ],
                [
                  -74.6252927166654,
                  -50.92494439658515,
                  0
                ],
                [
                  -74.8784665446654,
                  -50.88637017758515,
                  0
                ],
                [
                  -74.9135007246654,
                  -50.96058892758514,
                  0
                ],
                [
                  -74.8378171306654,
                  -50.97426080258515,
                  0
                ],
                [
                  -74.8930336026654,
                  -51.04929335458515,
                  0
                ],
                [
                  -74.7558265716654,
                  -51.07647434458515,
                  0
                ],
                [
                  -74.7081377686654,
                  -51.10446913658514,
                  0
                ],
                [
                  -74.62614720966539,
                  -51.08713515158513,
                  0
                ],
                [
                  -74.6342038496654,
                  -51.04017877158515,
                  0
                ],
                [
                  -74.5361813886654,
                  -51.02194960458514,
                  0
                ],
                [
                  -74.4892250086654,
                  -50.99737278158515,
                  0
                ],
                [
                  -74.4320147226654,
                  -51.03098280758515,
                  0
                ],
                [
                  -74.3800941496654,
                  -51.02756483958515,
                  0
                ],
                [
                  -74.38538386266539,
                  -50.98109674058514,
                  0
                ],
                [
                  -74.43437474866539,
                  -50.92575819858514,
                  0
                ],
                [
                  -74.3947425866654,
                  -50.86984999558515,
                  0
                ],
                [
                  -74.41911595966539,
                  -50.82972955258515,
                  0
                ],
                [
                  -74.47530899266539,
                  -50.79978163658514,
                  0
                ]
              ]
            ]
          },
          {
            "type": "Polygon",
            "coordinates": [
              [
                [
                  -74.74223607666539,
                  -50.70725233958515,
                  0
                ],
                [
                  -74.8043291756654,
                  -50.66631809458514,
                  0
                ],
                [
                  -74.8316729256654,
                  -50.70725233958515,
                  0
                ],
                [
                  -74.9587888106654,
                  -50.72832981358515,
                  0
                ],
                [
                  -74.94145482666539,
                  -50.83762343258515,
                  0
                ],
                [
                  -74.8446530686654,
                  -50.87123345858516,
                  0
                ],
                [
                  -74.6928382896654,
                  -50.89011366758515,
                  0
                ],
                [
                  -74.66028620666539,
                  -50.82395155758515,
                  0
                ],
                [
                  -74.71489232666539,
                  -50.80287408358515,
                  0
                ],
                [
                  -74.7558265716654,
                  -50.75510390158514,
                  0
                ],
                [
                  -74.74223607666539,
                  -50.70725233958515,
                  0
                ]
              ]
            ]
          },
          {
            "type": "Polygon",
            "coordinates": [
              [
                [
                  -75.0264971436654,
                  -50.66941054258515,
                  0
                ],
                [
                  -75.0438718186654,
                  -50.70725233958515,
                  0
                ],
                [
                  -75.1129636156654,
                  -50.72133111558514,
                  0
                ],
                [
                  -75.0837074306654,
                  -50.78366835458514,
                  0
                ],
                [
                  -75.0068845136654,
                  -50.81394179258515,
                  0
                ],
                [
                  -74.9852373786654,
                  -50.65720351158513,
                  0
                ],
                [
                  -75.0264971436654,
                  -50.66941054258515,
                  0
                ]
              ]
            ]
          },
          {
            "type": "Polygon",
            "coordinates": [
              [
                [
                  -74.6024655686654,
                  -50.56312799058514,
                  0
                ],
                [
                  -74.5839108806654,
                  -50.53098280758515,
                  0
                ],
                [
                  -74.6663083416654,
                  -50.50315077658514,
                  0
                ],
                [
                  -74.6733070396654,
                  -50.57696262558514,
                  0
                ],
                [
                  -74.6024655686654,
                  -50.56312799058514,
                  0
                ]
              ]
            ]
          },
          {
            "type": "Polygon",
            "coordinates": [
              [
                [
                  -75.3629636156654,
                  -50.48679335458515,
                  0
                ],
                [
                  -75.4274574306654,
                  -50.51486952658514,
                  0
                ],
                [
                  -75.3591794356654,
                  -50.59055312058514,
                  0
                ],
                [
                  -75.45577774266539,
                  -50.60642226158513,
                  0
                ],
                [
                  -75.4821042406654,
                  -50.67510715658516,
                  0
                ],
                [
                  -75.43372370666539,
                  -50.74200168858515,
                  0
                ],
                [
                  -75.3358640056654,
                  -50.77650689658515,
                  0
                ],
                [
                  -75.2787350996654,
                  -50.77015924058515,
                  0
                ],
                [
                  -75.2902503996654,
                  -50.64581028158515,
                  0
                ],
                [
                  -75.26872533466539,
                  -50.58982069858514,
                  0
                ],
                [
                  -75.2022783936654,
                  -50.59299452658515,
                  0
                ],
                [
                  -75.13945287366539,
                  -50.54904921458515,
                  0
                ],
                [
                  -75.1051511156654,
                  -50.49582655758515,
                  0
                ],
                [
                  -75.3629636156654,
                  -50.48679335458515,
                  0
                ]
              ]
            ]
          },
          {
            "type": "Polygon",
            "coordinates": [
              [
                [
                  -74.48898086766539,
                  -50.47385390158514,
                  0
                ],
                [
                  -74.5522946696654,
                  -50.42396783358514,
                  0
                ],
                [
                  -74.6104001386654,
                  -50.43861627158515,
                  0
                ],
                [
                  -74.63945287366539,
                  -50.48191054258515,
                  0
                ],
                [
                  -74.4684730556654,
                  -50.52227512558515,
                  0
                ],
                [
                  -74.46098607666539,
                  -50.56573215658515,
                  0
                ],
                [
                  -74.5132321696654,
                  -50.57696262558514,
                  0
                ],
                [
                  -74.5810218836654,
                  -50.63360325058516,
                  0
                ],
                [
                  -74.5168942796654,
                  -50.73166640158515,
                  0
                ],
                [
                  -74.42460912366539,
                  -50.76153293858514,
                  0
                ],
                [
                  -74.3735837326654,
                  -50.82745090658514,
                  0
                ],
                [
                  -74.2691729256654,
                  -50.78659804258515,
                  0
                ],
                [
                  -74.2365394616654,
                  -50.84112278158514,
                  0
                ],
                [
                  -74.1859209726654,
                  -50.83314752158515,
                  0
                ],
                [
                  -74.1811195396654,
                  -50.78236627158515,
                  0
                ],
                [
                  -74.24223607666539,
                  -50.71408827658514,
                  0
                ],
                [
                  -74.2709225996654,
                  -50.62432590658516,
                  0
                ],
                [
                  -74.3324867276654,
                  -50.57736952658514,
                  0
                ],
                [
                  -74.3472979256654,
                  -50.51169569858514,
                  0
                ],
                [
                  -74.38294245666539,
                  -50.45603163658513,
                  0
                ],
                [
                  -74.48898086766539,
                  -50.47385390158514,
                  0
                ]
              ]
            ]
          },
          {
            "type": "Polygon",
            "coordinates": [
              [
                [
                  -74.5798825606654,
                  -50.37611627158515,
                  0
                ],
                [
                  -74.6085283936654,
                  -50.36399062058514,
                  0
                ],
                [
                  -74.7365394616654,
                  -50.37188450058515,
                  0
                ],
                [
                  -74.7354001386654,
                  -50.41241184458514,
                  0
                ],
                [
                  -74.7851234466654,
                  -50.48947890158514,
                  0
                ],
                [
                  -74.72010065966539,
                  -50.48939752158515,
                  0
                ],
                [
                  -74.64067357666539,
                  -50.44935845858514,
                  0
                ],
                [
                  -74.5798825606654,
                  -50.37611627158515,
                  0
                ]
              ]
            ]
          },
          {
            "type": "Polygon",
            "coordinates": [
              [
                [
                  -74.9760813856654,
                  -50.43293191458515,
                  0
                ],
                [
                  -74.9623225026654,
                  -50.35834622758514,
                  0
                ],
                [
                  -74.8890734396654,
                  -50.29496759958514,
                  0
                ],
                [
                  -74.9700917416654,
                  -50.28756079158514,
                  0
                ],
                [
                  -75.1209925796654,
                  -50.38213035358514,
                  0
                ],
                [
                  -75.17139653866539,
                  -50.46219441358515,
                  0
                ],
                [
                  -75.0443373506654,
                  -50.47603879658515,
                  0
                ],
                [
                  -74.9760813856654,
                  -50.43293191458515,
                  0
                ]
              ]
            ]
          },
          {
            "type": "Polygon",
            "coordinates": [
              [
                [
                  -75.29143041266539,
                  -50.02894830258516,
                  0
                ],
                [
                  -75.4001950606654,
                  -50.03920220858515,
                  0
                ],
                [
                  -75.3045733156654,
                  -50.12513970858515,
                  0
                ],
                [
                  -75.25851211766539,
                  -50.12351210458515,
                  0
                ],
                [
                  -75.1877927166654,
                  -50.16420220858515,
                  0
                ],
                [
                  -75.12708308166539,
                  -50.17087538658514,
                  0
                ],
                [
                  -75.1978024826654,
                  -50.25632460458514,
                  0
                ],
                [
                  -75.2704343186654,
                  -50.24867486558513,
                  0
                ],
                [
                  -75.3524248786654,
                  -50.20082330258515,
                  0
                ],
                [
                  -75.25590795166539,
                  -50.17022434458514,
                  0
                ],
                [
                  -75.34770482666539,
                  -50.14524062058515,
                  0
                ],
                [
                  -75.39726537366539,
                  -50.17168918858515,
                  0
                ],
                [
                  -75.4448727946654,
                  -50.27666965658515,
                  0
                ],
                [
                  -75.4607419356654,
                  -50.35007460458516,
                  0
                ],
                [
                  -75.3694333416654,
                  -50.32989231358515,
                  0
                ],
                [
                  -75.2699053476654,
                  -50.32761366758514,
                  0
                ],
                [
                  -75.2534665446654,
                  -50.36252577658514,
                  0
                ],
                [
                  -75.3175941496654,
                  -50.39190403158515,
                  0
                ],
                [
                  -75.3209714276654,
                  -50.42754856358515,
                  0
                ],
                [
                  -75.22270482666539,
                  -50.43650038658514,
                  0
                ],
                [
                  -75.1805905686654,
                  -50.38083632358514,
                  0
                ],
                [
                  -75.0591306076654,
                  -50.29782851158514,
                  0
                ],
                [
                  -74.9520342536654,
                  -50.25681288658514,
                  0
                ],
                [
                  -74.94218724866539,
                  -50.22019179258515,
                  0
                ],
                [
                  -74.8336667406654,
                  -50.21954075058516,
                  0
                ],
                [
                  -74.7935056076654,
                  -50.16989882358514,
                  0
                ],
                [
                  -74.8148272226654,
                  -50.11895481358516,
                  0
                ],
                [
                  -74.8930336026654,
                  -50.15166965658515,
                  0
                ],
                [
                  -75.0712155686654,
                  -50.17966444858514,
                  0
                ],
                [
                  -74.95195287366539,
                  -50.10886366758515,
                  0
                ],
                [
                  -75.13322728766539,
                  -50.08347304258515,
                  0
                ],
                [
                  -75.15686823766539,
                  -50.02146132358514,
                  0
                ],
                [
                  -75.29143041266539,
                  -50.02894830258516,
                  0
                ]
              ]
            ]
          },
          {
            "type": "Polygon",
            "coordinates": [
              [
                [
                  -75.4850067326654,
                  -49.56471005558515,
                  0
                ],
                [
                  -75.5478343326654,
                  -49.58901257258515,
                  0
                ],
                [
                  -75.58649255666539,
                  -49.68804262058515,
                  0
                ],
                [
                  -75.5548174946654,
                  -49.73431063358515,
                  0
                ],
                [
                  -75.6266013116654,
                  -49.75638696958515,
                  0
                ],
                [
                  -75.6172020046654,
                  -49.86426707758515,
                  0
                ],
                [
                  -75.5439532366654,
                  -49.83672260558514,
                  0
                ],
                [
                  -75.5400524306654,
                  -49.80822473658515,
                  0
                ],
                [
                  -75.3843259196654,
                  -49.74826796458515,
                  0
                ],
                [
                  -75.3395261156654,
                  -49.85959608958515,
                  0
                ],
                [
                  -75.2691729256654,
                  -49.85723606358514,
                  0
                ],
                [
                  -75.1777015716654,
                  -49.88425429258515,
                  0
                ],
                [
                  -75.2111081466654,
                  -49.79278293858516,
                  0
                ],
                [
                  -75.3551544946654,
                  -49.61022053858515,
                  0
                ],
                [
                  -75.4850067326654,
                  -49.56471005558515,
                  0
                ]
              ]
            ]
          },
          {
            "type": "Polygon",
            "coordinates": [
              [
                [
                  -74.39681778166539,
                  -49.61846653158515,
                  0
                ],
                [
                  -74.2928952556654,
                  -49.55466444858514,
                  0
                ],
                [
                  -74.3067298916654,
                  -49.51869439658515,
                  0
                ],
                [
                  -74.3716306076654,
                  -49.45342746958514,
                  0
                ],
                [
                  -74.4405189536654,
                  -49.43576796458514,
                  0
                ],
                [
                  -74.4635495526654,
                  -49.50892877158515,
                  0
                ],
                [
                  -74.4374265056654,
                  -49.52520481358515,
                  0
                ],
                [
                  -74.4351071696654,
                  -49.60284153158515,
                  0
                ],
                [
                  -74.39681778166539,
                  -49.61846653158515,
                  0
                ]
              ]
            ]
          },
          {
            "type": "Polygon",
            "coordinates": [
              [
                [
                  -75.47039637266539,
                  -49.40319385358513,
                  0
                ],
                [
                  -75.5413088076654,
                  -49.39060424858515,
                  0
                ],
                [
                  -75.5441142446654,
                  -49.45291076558515,
                  0
                ],
                [
                  -75.49227206266539,
                  -49.49539526258516,
                  0
                ],
                [
                  -75.47039637266539,
                  -49.40319385358513,
                  0
                ]
              ]
            ]
          },
          {
            "type": "Polygon",
            "coordinates": [
              [
                [
                  -75.0790280686654,
                  -49.03757460458514,
                  0
                ],
                [
                  -75.15825170166539,
                  -49.05108371958514,
                  0
                ],
                [
                  -75.2294593836654,
                  -49.11700168858515,
                  0
                ],
                [
                  -75.2015459726654,
                  -49.17234022958515,
                  0
                ],
                [
                  -75.0895668056654,
                  -49.15842421458514,
                  0
                ],
                [
                  -75.0597816496654,
                  -49.19651015158514,
                  0
                ],
                [
                  -74.9625323006654,
                  -49.27064752158515,
                  0
                ],
                [
                  -74.92033666266539,
                  -49.27268202658514,
                  0
                ],
                [
                  -74.8902666756654,
                  -49.09551731358515,
                  0
                ],
                [
                  -74.97185033466539,
                  -49.03171522958516,
                  0
                ],
                [
                  -74.9898760506654,
                  -49.07663710458515,
                  0
                ],
                [
                  -75.0790280686654,
                  -49.03757460458514,
                  0
                ]
              ]
            ]
          },
          {
            "type": "Polygon",
            "coordinates": [
              [
                [
                  -75.3663408936654,
                  -49.04082981358514,
                  0
                ],
                [
                  -75.4427975996654,
                  -49.05564101158514,
                  0
                ],
                [
                  -75.4409665446654,
                  -49.08526340658515,
                  0
                ],
                [
                  -75.5685300216654,
                  -49.12277968258515,
                  0
                ],
                [
                  -75.6071449306654,
                  -49.15109999558515,
                  0
                ],
                [
                  -75.63489558166539,
                  -49.22898085458515,
                  0
                ],
                [
                  -75.4935788496654,
                  -49.26348606358515,
                  0
                ],
                [
                  -75.46163711766539,
                  -49.17917616758515,
                  0
                ],
                [
                  -75.3891273526654,
                  -49.17917616758515,
                  0
                ],
                [
                  -75.3455889406654,
                  -49.12448866758515,
                  0
                ],
                [
                  -75.28723933166539,
                  -49.08664687058515,
                  0
                ],
                [
                  -75.3663408936654,
                  -49.04082981358514,
                  0
                ]
              ]
            ]
          },
          {
            "type": "Polygon",
            "coordinates": [
              [
                [
                  -75.4266436286654,
                  -48.87839491758515,
                  0
                ],
                [
                  -75.5404945396654,
                  -48.83371718258515,
                  0
                ],
                [
                  -75.6145505296654,
                  -48.85870090658515,
                  0
                ],
                [
                  -75.64718399266539,
                  -48.89125299058513,
                  0
                ],
                [
                  -75.64718399266539,
                  -48.96693658358515,
                  0
                ],
                [
                  -75.54358698766539,
                  -48.98663059458514,
                  0
                ],
                [
                  -75.5204343186654,
                  -49.03147108958515,
                  0
                ],
                [
                  -75.46489232666539,
                  -49.03643528158515,
                  0
                ],
                [
                  -75.4175290446654,
                  -48.97678358958515,
                  0
                ],
                [
                  -75.31486791266539,
                  -48.96555312058515,
                  0
                ],
                [
                  -75.2919593836654,
                  -49.03920220858515,
                  0
                ],
                [
                  -75.24846166266539,
                  -49.07207981358515,
                  0
                ],
                [
                  -75.2074053476654,
                  -49.03464491758514,
                  0
                ],
                [
                  -75.2690915446654,
                  -48.90793593258515,
                  0
                ],
                [
                  -75.3057940186654,
                  -48.86496718258515,
                  0
                ],
                [
                  -75.3617836026654,
                  -48.85031874558515,
                  0
                ],
                [
                  -75.4266436286654,
                  -48.87839491758515,
                  0
                ]
              ]
            ]
          },
          {
            "type": "Polygon",
            "coordinates": [
              [
                [
                  -75.09054336766539,
                  -48.91452772958515,
                  0
                ],
                [
                  -75.1206540446654,
                  -48.84983046458515,
                  0
                ],
                [
                  -75.2104164146654,
                  -48.81182590658515,
                  0
                ],
                [
                  -75.30799128466539,
                  -48.79489882358514,
                  0
                ],
                [
                  -75.2902503996654,
                  -48.84275038658515,
                  0
                ],
                [
                  -75.23572565966539,
                  -48.87074517758515,
                  0
                ],
                [
                  -75.2469561286654,
                  -48.92461887558515,
                  0
                ],
                [
                  -75.1938148526654,
                  -48.99574517758515,
                  0
                ],
                [
                  -75.1357907636654,
                  -48.97084283358515,
                  0
                ],
                [
                  -75.0726397226654,
                  -48.97035455258515,
                  0
                ],
                [
                  -75.09054336766539,
                  -48.91452772958515,
                  0
                ]
              ]
            ]
          },
          {
            "type": "Polygon",
            "coordinates": [
              [
                [
                  -74.6807940186654,
                  -48.72670220858515,
                  0
                ],
                [
                  -74.69645970966539,
                  -48.67990858958515,
                  0
                ],
                [
                  -74.7561520916654,
                  -48.67819960458515,
                  0
                ],
                [
                  -74.9848304776654,
                  -48.75909153158515,
                  0
                ],
                [
                  -75.05778783466539,
                  -48.81670871958515,
                  0
                ],
                [
                  -75.0513181076654,
                  -48.85707330258515,
                  0
                ],
                [
                  -74.9545163496654,
                  -48.91843397958516,
                  0
                ],
                [
                  -74.9861325606654,
                  -48.96742486558513,
                  0
                ],
                [
                  -74.9545163496654,
                  -49.00713840658514,
                  0
                ],
                [
                  -74.8043291756654,
                  -49.10398085458515,
                  0
                ],
                [
                  -74.85624974866539,
                  -49.15183241758515,
                  0
                ],
                [
                  -74.8787920656654,
                  -49.20277642758514,
                  0
                ],
                [
                  -74.8930336026654,
                  -49.36407200058515,
                  0
                ],
                [
                  -74.9299802166654,
                  -49.31426731358515,
                  0
                ],
                [
                  -75.0028968836654,
                  -49.26788059458515,
                  0
                ],
                [
                  -75.1123532636654,
                  -49.27325168858515,
                  0
                ],
                [
                  -75.1872230556654,
                  -49.29522434458514,
                  0
                ],
                [
                  -75.2595700606654,
                  -49.26413710458514,
                  0
                ],
                [
                  -75.4270505296654,
                  -49.27951796458516,
                  0
                ],
                [
                  -75.4670895916654,
                  -49.33274062058516,
                  0
                ],
                [
                  -75.4230153826654,
                  -49.41110273658514,
                  0
                ],
                [
                  -75.3752927166654,
                  -49.45684543858515,
                  0
                ],
                [
                  -75.3052243576654,
                  -49.56019830258515,
                  0
                ],
                [
                  -75.25395482666539,
                  -49.56320937058515,
                  0
                ],
                [
                  -75.29374974866539,
                  -49.63840468258515,
                  0
                ],
                [
                  -75.2152178476654,
                  -49.69935845858515,
                  0
                ],
                [
                  -75.2065101646654,
                  -49.76047499558516,
                  0
                ],
                [
                  -75.1337562586654,
                  -49.85837538658514,
                  0
                ],
                [
                  -75.0097328216654,
                  -49.89857720858515,
                  0
                ],
                [
                  -75.0120114666654,
                  -49.83737929258514,
                  0
                ],
                [
                  -74.96135228766539,
                  -49.78529595858515,
                  0
                ],
                [
                  -74.98088353766539,
                  -49.73988580258515,
                  0
                ],
                [
                  -74.9584632896654,
                  -49.66224908358515,
                  0
                ],
                [
                  -75.0438718186654,
                  -49.59006483958515,
                  0
                ],
                [
                  -75.0026120526654,
                  -49.58021783358515,
                  0
                ],
                [
                  -75.0093259196654,
                  -49.51869439658515,
                  0
                ],
                [
                  -74.9224118576654,
                  -49.53285455258515,
                  0
                ],
                [
                  -74.8466061936654,
                  -49.59779595858515,
                  0
                ],
                [
                  -74.77023086766539,
                  -49.61195611558514,
                  0
                ],
                [
                  -74.7699053476654,
                  -49.64475233958515,
                  0
                ],
                [
                  -74.89177220966539,
                  -49.61447890158514,
                  0
                ],
                [
                  -74.9171221436654,
                  -49.69398736558514,
                  0
                ],
                [
                  -74.8813148526654,
                  -49.72719049058515,
                  0
                ],
                [
                  -74.8823727946654,
                  -49.79701470858514,
                  0
                ],
                [
                  -74.8076657636654,
                  -49.79554986558513,
                  0
                ],
                [
                  -74.85551732666539,
                  -49.86439752158515,
                  0
                ],
                [
                  -74.9020261156654,
                  -49.87693007358515,
                  0
                ],
                [
                  -74.9132158936654,
                  -49.91680637558515,
                  0
                ],
                [
                  -74.8810300216654,
                  -49.95896132358514,
                  0
                ],
                [
                  -74.77014948766539,
                  -49.90541314658514,
                  0
                ],
                [
                  -74.7394691496654,
                  -49.92185194858514,
                  0
                ],
                [
                  -74.8221514406654,
                  -49.96482069858515,
                  0
                ],
                [
                  -74.8675615976654,
                  -50.01625299058515,
                  0
                ],
                [
                  -74.7682370526654,
                  -50.05336236558514,
                  0
                ],
                [
                  -74.6604489666654,
                  -50.05059543858515,
                  0
                ],
                [
                  -74.5361813886654,
                  -49.99476861558514,
                  0
                ],
                [
                  -74.4852780686654,
                  -49.95310194858515,
                  0
                ],
                [
                  -74.43177058166539,
                  -49.80987278158516,
                  0
                ],
                [
                  -74.4541501386654,
                  -49.77268202658514,
                  0
                ],
                [
                  -74.42033666266539,
                  -49.68967421458515,
                  0
                ],
                [
                  -74.4443031336654,
                  -49.64182265158514,
                  0
                ],
                [
                  -74.5541664146654,
                  -49.62107069858514,
                  0
                ],
                [
                  -74.50265274266539,
                  -49.57297499558514,
                  0
                ],
                [
                  -74.5361813886654,
                  -49.50803358958515,
                  0
                ],
                [
                  -74.48515599866539,
                  -49.45961236558514,
                  0
                ],
                [
                  -74.44796524266539,
                  -49.32248671458514,
                  0
                ],
                [
                  -74.4446286546654,
                  -49.21311171458515,
                  0
                ],
                [
                  -74.47327448766539,
                  -49.14825168858515,
                  0
                ],
                [
                  -74.4615964276654,
                  -49.11936171458515,
                  0
                ],
                [
                  -74.5068845136654,
                  -49.03952772958515,
                  0
                ],
                [
                  -74.47530899266539,
                  -48.94642877158515,
                  0
                ],
                [
                  -74.5299558026654,
                  -48.86692030758515,
                  0
                ],
                [
                  -74.5253171306654,
                  -48.72287733958515,
                  0
                ],
                [
                  -74.6186195396654,
                  -48.73418918858515,
                  0
                ],
                [
                  -74.6807940186654,
                  -48.72670220858515,
                  0
                ]
              ]
            ]
          },
          {
            "type": "Polygon",
            "coordinates": [
              [
                [
                  -75.1190671306654,
                  -48.81719700058515,
                  0
                ],
                [
                  -75.0887530036654,
                  -48.78269179258514,
                  0
                ],
                [
                  -75.0604733806654,
                  -48.69943983958515,
                  0
                ],
                [
                  -75.0848467536654,
                  -48.63734674058514,
                  0
                ],
                [
                  -75.1379880296654,
                  -48.69073215658516,
                  0
                ],
                [
                  -75.2294186936654,
                  -48.75241835458515,
                  0
                ],
                [
                  -75.2145261156654,
                  -48.80197890158513,
                  0
                ],
                [
                  -75.1190671306654,
                  -48.81719700058515,
                  0
                ]
              ]
            ]
          },
          {
            "type": "Polygon",
            "coordinates": [
              [
                [
                  -74.9684323656654,
                  -48.65329726158514,
                  0
                ],
                [
                  -75.0092038496654,
                  -48.65573866758515,
                  0
                ],
                [
                  -75.0438718186654,
                  -48.73288710458515,
                  0
                ],
                [
                  -74.9880856856654,
                  -48.74053684458515,
                  0
                ],
                [
                  -74.92786433166539,
                  -48.71921522958516,
                  0
                ],
                [
                  -74.8247556076654,
                  -48.65842421458515,
                  0
                ],
                [
                  -74.8979164146654,
                  -48.64271783358515,
                  0
                ],
                [
                  -74.9684323656654,
                  -48.65329726158514,
                  0
                ]
              ]
            ]
          },
          {
            "type": "Polygon",
            "coordinates": [
              [
                [
                  -75.3421709726654,
                  -48.66143528158515,
                  0
                ],
                [
                  -75.3453854906654,
                  -48.62693007358514,
                  0
                ],
                [
                  -75.46033503466539,
                  -48.69992812058515,
                  0
                ],
                [
                  -75.55778783466539,
                  -48.71921522958516,
                  0
                ],
                [
                  -75.6533688886654,
                  -48.71604140158514,
                  0
                ],
                [
                  -75.6476722746654,
                  -48.77894830258515,
                  0
                ],
                [
                  -75.6124346436654,
                  -48.79489882358514,
                  0
                ],
                [
                  -75.4758786546654,
                  -48.76755507358514,
                  0
                ],
                [
                  -75.39763158466539,
                  -48.70578749558516,
                  0
                ],
                [
                  -75.34489720966539,
                  -48.73679335458514,
                  0
                ],
                [
                  -75.2968015056654,
                  -48.72719049058514,
                  0
                ],
                [
                  -75.2902503996654,
                  -48.67819960458515,
                  0
                ],
                [
                  -75.3421709726654,
                  -48.66143528158515,
                  0
                ]
              ]
            ]
          },
          {
            "type": "Polygon",
            "coordinates": [
              [
                [
                  -75.37903620666539,
                  -48.45586887558515,
                  0
                ],
                [
                  -75.4504066496654,
                  -48.42893202658514,
                  0
                ],
                [
                  -75.52413711766539,
                  -48.47190077658514,
                  0
                ],
                [
                  -75.60624974866539,
                  -48.43926731358515,
                  0
                ],
                [
                  -75.66085586766539,
                  -48.50412733958515,
                  0
                ],
                [
                  -75.67517878466539,
                  -48.58322890158515,
                  0
                ],
                [
                  -75.6259437586654,
                  -48.63205702658514,
                  0
                ],
                [
                  -75.4889401776654,
                  -48.60373671458515,
                  0
                ],
                [
                  -75.45231908466539,
                  -48.63099908358515,
                  0
                ],
                [
                  -75.49919408466539,
                  -48.66013319858514,
                  0
                ],
                [
                  -75.5953448006654,
                  -48.65842421458515,
                  0
                ],
                [
                  -75.57304662366539,
                  -48.69919569858514,
                  0
                ],
                [
                  -75.5060300216654,
                  -48.69480116758514,
                  0
                ],
                [
                  -75.3397295656654,
                  -48.61488580258515,
                  0
                ],
                [
                  -75.32817357666539,
                  -48.55222304258515,
                  0
                ],
                [
                  -75.37903620666539,
                  -48.45586887558515,
                  0
                ]
              ]
            ]
          },
          {
            "type": "Polygon",
            "coordinates": [
              [
                [
                  -74.3998695396654,
                  -48.52553033358515,
                  0
                ],
                [
                  -74.3063636806654,
                  -48.48947890158513,
                  0
                ],
                [
                  -74.3031898526654,
                  -48.47035455258515,
                  0
                ],
                [
                  -74.40703099866539,
                  -48.41818983958514,
                  0
                ],
                [
                  -74.47669245666539,
                  -48.40557590658514,
                  0
                ],
                [
                  -74.4718910246654,
                  -48.45603163658514,
                  0
                ],
                [
                  -74.4288408936654,
                  -48.52585585458515,
                  0
                ],
                [
                  -74.3998695396654,
                  -48.52553033358515,
                  0
                ]
              ]
            ]
          },
          {
            "type": "Polygon",
            "coordinates": [
              [
                [
                  -74.0540036546654,
                  -48.45505507358514,
                  0
                ],
                [
                  -74.0570147226654,
                  -48.42559543858514,
                  0
                ],
                [
                  -74.1935300216654,
                  -48.36350233958516,
                  0
                ],
                [
                  -74.2453285246654,
                  -48.39426405758515,
                  0
                ],
                [
                  -74.1108070396654,
                  -48.47360976158514,
                  0
                ],
                [
                  -74.0540036546654,
                  -48.45505507358514,
                  0
                ]
              ]
            ]
          },
          {
            "type": "Polygon",
            "coordinates": [
              [
                [
                  -74.30213190966539,
                  -48.36342095858515,
                  0
                ],
                [
                  -74.2977780686654,
                  -48.28806288658514,
                  0
                ],
                [
                  -74.3452634196654,
                  -48.28334283358515,
                  0
                ],
                [
                  -74.4606605556654,
                  -48.38449843258514,
                  0
                ],
                [
                  -74.3389157636654,
                  -48.42299127158515,
                  0
                ],
                [
                  -74.27153295166539,
                  -48.46270481358514,
                  0
                ],
                [
                  -74.2320635506654,
                  -48.42160780758515,
                  0
                ],
                [
                  -74.30213190966539,
                  -48.36342095858515,
                  0
                ]
              ]
            ]
          },
          {
            "type": "Polygon",
            "coordinates": [
              [
                [
                  -74.72111791266539,
                  -48.22198215658515,
                  0
                ],
                [
                  -74.6974362716654,
                  -48.18438450058515,
                  0
                ],
                [
                  -74.7641273526654,
                  -48.15264621958514,
                  0
                ],
                [
                  -74.7627438886654,
                  -48.21213515158513,
                  0
                ],
                [
                  -74.7984698006654,
                  -48.26641575058514,
                  0
                ],
                [
                  -74.8110837326654,
                  -48.36350233958516,
                  0
                ],
                [
                  -74.7169675216654,
                  -48.45359022958515,
                  0
                ],
                [
                  -74.78137995666539,
                  -48.48508437058515,
                  0
                ],
                [
                  -74.8197914146654,
                  -48.40354140158514,
                  0
                ],
                [
                  -74.94544245666539,
                  -48.41762017758515,
                  0
                ],
                [
                  -75.0328854906654,
                  -48.50453424058514,
                  0
                ],
                [
                  -75.0106686936654,
                  -48.58689101158514,
                  0
                ],
                [
                  -74.9469479906654,
                  -48.61960585458515,
                  0
                ],
                [
                  -74.7906573006654,
                  -48.63734674058514,
                  0
                ],
                [
                  -74.75041478766539,
                  -48.62953424058514,
                  0
                ],
                [
                  -74.6208168056654,
                  -48.69187147958515,
                  0
                ],
                [
                  -74.5275550866654,
                  -48.67494439658514,
                  0
                ],
                [
                  -74.4921140056654,
                  -48.64076470858514,
                  0
                ],
                [
                  -74.5472490976654,
                  -48.61602512558515,
                  0
                ],
                [
                  -74.5992510506654,
                  -48.56369765158513,
                  0
                ],
                [
                  -74.6019365976654,
                  -48.47531874558515,
                  0
                ],
                [
                  -74.64718399266539,
                  -48.40785455258515,
                  0
                ],
                [
                  -74.58671849866539,
                  -48.40346002158515,
                  0
                ],
                [
                  -74.61760228766539,
                  -48.33379856358515,
                  0
                ],
                [
                  -74.6798581466654,
                  -48.30344374558516,
                  0
                ],
                [
                  -74.66716283466539,
                  -48.26429986558513,
                  0
                ],
                [
                  -74.72111791266539,
                  -48.22198215658515,
                  0
                ]
              ]
            ]
          },
          {
            "type": "Polygon",
            "coordinates": [
              [
                [
                  -74.4510576906654,
                  -48.19008111558514,
                  0
                ],
                [
                  -74.50265274266539,
                  -48.14377577658515,
                  0
                ],
                [
                  -74.55799128466539,
                  -48.12237278158515,
                  0
                ],
                [
                  -74.60356420166539,
                  -48.23549127158514,
                  0
                ],
                [
                  -74.5579099046654,
                  -48.24346653158515,
                  0
                ],
                [
                  -74.5436276776654,
                  -48.32199843258514,
                  0
                ],
                [
                  -74.5192136156654,
                  -48.33322890158515,
                  0
                ],
                [
                  -74.4037350996654,
                  -48.29001601158515,
                  0
                ],
                [
                  -74.3812334726654,
                  -48.23557265158514,
                  0
                ],
                [
                  -74.4510576906654,
                  -48.19008111558514,
                  0
                ]
              ]
            ]
          },
          {
            "type": "Polygon",
            "coordinates": [
              [
                [
                  -75.12028783466539,
                  -48.10267877158515,
                  0
                ],
                [
                  -75.1674069746654,
                  -48.07533502158515,
                  0
                ],
                [
                  -75.2561520916654,
                  -48.06866184458513,
                  0
                ],
                [
                  -75.1579261806654,
                  -48.26071913658514,
                  0
                ],
                [
                  -75.15564753466539,
                  -48.31223280758515,
                  0
                ],
                [
                  -75.0837074306654,
                  -48.37611627158515,
                  0
                ],
                [
                  -75.0309323656654,
                  -48.44382460458515,
                  0
                ],
                [
                  -74.8372067796654,
                  -48.34486627158515,
                  0
                ],
                [
                  -74.83468399266539,
                  -48.24932590658515,
                  0
                ],
                [
                  -74.8043291756654,
                  -48.17453749558515,
                  0
                ],
                [
                  -74.82763529266539,
                  -48.14553605558515,
                  0
                ],
                [
                  -75.0173196936654,
                  -48.08306453458515,
                  0
                ],
                [
                  -75.0712155686654,
                  -48.10967746958514,
                  0
                ],
                [
                  -75.12028783466539,
                  -48.10267877158515,
                  0
                ]
              ]
            ]
          },
          {
            "type": "Polygon",
            "coordinates": [
              [
                [
                  -75.3489255296654,
                  -48.05922174058514,
                  0
                ],
                [
                  -75.3387530036654,
                  -48.01755507358514,
                  0
                ],
                [
                  -75.4749020916654,
                  -48.02634413658515,
                  0
                ],
                [
                  -75.58513158466539,
                  -48.08575168858514,
                  0
                ],
                [
                  -75.5656410246654,
                  -48.17136366758515,
                  0
                ],
                [
                  -75.52031224866539,
                  -48.23321262558515,
                  0
                ],
                [
                  -75.54358698766539,
                  -48.32199843258514,
                  0
                ],
                [
                  -75.46163711766539,
                  -48.31573215658516,
                  0
                ],
                [
                  -75.4054033936654,
                  -48.34445937058515,
                  0
                ],
                [
                  -75.55481745666539,
                  -48.37863905758515,
                  0
                ],
                [
                  -75.53715795166539,
                  -48.41582981358515,
                  0
                ],
                [
                  -75.4600095136654,
                  -48.41664361558514,
                  0
                ],
                [
                  -75.36601537366539,
                  -48.38401015158514,
                  0
                ],
                [
                  -75.2704343186654,
                  -48.41818983958514,
                  0
                ],
                [
                  -75.3204831466654,
                  -48.49248996958514,
                  0
                ],
                [
                  -75.29301732666539,
                  -48.54115533358514,
                  0
                ],
                [
                  -75.3039222746654,
                  -48.57777642758515,
                  0
                ],
                [
                  -75.2052487716654,
                  -48.69984674058514,
                  0
                ],
                [
                  -75.0825681076654,
                  -48.61350233958516,
                  0
                ],
                [
                  -75.0832191496654,
                  -48.50778944858515,
                  0
                ],
                [
                  -75.0985186286654,
                  -48.46596002158515,
                  0
                ],
                [
                  -75.20374323766539,
                  -48.33558892758514,
                  0
                ],
                [
                  -75.2629066496654,
                  -48.22702772958515,
                  0
                ],
                [
                  -75.26872533466539,
                  -48.16599257358514,
                  0
                ],
                [
                  -75.3489255296654,
                  -48.05922174058514,
                  0
                ]
              ]
            ]
          },
          {
            "type": "Polygon",
            "coordinates": [
              [
                [
                  -74.8311846436654,
                  -47.81084934458514,
                  0
                ],
                [
                  -74.8726071696654,
                  -47.81556939658515,
                  0
                ],
                [
                  -74.9427407166654,
                  -47.88371000758515,
                  0
                ],
                [
                  -75.0877123776654,
                  -47.86735087258516,
                  0
                ],
                [
                  -75.2068363926654,
                  -47.91699164058515,
                  0
                ],
                [
                  -75.2493161546654,
                  -48.04196913658514,
                  0
                ],
                [
                  -75.1497067796654,
                  -48.02439101158514,
                  0
                ],
                [
                  -75.1022214276654,
                  -47.99021132358514,
                  0
                ],
                [
                  -75.0385414146654,
                  -47.98842095858514,
                  0
                ],
                [
                  -75.03333308166539,
                  -48.03122694858515,
                  0
                ],
                [
                  -74.8963011076654,
                  -48.06825812958514,
                  0
                ],
                [
                  -74.7931253396654,
                  -48.07803709558515,
                  0
                ],
                [
                  -74.7271942866654,
                  -48.10593623758515,
                  0
                ],
                [
                  -74.8127970046654,
                  -47.93894157458514,
                  0
                ],
                [
                  -74.7655519166654,
                  -47.88425596158515,
                  0
                ],
                [
                  -74.7881388616654,
                  -47.81236866958515,
                  0
                ],
                [
                  -74.8311846436654,
                  -47.81084934458514,
                  0
                ]
              ]
            ]
          },
          {
            "type": "Polygon",
            "coordinates": [
              [
                [
                  -73.9755124436654,
                  -47.85984022958515,
                  0
                ],
                [
                  -74.07463353766539,
                  -47.84787733958516,
                  0
                ],
                [
                  -74.2450436936654,
                  -47.80645481358515,
                  0
                ],
                [
                  -74.2897214276654,
                  -47.80743137558515,
                  0
                ],
                [
                  -74.3961667406654,
                  -47.83949517758515,
                  0
                ],
                [
                  -74.50265274266539,
                  -47.91794569858515,
                  0
                ],
                [
                  -74.38945287366539,
                  -47.94203424058514,
                  0
                ],
                [
                  -74.3182858806654,
                  -47.98125950058515,
                  0
                ],
                [
                  -74.11536433166539,
                  -47.94594049058514,
                  0
                ],
                [
                  -74.0243405686654,
                  -47.95391575058515,
                  0
                ],
                [
                  -73.9631833416654,
                  -47.92697890158514,
                  0
                ],
                [
                  -73.92981745666539,
                  -47.95774062058515,
                  0
                ],
                [
                  -73.8310218836654,
                  -47.95261366758515,
                  0
                ],
                [
                  -73.8182451906654,
                  -47.86643202658514,
                  0
                ],
                [
                  -73.9312009196654,
                  -47.88018528158515,
                  0
                ],
                [
                  -73.9755124436654,
                  -47.85984022958515,
                  0
                ]
              ]
            ]
          },
          {
            "type": "Polygon",
            "coordinates": [
              [
                [
                  -74.5199945186654,
                  -47.83811349058514,
                  0
                ],
                [
                  -74.5259955556654,
                  -47.81291249758515,
                  0
                ],
                [
                  -74.6496802826654,
                  -47.79778663558515,
                  0
                ],
                [
                  -74.68898533166539,
                  -47.81393856458514,
                  0
                ],
                [
                  -74.6876106916654,
                  -47.86248218558514,
                  0
                ],
                [
                  -74.6438308406654,
                  -47.92315467158515,
                  0
                ],
                [
                  -74.5937873636654,
                  -47.86443300058514,
                  0
                ],
                [
                  -74.5199945186654,
                  -47.83811349058514,
                  0
                ]
              ]
            ]
          },
          {
            "type": "Polygon",
            "coordinates": [
              [
                [
                  -75.0762082266654,
                  -47.70101517558515,
                  0
                ],
                [
                  -75.11681922866539,
                  -47.67940875758514,
                  0
                ],
                [
                  -75.1675773386654,
                  -47.70901045758514,
                  0
                ],
                [
                  -75.24549957566539,
                  -47.72378275658514,
                  0
                ],
                [
                  -75.29456962266539,
                  -47.70324022658514,
                  0
                ],
                [
                  -75.3557285046654,
                  -47.73618442658515,
                  0
                ],
                [
                  -75.1320024436654,
                  -47.83991367858514,
                  0
                ],
                [
                  -75.0234974096654,
                  -47.80336942858515,
                  0
                ],
                [
                  -75.07695287366539,
                  -47.77276340658515,
                  0
                ],
                [
                  -75.0762082266654,
                  -47.70101517558515,
                  0
                ]
              ]
            ]
          },
          {
            "type": "Polygon",
            "coordinates": [
              [
                [
                  -74.9312009196654,
                  -47.77325168858514,
                  0
                ],
                [
                  -74.8611902996654,
                  -47.74392056858515,
                  0
                ],
                [
                  -74.9037697366654,
                  -47.68597976358516,
                  0
                ],
                [
                  -75.0001986626654,
                  -47.66224454858514,
                  0
                ],
                [
                  -75.0542364696654,
                  -47.68961645958515,
                  0
                ],
                [
                  -75.02704605066539,
                  -47.73851861958514,
                  0
                ],
                [
                  -74.9312009196654,
                  -47.77325168858514,
                  0
                ]
              ]
            ]
          },
          {
            "type": "Polygon",
            "coordinates": [
              [
                [
                  -74.44060033466539,
                  -47.16379530758515,
                  0
                ],
                [
                  -74.3209714276654,
                  -47.09128554258515,
                  0
                ],
                [
                  -74.3564938886654,
                  -47.04506158358515,
                  0
                ],
                [
                  -74.4391354906654,
                  -47.06150038658514,
                  0
                ],
                [
                  -74.48898086766539,
                  -47.11651340658515,
                  0
                ],
                [
                  -74.44060033466539,
                  -47.16379530758515,
                  0
                ]
              ]
            ]
          },
          {
            "type": "Polygon",
            "coordinates": [
              [
                [
                  -74.1184567796654,
                  -47.03025038658514,
                  0
                ],
                [
                  -74.1668780036654,
                  -47.01291640158514,
                  0
                ],
                [
                  -74.23051732666539,
                  -47.10219049058514,
                  0
                ],
                [
                  -74.1669593836654,
                  -47.13596327658514,
                  0
                ],
                [
                  -74.1457191496654,
                  -47.17120090658515,
                  0
                ],
                [
                  -74.06718724866539,
                  -47.13750950058515,
                  0
                ],
                [
                  -73.9750648526654,
                  -47.04766575058514,
                  0
                ],
                [
                  -74.0743893966654,
                  -47.02032200058515,
                  0
                ],
                [
                  -74.1184567796654,
                  -47.03025038658514,
                  0
                ]
              ]
            ]
          },
          {
            "type": "Polygon",
            "coordinates": [
              [
                [
                  -75.1320286346654,
                  -46.77803920458515,
                  0
                ],
                [
                  -75.1460140496654,
                  -46.69705989258514,
                  0
                ],
                [
                  -75.2189220636654,
                  -46.67444646958515,
                  0
                ],
                [
                  -75.32296190066539,
                  -46.68513371058515,
                  0
                ],
                [
                  -75.1615907146654,
                  -46.78162385858515,
                  0
                ],
                [
                  -75.1320286346654,
                  -46.77803920458515,
                  0
                ]
              ]
            ]
          },
          {
            "type": "Polygon",
            "coordinates": [
              [
                [
                  -73.79163386266539,
                  -46.04229465658516,
                  0
                ],
                [
                  -73.8372067796654,
                  -46.01299778158515,
                  0
                ],
                [
                  -73.9095944746654,
                  -46.01641575058515,
                  0
                ],
                [
                  -73.9403155036654,
                  -46.06817356358515,
                  0
                ],
                [
                  -73.8421709726654,
                  -46.12961562058515,
                  0
                ],
                [
                  -73.8218259196654,
                  -46.18145481358515,
                  0
                ],
                [
                  -73.7452471436654,
                  -46.18723280758514,
                  0
                ],
                [
                  -73.73161595966539,
                  -46.14597304258514,
                  0
                ],
                [
                  -73.6838864666654,
                  -46.10544569858514,
                  0
                ],
                [
                  -73.6864906336654,
                  -46.07289361558514,
                  0
                ],
                [
                  -73.73869603766539,
                  -46.04270155758515,
                  0
                ],
                [
                  -73.79163386266539,
                  -46.04229465658516,
                  0
                ]
              ]
            ]
          },
          {
            "type": "Polygon",
            "coordinates": [
              [
                [
                  -73.7479326906654,
                  -45.92364231358515,
                  0
                ],
                [
                  -73.7861000086654,
                  -45.91387668858514,
                  0
                ],
                [
                  -73.8193031336654,
                  -45.99875624558515,
                  0
                ],
                [
                  -73.7124509196654,
                  -46.02162408358515,
                  0
                ],
                [
                  -73.7032956466654,
                  -45.93536106358515,
                  0
                ],
                [
                  -73.7479326906654,
                  -45.92364231358515,
                  0
                ]
              ]
            ]
          },
          {
            "type": "Polygon",
            "coordinates": [
              [
                [
                  -74.7209144616654,
                  -45.80987278158515,
                  0
                ],
                [
                  -74.8038408936654,
                  -45.81980116758514,
                  0
                ],
                [
                  -74.8892087326654,
                  -45.88197564658515,
                  0
                ],
                [
                  -74.9130124436654,
                  -45.92111952658514,
                  0
                ],
                [
                  -74.9696123786654,
                  -45.88547499558515,
                  0
                ],
                [
                  -75.0541664146654,
                  -45.86358371958514,
                  0
                ],
                [
                  -75.1127601646654,
                  -45.88571913658513,
                  0
                ],
                [
                  -75.0885495526654,
                  -45.95033502158514,
                  0
                ],
                [
                  -74.9886553476654,
                  -46.00559218258515,
                  0
                ],
                [
                  -75.0841957116654,
                  -46.02683241758515,
                  0
                ],
                [
                  -75.1059242276654,
                  -46.04709608958515,
                  0
                ],
                [
                  -75.0741452556654,
                  -46.09388970858515,
                  0
                ],
                [
                  -74.9859698006654,
                  -46.11211887558515,
                  0
                ],
                [
                  -74.9194821696654,
                  -46.10422499558515,
                  0
                ],
                [
                  -74.8519365976654,
                  -46.04506158358515,
                  0
                ],
                [
                  -74.8134030686654,
                  -46.03586562058515,
                  0
                ],
                [
                  -74.7661618576654,
                  -45.98890924058514,
                  0
                ],
                [
                  -74.7450436936654,
                  -45.90004205258514,
                  0
                ],
                [
                  -74.71489232666539,
                  -45.84844700058515,
                  0
                ],
                [
                  -74.7209144616654,
                  -45.80987278158515,
                  0
                ]
              ]
            ]
          },
          {
            "type": "Polygon",
            "coordinates": [
              [
                [
                  -73.70764948766539,
                  -45.86399062058515,
                  0
                ],
                [
                  -73.7416664146654,
                  -45.79392226158514,
                  0
                ],
                [
                  -73.8018877686654,
                  -45.83591444858514,
                  0
                ],
                [
                  -73.87569961766539,
                  -45.85471327658514,
                  0
                ],
                [
                  -73.9403155036654,
                  -45.90997043858515,
                  0
                ],
                [
                  -73.9341306076654,
                  -45.97198215658515,
                  0
                ],
                [
                  -73.8563718186654,
                  -45.96758762558515,
                  0
                ],
                [
                  -73.78947728766539,
                  -45.87579075058516,
                  0
                ],
                [
                  -73.70764948766539,
                  -45.86399062058515,
                  0
                ]
              ]
            ]
          },
          {
            "type": "Polygon",
            "coordinates": [
              [
                [
                  -74.00859349866539,
                  -45.74541965658515,
                  0
                ],
                [
                  -74.0944089276654,
                  -45.76397434458514,
                  0
                ],
                [
                  -74.0907875086654,
                  -45.81467421458516,
                  0
                ],
                [
                  -74.02971166266539,
                  -45.90313450058515,
                  0
                ],
                [
                  -73.96757787366539,
                  -45.85837538658514,
                  0
                ],
                [
                  -73.9666826906654,
                  -45.76983371958514,
                  0
                ],
                [
                  -74.00859349866539,
                  -45.74541965658515,
                  0
                ]
              ]
            ]
          },
          {
            "type": "Polygon",
            "coordinates": [
              [
                [
                  -74.7692543056654,
                  -45.70456679258515,
                  0
                ],
                [
                  -74.7496823656654,
                  -45.69773085458514,
                  0
                ],
                [
                  -74.8156410246654,
                  -45.60520155758515,
                  0
                ],
                [
                  -74.8790768966654,
                  -45.62465142758514,
                  0
                ],
                [
                  -74.79692357666539,
                  -45.69756809458514,
                  0
                ],
                [
                  -74.7692543056654,
                  -45.70456679258515,
                  0
                ]
              ]
            ]
          },
          {
            "type": "Polygon",
            "coordinates": [
              [
                [
                  -74.6112953216654,
                  -45.75144179258515,
                  0
                ],
                [
                  -74.5502601646654,
                  -45.67136366758515,
                  0
                ],
                [
                  -74.5724769616654,
                  -45.65411106358515,
                  0
                ],
                [
                  -74.54114558166539,
                  -45.57875299058514,
                  0
                ],
                [
                  -74.5811032636654,
                  -45.57468397958515,
                  0
                ],
                [
                  -74.66028620666539,
                  -45.60153944858514,
                  0
                ],
                [
                  -74.6935300216654,
                  -45.64613580258515,
                  0
                ],
                [
                  -74.7003252686654,
                  -45.72767877158515,
                  0
                ],
                [
                  -74.6112953216654,
                  -45.75144179258515,
                  0
                ]
              ]
            ]
          },
          {
            "type": "Polygon",
            "coordinates": [
              [
                [
                  -73.9543942796654,
                  -45.71400689658515,
                  0
                ],
                [
                  -73.9204587326654,
                  -45.69773085458514,
                  0
                ],
                [
                  -73.90043920166539,
                  -45.62839491758515,
                  0
                ],
                [
                  -73.9100420656654,
                  -45.59104140158514,
                  0
                ],
                [
                  -74.0304033936654,
                  -45.53318007358515,
                  0
                ],
                [
                  -74.1122311936654,
                  -45.58786757358514,
                  0
                ],
                [
                  -74.10075658466539,
                  -45.64206679258515,
                  0
                ],
                [
                  -74.04338353766539,
                  -45.71555312058515,
                  0
                ],
                [
                  -73.9543942796654,
                  -45.71400689658515,
                  0
                ]
              ]
            ]
          },
          {
            "type": "Polygon",
            "coordinates": [
              [
                [
                  -74.2897214276654,
                  -45.62253554258515,
                  0
                ],
                [
                  -74.22148412366539,
                  -45.60153944858514,
                  0
                ],
                [
                  -74.25721003466539,
                  -45.51543918858515,
                  0
                ],
                [
                  -74.2933428476654,
                  -45.47914361558514,
                  0
                ],
                [
                  -74.37171198766539,
                  -45.45131158358515,
                  0
                ],
                [
                  -74.42106908466539,
                  -45.45432265158514,
                  0
                ],
                [
                  -74.4637530036654,
                  -45.51836887558515,
                  0
                ],
                [
                  -74.4889401776654,
                  -45.60666640158514,
                  0
                ],
                [
                  -74.4566729256654,
                  -45.63156874558514,
                  0
                ],
                [
                  -74.45585912366539,
                  -45.67746718258515,
                  0
                ],
                [
                  -74.50265274266539,
                  -45.73239882358514,
                  0
                ],
                [
                  -74.4702634196654,
                  -45.77504205258514,
                  0
                ],
                [
                  -74.4059730556654,
                  -45.76690403158516,
                  0
                ],
                [
                  -74.3414385506654,
                  -45.73313124558515,
                  0
                ],
                [
                  -74.3354977946654,
                  -45.68780246958514,
                  0
                ],
                [
                  -74.26241836766539,
                  -45.68471002158515,
                  0
                ],
                [
                  -74.20781224866539,
                  -45.63555637558515,
                  0
                ],
                [
                  -74.2897214276654,
                  -45.62253554258515,
                  0
                ]
              ]
            ]
          },
          {
            "type": "Polygon",
            "coordinates": [
              [
                [
                  -73.6226071696654,
                  -45.61895481358515,
                  0
                ],
                [
                  -73.59770482666539,
                  -45.57484674058514,
                  0
                ],
                [
                  -73.5858233156654,
                  -45.48020155758515,
                  0
                ],
                [
                  -73.6659828216654,
                  -45.43698866758515,
                  0
                ],
                [
                  -73.72205378466539,
                  -45.45782200058515,
                  0
                ],
                [
                  -73.7707191496654,
                  -45.51202121958514,
                  0
                ],
                [
                  -73.7860186286654,
                  -45.56996392758515,
                  0
                ],
                [
                  -73.7416664146654,
                  -45.60902642758515,
                  0
                ],
                [
                  -73.8180824306654,
                  -45.64255507358514,
                  0
                ],
                [
                  -73.7212399826654,
                  -45.70521783358515,
                  0
                ],
                [
                  -73.6802243576654,
                  -45.75290663658514,
                  0
                ],
                [
                  -73.61369603766539,
                  -45.71465793858515,
                  0
                ],
                [
                  -73.65296198766539,
                  -45.66355116758515,
                  0
                ],
                [
                  -73.6226071696654,
                  -45.61895481358515,
                  0
                ]
              ]
            ]
          },
          {
            "type": "Polygon",
            "coordinates": [
              [
                [
                  -73.9064613366654,
                  -45.46758762558515,
                  0
                ],
                [
                  -73.9892250086654,
                  -45.42754856358515,
                  0
                ],
                [
                  -74.06385065966539,
                  -45.42331679258515,
                  0
                ],
                [
                  -74.1064125086654,
                  -45.47190077658514,
                  0
                ],
                [
                  -74.1448239666654,
                  -45.55808241758515,
                  0
                ],
                [
                  -74.0294675216654,
                  -45.51739231358515,
                  0
                ],
                [
                  -73.87028783466539,
                  -45.56174452658514,
                  0
                ],
                [
                  -73.8167803476654,
                  -45.47483046458516,
                  0
                ],
                [
                  -73.8439613366654,
                  -45.45293918858515,
                  0
                ],
                [
                  -73.9064613366654,
                  -45.46758762558515,
                  0
                ]
              ]
            ]
          },
          {
            "type": "Polygon",
            "coordinates": [
              [
                [
                  -74.4998858156654,
                  -45.56361627158515,
                  0
                ],
                [
                  -74.4989499436654,
                  -45.50258111558513,
                  0
                ],
                [
                  -74.4547604906654,
                  -45.45391575058514,
                  0
                ],
                [
                  -74.51957982666539,
                  -45.44415012558515,
                  0
                ],
                [
                  -74.5680010506654,
                  -45.52373996958514,
                  0
                ],
                [
                  -74.4998858156654,
                  -45.56361627158515,
                  0
                ]
              ]
            ]
          },
          {
            "type": "Polygon",
            "coordinates": [
              [
                [
                  -73.9408444746654,
                  -45.36635064658515,
                  0
                ],
                [
                  -74.0087562586654,
                  -45.38083632358514,
                  0
                ],
                [
                  -74.0110349046654,
                  -45.41127252158514,
                  0
                ],
                [
                  -73.9215573656654,
                  -45.43047825058515,
                  0
                ],
                [
                  -73.8632077556654,
                  -45.42038710458515,
                  0
                ],
                [
                  -73.8280515056654,
                  -45.37237278158515,
                  0
                ],
                [
                  -73.9408444746654,
                  -45.36635064658515,
                  0
                ]
              ]
            ]
          },
          {
            "type": "Polygon",
            "coordinates": [
              [
                [
                  -74.3451413496654,
                  -45.40207655758515,
                  0
                ],
                [
                  -74.3232093836654,
                  -45.37937147958516,
                  0
                ],
                [
                  -74.38908666266539,
                  -45.28171522958515,
                  0
                ],
                [
                  -74.4989499436654,
                  -45.28610976158514,
                  0
                ],
                [
                  -74.52617162366539,
                  -45.31556939658515,
                  0
                ],
                [
                  -74.48898086766539,
                  -45.35512017758515,
                  0
                ],
                [
                  -74.3778561936654,
                  -45.40101861558513,
                  0
                ],
                [
                  -74.3451413496654,
                  -45.40207655758515,
                  0
                ]
              ]
            ]
          },
          {
            "type": "Polygon",
            "coordinates": [
              [
                [
                  -74.02971166266539,
                  -45.25266249558516,
                  0
                ],
                [
                  -74.0701983156654,
                  -45.20432265158514,
                  0
                ],
                [
                  -74.1668780036654,
                  -45.25266249558516,
                  0
                ],
                [
                  -74.12932103766539,
                  -45.32403293858514,
                  0
                ],
                [
                  -74.0120928476654,
                  -45.35365533358515,
                  0
                ],
                [
                  -73.8276852946654,
                  -45.34763319858514,
                  0
                ],
                [
                  -73.7860593186654,
                  -45.33396132358514,
                  0
                ],
                [
                  -73.82426732666539,
                  -45.26633437058514,
                  0
                ],
                [
                  -73.9858884196654,
                  -45.27081028158515,
                  0
                ],
                [
                  -74.02971166266539,
                  -45.25266249558516,
                  0
                ]
              ]
            ]
          },
          {
            "type": "Polygon",
            "coordinates": [
              [
                [
                  -74.3072995526654,
                  -45.29457330258515,
                  0
                ],
                [
                  -74.2795082116654,
                  -45.20432265158514,
                  0
                ],
                [
                  -74.3586097746654,
                  -45.15647108958515,
                  0
                ],
                [
                  -74.4194821696654,
                  -45.19984674058513,
                  0
                ],
                [
                  -74.4149248786654,
                  -45.24704726158514,
                  0
                ],
                [
                  -74.33830541266539,
                  -45.29864231358514,
                  0
                ],
                [
                  -74.3072995526654,
                  -45.29457330258515,
                  0
                ]
              ]
            ]
          },
          {
            "type": "Polygon",
            "coordinates": [
              [
                [
                  -73.8453854906654,
                  -45.00127903158514,
                  0
                ],
                [
                  -73.9145179776654,
                  -44.99533827658514,
                  0
                ],
                [
                  -74.0743893966654,
                  -45.03350559458514,
                  0
                ],
                [
                  -74.14921849866539,
                  -45.02365858958516,
                  0
                ],
                [
                  -74.2067543056654,
                  -45.04270155758515,
                  0
                ],
                [
                  -74.2499265056654,
                  -45.10967746958514,
                  0
                ],
                [
                  -74.2419919356654,
                  -45.14963515158513,
                  0
                ],
                [
                  -74.1833981856654,
                  -45.16957330258515,
                  0
                ],
                [
                  -74.0839108806654,
                  -45.14011366758515,
                  0
                ],
                [
                  -74.0267819746654,
                  -45.19211562058514,
                  0
                ],
                [
                  -74.00721003466539,
                  -45.23215468258515,
                  0
                ],
                [
                  -73.9623288496654,
                  -45.24916314658515,
                  0
                ],
                [
                  -73.8299639406654,
                  -45.24314101158514,
                  0
                ],
                [
                  -73.7677894616654,
                  -45.28464491758515,
                  0
                ],
                [
                  -73.7067136156654,
                  -45.18137343258515,
                  0
                ],
                [
                  -73.7144040446654,
                  -45.11423476158515,
                  0
                ],
                [
                  -73.76966120666539,
                  -45.07761366758515,
                  0
                ],
                [
                  -73.77796198766539,
                  -45.03879530758515,
                  0
                ],
                [
                  -73.8453854906654,
                  -45.00127903158514,
                  0
                ]
              ]
            ]
          },
          {
            "type": "Polygon",
            "coordinates": [
              [
                [
                  -73.9176511156654,
                  -44.95651991758515,
                  0
                ],
                [
                  -73.9694089276654,
                  -44.90402968258515,
                  0
                ],
                [
                  -74.1381507896654,
                  -44.86830377158515,
                  0
                ],
                [
                  -74.18811823766539,
                  -44.86911757358514,
                  0
                ],
                [
                  -74.2699053476654,
                  -44.94415012558515,
                  0
                ],
                [
                  -74.3311032636654,
                  -44.96457655758515,
                  0
                ],
                [
                  -74.3567380296654,
                  -45.01153293858515,
                  0
                ],
                [
                  -74.2799558026654,
                  -45.02748345858515,
                  0
                ],
                [
                  -74.1873044356654,
                  -44.99192030758515,
                  0
                ],
                [
                  -74.06560033466539,
                  -44.99883762558515,
                  0
                ],
                [
                  -73.9754717536654,
                  -44.98304986558514,
                  0
                ],
                [
                  -73.9176511156654,
                  -44.95651991758515,
                  0
                ]
              ]
            ]
          },
          {
            "type": "Polygon",
            "coordinates": [
              [
                [
                  -74.03911107666539,
                  -44.85316705258515,
                  0
                ],
                [
                  -73.9735593186654,
                  -44.83461236558514,
                  0
                ],
                [
                  -73.96330541266539,
                  -44.78057590658515,
                  0
                ],
                [
                  -74.16614558166539,
                  -44.80075819858514,
                  0
                ],
                [
                  -74.1760739666654,
                  -44.81849908358515,
                  0
                ],
                [
                  -74.03911107666539,
                  -44.85316705258515,
                  0
                ]
              ]
            ]
          },
          {
            "type": "Polygon",
            "coordinates": [
              [
                [
                  -73.8167803476654,
                  -44.83428684458514,
                  0
                ],
                [
                  -73.8365964276654,
                  -44.78415663658514,
                  0
                ],
                [
                  -73.8857093836654,
                  -44.76543918858515,
                  0
                ],
                [
                  -73.9389320396654,
                  -44.81296522958515,
                  0
                ],
                [
                  -73.8885576906654,
                  -44.84388970858515,
                  0
                ],
                [
                  -73.9235104906654,
                  -44.89271783358515,
                  0
                ],
                [
                  -73.8394854256654,
                  -44.95863580258515,
                  0
                ],
                [
                  -73.76213353766539,
                  -44.92990858958515,
                  0
                ],
                [
                  -73.8167803476654,
                  -44.83428684458514,
                  0
                ]
              ]
            ]
          },
          {
            "type": "Polygon",
            "coordinates": [
              [
                [
                  -75.0850095136654,
                  -44.92347955258515,
                  0
                ],
                [
                  -75.0310871116654,
                  -44.90401366958515,
                  0
                ],
                [
                  -75.0630981496654,
                  -44.83094785558514,
                  0
                ],
                [
                  -75.1129944306654,
                  -44.76656261458515,
                  0
                ],
                [
                  -75.1469969346654,
                  -44.76381092458514,
                  0
                ],
                [
                  -75.2000276906654,
                  -44.81665953058515,
                  0
                ],
                [
                  -75.1546712216654,
                  -44.86497365958515,
                  0
                ],
                [
                  -75.1644815906654,
                  -44.91387980058514,
                  0
                ],
                [
                  -75.0850095136654,
                  -44.92347955258515,
                  0
                ]
              ]
            ]
          },
          {
            "type": "Polygon",
            "coordinates": [
              [
                [
                  -73.6045407636654,
                  -44.74493137558515,
                  0
                ],
                [
                  -73.6500729906654,
                  -44.73451470858515,
                  0
                ],
                [
                  -73.7415036546654,
                  -44.75469700058515,
                  0
                ],
                [
                  -73.7280759196654,
                  -44.82110325058515,
                  0
                ],
                [
                  -73.67713190966539,
                  -44.84030897958515,
                  0
                ],
                [
                  -73.6271237716654,
                  -44.82981093258515,
                  0
                ],
                [
                  -73.6045407636654,
                  -44.74493137558515,
                  0
                ]
              ]
            ]
          },
          {
            "type": "Polygon",
            "coordinates": [
              [
                [
                  -74.3276039146654,
                  -44.84795871958514,
                  0
                ],
                [
                  -74.3412350996654,
                  -44.80637343258515,
                  0
                ],
                [
                  -74.40703099866539,
                  -44.77601861558514,
                  0
                ],
                [
                  -74.42692845966539,
                  -44.71823866758515,
                  0
                ],
                [
                  -74.49064916266539,
                  -44.71970351158514,
                  0
                ],
                [
                  -74.5248695396654,
                  -44.75404595858515,
                  0
                ],
                [
                  -74.4692054776654,
                  -44.82688124558515,
                  0
                ],
                [
                  -74.39335912366539,
                  -44.85707330258515,
                  0
                ],
                [
                  -74.3276039146654,
                  -44.84795871958514,
                  0
                ]
              ]
            ]
          },
          {
            "type": "Polygon",
            "coordinates": [
              [
                [
                  -74.4542315186654,
                  -44.67356093258515,
                  0
                ],
                [
                  -74.4691240976654,
                  -44.63913710458515,
                  0
                ],
                [
                  -74.6224850996654,
                  -44.62204726158514,
                  0
                ],
                [
                  -74.66077448766539,
                  -44.65378554258515,
                  0
                ],
                [
                  -74.6385576906654,
                  -44.68943007358514,
                  0
                ],
                [
                  -74.4841794356654,
                  -44.69846327658514,
                  0
                ],
                [
                  -74.4542315186654,
                  -44.67356093258515,
                  0
                ]
              ]
            ]
          },
          {
            "type": "Polygon",
            "coordinates": [
              [
                [
                  -73.9266436286654,
                  -44.62888319858514,
                  0
                ],
                [
                  -74.02543920166539,
                  -44.60316705258515,
                  0
                ],
                [
                  -74.26697565966539,
                  -44.60316705258515,
                  0
                ],
                [
                  -74.4003578216654,
                  -44.62611627158515,
                  0
                ],
                [
                  -74.4067868576654,
                  -44.69431288658514,
                  0
                ],
                [
                  -74.3558428476654,
                  -44.76511366758515,
                  0
                ],
                [
                  -74.2795082116654,
                  -44.80385064658515,
                  0
                ],
                [
                  -74.0929847746654,
                  -44.75339491758515,
                  0
                ],
                [
                  -74.0116452556654,
                  -44.71652968258515,
                  0
                ],
                [
                  -73.87569961766539,
                  -44.69406874558515,
                  0
                ],
                [
                  -73.9266436286654,
                  -44.62888319858514,
                  0
                ]
              ]
            ]
          },
          {
            "type": "Polygon",
            "coordinates": [
              [
                [
                  -74.7828448006654,
                  -44.55515272958515,
                  0
                ],
                [
                  -74.8247556076654,
                  -44.58119439658515,
                  0
                ],
                [
                  -74.8187334726654,
                  -44.65573866758515,
                  0
                ],
                [
                  -74.7476071696654,
                  -44.66566705258515,
                  0
                ],
                [
                  -74.7323483806654,
                  -44.59323866758515,
                  0
                ],
                [
                  -74.7828448006654,
                  -44.55515272958515,
                  0
                ]
              ]
            ]
          },
          {
            "type": "Polygon",
            "coordinates": [
              [
                [
                  -73.67973607666539,
                  -44.54489882358514,
                  0
                ],
                [
                  -73.7963132246654,
                  -44.55319960458515,
                  0
                ],
                [
                  -73.82687149266539,
                  -44.59445937058515,
                  0
                ],
                [
                  -73.8376950606654,
                  -44.66436496958514,
                  0
                ],
                [
                  -73.7523272226654,
                  -44.74143202658514,
                  0
                ],
                [
                  -73.5913571696654,
                  -44.70676405758515,
                  0
                ],
                [
                  -73.6331865976654,
                  -44.60813124558515,
                  0
                ],
                [
                  -73.67973607666539,
                  -44.54489882358514,
                  0
                ]
              ]
            ]
          },
          {
            "type": "Polygon",
            "coordinates": [
              [
                [
                  -74.1766843186654,
                  -44.50388319858514,
                  0
                ],
                [
                  -74.2941566496654,
                  -44.49948866758515,
                  0
                ],
                [
                  -74.3682126386654,
                  -44.52561171458515,
                  0
                ],
                [
                  -74.34436823766539,
                  -44.57370741758515,
                  0
                ],
                [
                  -74.1540199306654,
                  -44.55979140158514,
                  0
                ],
                [
                  -74.1766843186654,
                  -44.50388319858514,
                  0
                ]
              ]
            ]
          },
          {
            "type": "Polygon",
            "coordinates": [
              [
                [
                  -73.9594398526654,
                  -44.55149062058515,
                  0
                ],
                [
                  -73.9572425866654,
                  -44.47930637558515,
                  0
                ],
                [
                  -74.01603978766539,
                  -44.45684543858515,
                  0
                ],
                [
                  -74.03585586766539,
                  -44.49851210458515,
                  0
                ],
                [
                  -74.11796849866539,
                  -44.51169569858514,
                  0
                ],
                [
                  -74.0704831466654,
                  -44.55206028158515,
                  0
                ],
                [
                  -73.9594398526654,
                  -44.55149062058515,
                  0
                ]
              ]
            ]
          },
          {
            "type": "Polygon",
            "coordinates": [
              [
                [
                  -74.2228675866654,
                  -44.46742486558514,
                  0
                ],
                [
                  -74.2593259196654,
                  -44.41290012558515,
                  0
                ],
                [
                  -74.3062009196654,
                  -44.39377577658514,
                  0
                ],
                [
                  -74.4386065186654,
                  -44.43918593258515,
                  0
                ],
                [
                  -74.5028561936654,
                  -44.43454726158514,
                  0
                ],
                [
                  -74.5475339276654,
                  -44.47670220858515,
                  0
                ],
                [
                  -74.5231198656654,
                  -44.52650689658515,
                  0
                ],
                [
                  -74.3927894616654,
                  -44.54701470858515,
                  0
                ],
                [
                  -74.4200925216654,
                  -44.50534804258515,
                  0
                ],
                [
                  -74.2228675866654,
                  -44.46742486558514,
                  0
                ]
              ]
            ]
          },
          {
            "type": "Polygon",
            "coordinates": [
              [
                [
                  -73.8202796966654,
                  -44.46058892758515,
                  0
                ],
                [
                  -73.78947728766539,
                  -44.42282851158514,
                  0
                ],
                [
                  -73.9026364666654,
                  -44.37839491758515,
                  0
                ],
                [
                  -73.9039385506654,
                  -44.44496392758515,
                  0
                ],
                [
                  -73.8202796966654,
                  -44.46058892758515,
                  0
                ]
              ]
            ]
          },
          {
            "type": "Polygon",
            "coordinates": [
              [
                [
                  -72.93372370666539,
                  -44.45098606358515,
                  0
                ],
                [
                  -72.9330319746654,
                  -44.41696913658514,
                  0
                ],
                [
                  -73.0018389406654,
                  -44.36130507358514,
                  0
                ],
                [
                  -73.0836260506654,
                  -44.38457981358515,
                  0
                ],
                [
                  -73.08439916266539,
                  -44.43031549058514,
                  0
                ],
                [
                  -73.1463701906654,
                  -44.43568658358515,
                  0
                ],
                [
                  -73.21013158466539,
                  -44.40891249558515,
                  0
                ],
                [
                  -73.2610349046654,
                  -44.47727187058515,
                  0
                ],
                [
                  -73.24138158466539,
                  -44.51218397958515,
                  0
                ],
                [
                  -73.13676732666539,
                  -44.53635390158514,
                  0
                ],
                [
                  -73.15898412366539,
                  -44.57045220858515,
                  0
                ],
                [
                  -73.2365394616654,
                  -44.53562147958515,
                  0
                ],
                [
                  -73.2803220136654,
                  -44.54180637558515,
                  0
                ],
                [
                  -73.2972490976654,
                  -44.60617812058515,
                  0
                ],
                [
                  -73.3512448656654,
                  -44.61521132358514,
                  0
                ],
                [
                  -73.4269691496654,
                  -44.60105116758515,
                  0
                ],
                [
                  -73.46794408466539,
                  -44.64255507358514,
                  0
                ],
                [
                  -73.4005612716654,
                  -44.77894830258515,
                  0
                ],
                [
                  -73.35856908466539,
                  -44.78903944858514,
                  0
                ],
                [
                  -73.29944636266539,
                  -44.75860325058515,
                  0
                ],
                [
                  -73.2180661546654,
                  -44.79050429258515,
                  0
                ],
                [
                  -73.25505345966539,
                  -44.81377903158515,
                  0
                ],
                [
                  -73.3072995526654,
                  -44.78594700058515,
                  0
                ],
                [
                  -73.40739720966539,
                  -44.82248671458515,
                  0
                ],
                [
                  -73.3649167406654,
                  -44.86846653158515,
                  0
                ],
                [
                  -73.2568031336654,
                  -44.94008111558514,
                  0
                ],
                [
                  -73.14726537366539,
                  -44.91192356358515,
                  0
                ],
                [
                  -73.0546546966654,
                  -44.85813124558515,
                  0
                ],
                [
                  -72.9679847746654,
                  -44.78773736558514,
                  0
                ],
                [
                  -72.8374509196654,
                  -44.71018202658514,
                  0
                ],
                [
                  -72.8311032636654,
                  -44.67657200058515,
                  0
                ],
                [
                  -72.9021481856654,
                  -44.66159804258515,
                  0
                ],
                [
                  -72.9006019616654,
                  -44.63099908358515,
                  0
                ],
                [
                  -72.8131589276654,
                  -44.63637017758515,
                  0
                ],
                [
                  -72.7209958416654,
                  -44.52805312058515,
                  0
                ],
                [
                  -72.76872533466539,
                  -44.46661106358515,
                  0
                ],
                [
                  -72.8721188886654,
                  -44.43715142758515,
                  0
                ],
                [
                  -72.93372370666539,
                  -44.45098606358515,
                  0
                ]
              ]
            ]
          },
          {
            "type": "Polygon",
            "coordinates": [
              [
                [
                  -73.67851537366539,
                  -44.43454726158514,
                  0
                ],
                [
                  -73.6965003996654,
                  -44.39825168858515,
                  0
                ],
                [
                  -73.6539385506654,
                  -44.35088840658515,
                  0
                ],
                [
                  -73.78947728766539,
                  -44.38246392758515,
                  0
                ],
                [
                  -73.7262855556654,
                  -44.42510715658515,
                  0
                ],
                [
                  -73.67851537366539,
                  -44.43454726158514,
                  0
                ]
              ]
            ]
          },
          {
            "type": "Polygon",
            "coordinates": [
              [
                [
                  -74.02971166266539,
                  -44.35463189658515,
                  0
                ],
                [
                  -74.0427731856654,
                  -44.40573866758515,
                  0
                ],
                [
                  -73.9286781336654,
                  -44.43129205258515,
                  0
                ],
                [
                  -73.95036595966539,
                  -44.34860976158514,
                  0
                ],
                [
                  -74.02971166266539,
                  -44.35463189658515,
                  0
                ]
              ]
            ]
          },
          {
            "type": "Polygon",
            "coordinates": [
              [
                [
                  -73.2438229906654,
                  -44.31036106358515,
                  0
                ],
                [
                  -73.28984349866539,
                  -44.32728814658515,
                  0
                ],
                [
                  -73.2983070396654,
                  -44.36814101158514,
                  0
                ],
                [
                  -73.2626218186654,
                  -44.38848606358515,
                  0
                ],
                [
                  -73.17656224866539,
                  -44.37497694858514,
                  0
                ],
                [
                  -73.2438229906654,
                  -44.31036106358515,
                  0
                ]
              ]
            ]
          },
          {
            "type": "Polygon",
            "coordinates": [
              [
                [
                  -74.28984349866539,
                  -44.29734022958515,
                  0
                ],
                [
                  -74.3033933026654,
                  -44.25827772958515,
                  0
                ],
                [
                  -74.3663408936654,
                  -44.24680312058515,
                  0
                ],
                [
                  -74.4097165446654,
                  -44.28448215658515,
                  0
                ],
                [
                  -74.28984349866539,
                  -44.29734022958515,
                  0
                ]
              ]
            ]
          },
          {
            "type": "Polygon",
            "coordinates": [
              [
                [
                  -73.6659828216654,
                  -44.26511366758515,
                  0
                ],
                [
                  -73.6981686936654,
                  -44.24192030758515,
                  0
                ],
                [
                  -73.75721003466539,
                  -44.28244765158514,
                  0
                ],
                [
                  -73.72185033466539,
                  -44.30287408358515,
                  0
                ],
                [
                  -73.6659828216654,
                  -44.26511366758515,
                  0
                ]
              ]
            ]
          },
          {
            "type": "Polygon",
            "coordinates": [
              [
                [
                  -74.0361813886654,
                  -44.16233046458515,
                  0
                ],
                [
                  -74.04952774266539,
                  -44.19008111558514,
                  0
                ],
                [
                  -74.1261065186654,
                  -44.20033502158515,
                  0
                ],
                [
                  -74.0942054776654,
                  -44.28244765158514,
                  0
                ],
                [
                  -74.0433428476654,
                  -44.32045220858515,
                  0
                ],
                [
                  -74.00916315966539,
                  -44.25730116758515,
                  0
                ],
                [
                  -73.94609349866539,
                  -44.24143202658514,
                  0
                ],
                [
                  -74.0361813886654,
                  -44.16233046458515,
                  0
                ]
              ]
            ]
          },
          {
            "type": "Polygon",
            "coordinates": [
              [
                [
                  -74.2661618576654,
                  -44.17697890158514,
                  0
                ],
                [
                  -74.2960283936654,
                  -44.14336887558515,
                  0
                ],
                [
                  -74.3576332116654,
                  -44.14564752158515,
                  0
                ],
                [
                  -74.3372067796654,
                  -44.18991835458515,
                  0
                ],
                [
                  -74.2661618576654,
                  -44.17697890158514,
                  0
                ]
              ]
            ]
          },
          {
            "type": "Polygon",
            "coordinates": [
              [
                [
                  -73.87952448766539,
                  -44.15590142758515,
                  0
                ],
                [
                  -73.9174476646654,
                  -44.09844700058515,
                  0
                ],
                [
                  -74.01603978766539,
                  -44.14288059458514,
                  0
                ],
                [
                  -73.9521970136654,
                  -44.18633762558515,
                  0
                ],
                [
                  -73.8701657636654,
                  -44.19659153158515,
                  0
                ],
                [
                  -73.87952448766539,
                  -44.15590142758515,
                  0
                ]
              ]
            ]
          },
          {
            "type": "Polygon",
            "coordinates": [
              [
                [
                  -73.63322728766539,
                  -44.12383762558515,
                  0
                ],
                [
                  -73.6100339276654,
                  -44.08518202658514,
                  0
                ],
                [
                  -73.6553220136654,
                  -44.03741184458514,
                  0
                ],
                [
                  -73.6498288496654,
                  -43.99143202658514,
                  0
                ],
                [
                  -73.7017087326654,
                  -43.94447564658515,
                  0
                ],
                [
                  -73.7548093186654,
                  -43.98532851158514,
                  0
                ],
                [
                  -73.72380345966539,
                  -44.05051405758515,
                  0
                ],
                [
                  -73.63322728766539,
                  -44.12383762558515,
                  0
                ]
              ]
            ]
          },
          {
            "type": "Polygon",
            "coordinates": [
              [
                [
                  -73.1731442796654,
                  -44.02561171458515,
                  0
                ],
                [
                  -73.1405921966654,
                  -43.90362278158515,
                  0
                ],
                [
                  -73.2173337326654,
                  -43.88816054258515,
                  0
                ],
                [
                  -73.2724281336654,
                  -43.91941054258515,
                  0
                ],
                [
                  -73.2749509196654,
                  -43.99411757358514,
                  0
                ],
                [
                  -73.1731442796654,
                  -44.02561171458515,
                  0
                ]
              ]
            ]
          },
          {
            "type": "Polygon",
            "coordinates": [
              [
                [
                  -73.85804011266539,
                  -43.76682265158514,
                  0
                ],
                [
                  -73.8652015716654,
                  -43.78936496958514,
                  0
                ],
                [
                  -73.9671648046654,
                  -43.82887803358515,
                  0
                ],
                [
                  -74.0450597136654,
                  -43.79613819658515,
                  0
                ],
                [
                  -74.1163345576654,
                  -43.80964397758515,
                  0
                ],
                [
                  -74.1659828216654,
                  -43.85381809458514,
                  0
                ],
                [
                  -74.1377438886654,
                  -43.89084608958515,
                  0
                ],
                [
                  -74.0317054776654,
                  -43.89304335458515,
                  0
                ],
                [
                  -73.9955319746654,
                  -43.93674452658514,
                  0
                ],
                [
                  -73.91911595966539,
                  -43.89564752158515,
                  0
                ],
                [
                  -73.76213353766539,
                  -43.88897434458514,
                  0
                ],
                [
                  -73.7931393966654,
                  -43.82907851158514,
                  0
                ],
                [
                  -73.85804011266539,
                  -43.76682265158514,
                  0
                ]
              ]
            ]
          },
          {
            "type": "Polygon",
            "coordinates": [
              [
                [
                  -74.6480618516654,
                  -43.55405055058515,
                  0
                ],
                [
                  -74.7377155336654,
                  -43.53022183058515,
                  0
                ],
                [
                  -74.7447156416654,
                  -43.56595031158515,
                  0
                ],
                [
                  -74.82484060666539,
                  -43.56245659758515,
                  0
                ],
                [
                  -74.8180010506654,
                  -43.63506809458514,
                  0
                ],
                [
                  -74.77524228366539,
                  -43.67467570158514,
                  0
                ],
                [
                  -74.6725483556654,
                  -43.63943658358514,
                  0
                ],
                [
                  -74.5782452266654,
                  -43.63569718958514,
                  0
                ],
                [
                  -74.5824834096654,
                  -43.59772905758515,
                  0
                ],
                [
                  -74.6480618516654,
                  -43.55405055058515,
                  0
                ]
              ]
            ]
          },
          {
            "type": "Polygon",
            "coordinates": [
              [
                [
                  -72.9814722066654,
                  -42.73389529658515,
                  0
                ],
                [
                  -72.9563397296654,
                  -42.80784853658515,
                  0
                ],
                [
                  -72.9186302406654,
                  -42.78657675758515,
                  0
                ],
                [
                  -72.9302589426654,
                  -42.72338456858515,
                  0
                ],
                [
                  -72.9814722066654,
                  -42.73389529658515,
                  0
                ]
              ]
            ]
          },
          {
            "type": "Polygon",
            "coordinates": [
              [
                [
                  -73.6082842536654,
                  -42.62229140158514,
                  0
                ],
                [
                  -73.6207761156654,
                  -42.56809218258515,
                  0
                ],
                [
                  -73.7382484466654,
                  -42.59299452658514,
                  0
                ],
                [
                  -73.7212399826654,
                  -42.63457981358515,
                  0
                ],
                [
                  -73.6082842536654,
                  -42.62229140158514,
                  0
                ]
              ]
            ]
          },
          {
            "type": "Polygon",
            "coordinates": [
              [
                [
                  -73.42062149266539,
                  -42.55344374558515,
                  0
                ],
                [
                  -73.4172035246654,
                  -42.51771783358515,
                  0
                ],
                [
                  -73.5188474046654,
                  -42.42575819858514,
                  0
                ],
                [
                  -73.54301732666539,
                  -42.37920871958514,
                  0
                ],
                [
                  -73.6308265716654,
                  -42.36797825058515,
                  0
                ],
                [
                  -73.6249671966654,
                  -42.44349908358515,
                  0
                ],
                [
                  -73.4710772226654,
                  -42.50079075058515,
                  0
                ],
                [
                  -73.42062149266539,
                  -42.55344374558515,
                  0
                ]
              ]
            ]
          },
          {
            "type": "Polygon",
            "coordinates": [
              [
                [
                  -73.0690183026654,
                  -42.27797174058514,
                  0
                ],
                [
                  -73.10588353766539,
                  -42.24102512558515,
                  0
                ],
                [
                  -73.1451901776654,
                  -42.27829726158514,
                  0
                ],
                [
                  -73.11601537366539,
                  -42.31036106358515,
                  0
                ],
                [
                  -73.0690183026654,
                  -42.27797174058514,
                  0
                ]
              ]
            ]
          },
          {
            "type": "Polygon",
            "coordinates": [
              [
                [
                  -72.50786107666539,
                  -42.13897434458514,
                  0
                ],
                [
                  -72.5090817796654,
                  -42.07338189658515,
                  0
                ],
                [
                  -72.5747556076654,
                  -42.05743137558515,
                  0
                ],
                [
                  -72.6077959726654,
                  -42.11195611558514,
                  0
                ],
                [
                  -72.50786107666539,
                  -42.13897434458514,
                  0
                ]
              ]
            ]
          },
          {
            "type": "Polygon",
            "coordinates": [
              [
                [
                  -73.9543942796654,
                  -41.81076796458515,
                  0
                ],
                [
                  -74.03585586766539,
                  -41.77121718258515,
                  0
                ],
                [
                  -74.06385065966539,
                  -41.80596653158515,
                  0
                ],
                [
                  -74.0121742276654,
                  -41.90785455258515,
                  0
                ],
                [
                  -74.05510228766539,
                  -41.94504530758515,
                  0
                ],
                [
                  -74.0450925216654,
                  -42.05783827658514,
                  0
                ],
                [
                  -74.0531505646654,
                  -42.13038957258514,
                  0
                ],
                [
                  -74.1469152666654,
                  -42.21656866758514,
                  0
                ],
                [
                  -74.1685891596654,
                  -42.26537108358514,
                  0
                ],
                [
                  -74.1430314636654,
                  -42.31869241258514,
                  0
                ],
                [
                  -74.1894327126654,
                  -42.43195041558515,
                  0
                ],
                [
                  -74.1827799296654,
                  -42.48344642958514,
                  0
                ],
                [
                  -74.1441003786654,
                  -42.57822407458514,
                  0
                ],
                [
                  -74.12732184966539,
                  -42.67117733058515,
                  0
                ],
                [
                  -74.1702515536654,
                  -42.76674003058515,
                  0
                ],
                [
                  -74.1566911686654,
                  -42.80415820958515,
                  0
                ],
                [
                  -74.1671777856654,
                  -42.88255847758515,
                  0
                ],
                [
                  -74.2320635506654,
                  -42.91672499558515,
                  0
                ],
                [
                  -74.2190626686654,
                  -42.97734268758514,
                  0
                ],
                [
                  -74.2293348186654,
                  -43.02292138458515,
                  0
                ],
                [
                  -74.3381833416654,
                  -43.10007460458515,
                  0
                ],
                [
                  -74.40080541266539,
                  -43.26047499558515,
                  0
                ],
                [
                  -74.3344398526654,
                  -43.28171522958515,
                  0
                ],
                [
                  -74.2931958936654,
                  -43.32000891458515,
                  0
                ],
                [
                  -74.2150402056654,
                  -43.33016904058515,
                  0
                ],
                [
                  -74.1297686286654,
                  -43.35691054258515,
                  0
                ],
                [
                  -74.0978128756654,
                  -43.39486880558515,
                  0
                ],
                [
                  -74.0531938006654,
                  -43.36298029158515,
                  0
                ],
                [
                  -73.9916352206654,
                  -43.38837852858514,
                  0
                ],
                [
                  -73.9293446636654,
                  -43.36494330358514,
                  0
                ],
                [
                  -73.8768194946654,
                  -43.42200384158514,
                  0
                ],
                [
                  -73.8002966616654,
                  -43.40948794558515,
                  0
                ],
                [
                  -73.7997912026654,
                  -43.35982028858515,
                  0
                ],
                [
                  -73.7309242406654,
                  -43.39268469558515,
                  0
                ],
                [
                  -73.6815468986654,
                  -43.38114618758514,
                  0
                ],
                [
                  -73.6750182876654,
                  -43.27988616558515,
                  0
                ],
                [
                  -73.7447995526654,
                  -43.22702772958515,
                  0
                ],
                [
                  -73.7455000866654,
                  -43.17044031658514,
                  0
                ],
                [
                  -73.7212399826654,
                  -43.14174127158515,
                  0
                ],
                [
                  -73.5877764406654,
                  -43.10691054258515,
                  0
                ],
                [
                  -73.5240964276654,
                  -43.13108046458515,
                  0
                ],
                [
                  -73.4898760506654,
                  -43.10007460458515,
                  0
                ],
                [
                  -73.5771970136654,
                  -42.96579726158514,
                  0
                ],
                [
                  -73.6537757896654,
                  -42.92868788658514,
                  0
                ],
                [
                  -73.6495440186654,
                  -42.88327772958515,
                  0
                ],
                [
                  -73.4941078216654,
                  -42.86683892758515,
                  0
                ],
                [
                  -73.5164873786654,
                  -42.78928358958515,
                  0
                ],
                [
                  -73.6322507246654,
                  -42.74069960458515,
                  0
                ],
                [
                  -73.6986569746654,
                  -42.66664361558514,
                  0
                ],
                [
                  -73.8089678476654,
                  -42.60870090658515,
                  0
                ],
                [
                  -73.8167803476654,
                  -42.58672825058515,
                  0
                ],
                [
                  -73.78947728766539,
                  -42.50420871958514,
                  0
                ],
                [
                  -73.7074867276654,
                  -42.53838840658515,
                  0
                ],
                [
                  -73.6229326906654,
                  -42.51625299058514,
                  0
                ],
                [
                  -73.6883623786654,
                  -42.45277642758515,
                  0
                ],
                [
                  -73.6813636806654,
                  -42.37009413658514,
                  0
                ],
                [
                  -73.6503578216654,
                  -42.34551731358515,
                  0
                ],
                [
                  -73.5722328216654,
                  -42.32305637558515,
                  0
                ],
                [
                  -73.5089190186654,
                  -42.32614882358514,
                  0
                ],
                [
                  -73.4332354256654,
                  -42.29945611558514,
                  0
                ],
                [
                  -73.37382787366539,
                  -42.25746392758515,
                  0
                ],
                [
                  -73.3860349046654,
                  -42.19577772958515,
                  0
                ],
                [
                  -73.48889948766539,
                  -42.14564752158515,
                  0
                ],
                [
                  -73.5021237716654,
                  -42.11667616758515,
                  0
                ],
                [
                  -73.44731420166539,
                  -42.06231418858515,
                  0
                ],
                [
                  -73.5331296306654,
                  -41.96612278158515,
                  0
                ],
                [
                  -73.57825495666539,
                  -41.94553358958515,
                  0
                ],
                [
                  -73.53007787366539,
                  -41.90695937058515,
                  0
                ],
                [
                  -73.5368324306654,
                  -41.84006483958515,
                  0
                ],
                [
                  -73.5778073656654,
                  -41.79856093258515,
                  0
                ],
                [
                  -73.6344886806654,
                  -41.83298476158514,
                  0
                ],
                [
                  -73.69080378466539,
                  -41.80905897958515,
                  0
                ],
                [
                  -73.7772295656654,
                  -41.85813124558515,
                  0
                ],
                [
                  -73.8256507896654,
                  -41.85691054258515,
                  0
                ],
                [
                  -73.86585261266539,
                  -41.89231093258515,
                  0
                ],
                [
                  -73.9833656336654,
                  -41.86651340658515,
                  0
                ],
                [
                  -73.9828773526654,
                  -41.82094049058514,
                  0
                ],
                [
                  -73.8959225996654,
                  -41.84275038658514,
                  0
                ],
                [
                  -73.8900632246654,
                  -41.80515272958515,
                  0
                ],
                [
                  -73.9543942796654,
                  -41.81076796458515,
                  0
                ]
              ]
            ]
          },
          {
            "type": "Polygon",
            "coordinates": [
              [
                [
                  -73.0094479906654,
                  -41.85772434458514,
                  0
                ],
                [
                  -73.0028155036654,
                  -41.84437799058514,
                  0
                ],
                [
                  -73.0531898526654,
                  -41.74721002158515,
                  0
                ],
                [
                  -73.0856198656654,
                  -41.74786106358515,
                  0
                ],
                [
                  -73.0764645916654,
                  -41.85137668858515,
                  0
                ],
                [
                  -73.0094479906654,
                  -41.85772434458514,
                  0
                ]
              ]
            ]
          },
          {
            "type": "Polygon",
            "coordinates": [
              [
                [
                  -73.88408996167439,
                  -38.4221544845487,
                  0
                ],
                [
                  -73.8513020312085,
                  -38.38368085886774,
                  0
                ],
                [
                  -73.8822507246654,
                  -38.36081679258515,
                  0
                ],
                [
                  -73.91456600946927,
                  -38.32471714213207,
                  0
                ],
                [
                  -73.96421830603792,
                  -38.31036130738783,
                  0
                ],
                [
                  -73.95482068495993,
                  -38.34386327590614,
                  0
                ],
                [
                  -73.95638641325445,
                  -38.37411028022712,
                  0
                ],
                [
                  -73.9497163760291,
                  -38.41904736900025,
                  0
                ],
                [
                  -73.88408996167439,
                  -38.4221544845487,
                  0
                ]
              ]
            ]
          },
          {
            "type": "Polygon",
            "coordinates": [
              [
                [
                  -80.7151364666654,
                  -33.77292616758515,
                  0
                ],
                [
                  -80.7107419356654,
                  -33.70538059458514,
                  0
                ],
                [
                  -80.74064916266539,
                  -33.68519830258515,
                  0
                ],
                [
                  -80.7771481856654,
                  -33.73451470858515,
                  0
                ],
                [
                  -80.7487058026654,
                  -33.77357720858515,
                  0
                ],
                [
                  -80.7151364666654,
                  -33.77292616758515,
                  0
                ]
              ]
            ]
          },
          {
            "type": "Polygon",
            "coordinates": [
              [
                [
                  -78.81560033466539,
                  -33.60886366758515,
                  0
                ],
                [
                  -78.8846921306654,
                  -33.57566054258515,
                  0
                ],
                [
                  -78.9430417406654,
                  -33.61651340658515,
                  0
                ],
                [
                  -78.9567136156654,
                  -33.65695937058515,
                  0
                ],
                [
                  -78.81560033466539,
                  -33.60886366758515,
                  0
                ]
              ]
            ]
          },
          {
            "type": "Polygon",
            "coordinates": [
              [
                [
                  -109.2308904879354,
                  -27.09245328726516,
                  0
                ],
                [
                  -109.2840528536204,
                  -27.08845420291551,
                  0
                ],
                [
                  -109.3128251140658,
                  -27.06967712271292,
                  0
                ],
                [
                  -109.3438634340719,
                  -27.05872724434981,
                  0
                ],
                [
                  -109.3760347838576,
                  -27.05247146499268,
                  0
                ],
                [
                  -109.3959360990666,
                  -27.06026494314539,
                  0
                ],
                [
                  -109.4232256596654,
                  -27.09934218258514,
                  0
                ],
                [
                  -109.4566893955813,
                  -27.18640166423489,
                  0
                ],
                [
                  -109.4582033259278,
                  -27.20531960930207,
                  0
                ],
                [
                  -109.4402946741252,
                  -27.19435618139212,
                  0
                ],
                [
                  -109.427049560585,
                  -27.2009098931991,
                  0
                ],
                [
                  -109.4079084186427,
                  -27.19020519613665,
                  0
                ],
                [
                  -109.3932481941274,
                  -27.17813273715424,
                  0
                ],
                [
                  -109.3676022876654,
                  -27.17266575058515,
                  0
                ],
                [
                  -109.3481398228336,
                  -27.16661694633488,
                  0
                ],
                [
                  -109.3412757896654,
                  -27.15402968258515,
                  0
                ],
                [
                  -109.2433753996654,
                  -27.12920871958514,
                  0
                ],
                [
                  -109.2273268138747,
                  -27.12157989745822,
                  0
                ],
                [
                  -109.2244246937028,
                  -27.10849058543458,
                  0
                ],
                [
                  -109.2308904879354,
                  -27.09245328726516,
                  0
                ]
              ]
            ]
          },
          {
            "type": "Polygon",
            "coordinates": [
              [
                [
                  -69.46719060505565,
                  -17.60467935179285,
                  0
                ],
                [
                  -69.4682953075036,
                  -17.49848464192648,
                  0
                ],
                [
                  -69.55245526959487,
                  -17.57554533070808,
                  0
                ],
                [
                  -69.62010093946603,
                  -17.62324210813556,
                  0
                ],
                [
                  -69.66679161458777,
                  -17.66074917994567,
                  0
                ],
                [
                  -69.73183436298824,
                  -17.65193406298268,
                  0
                ],
                [
                  -69.79687711138871,
                  -17.64587676225035,
                  0
                ],
                [
                  -69.82539417905915,
                  -17.70550531451177,
                  0
                ],
                [
                  -69.82186706467412,
                  -17.74456540676862,
                  0
                ],
                [
                  -69.81231536853903,
                  -17.7538525320848,
                  0
                ],
                [
                  -69.80094102021545,
                  -17.76205475074272,
                  0
                ],
                [
                  -69.80321969326421,
                  -17.78836497064656,
                  0
                ],
                [
                  -69.79946986014073,
                  -17.86553013897469,
                  0
                ],
                [
                  -69.77873185275509,
                  -17.91206629311795,
                  0
                ],
                [
                  -69.75027111506111,
                  -17.94855478076733,
                  0
                ],
                [
                  -69.75459371386769,
                  -17.98996707886104,
                  0
                ],
                [
                  -69.81708337973363,
                  -18.11725629148365,
                  0
                ],
                [
                  -69.86050973791205,
                  -18.1700014683138,
                  0
                ],
                [
                  -69.90759534786761,
                  -18.20408645075031,
                  0
                ],
                [
                  -69.96635284563712,
                  -18.26192496038418,
                  0
                ],
                [
                  -69.98679985344579,
                  -18.26977924625216,
                  0
                ],
                [
                  -70.04989119269881,
                  -18.2686194854006,
                  0
                ],
                [
                  -70.14713137263129,
                  -18.31935347175141,
                  0
                ],
                [
                  -70.19830470899163,
                  -18.32210141593329,
                  0
                ],
                [
                  -70.24673828063088,
                  -18.3145487174233,
                  0
                ],
                [
                  -70.27460649311647,
                  -18.30994288620208,
                  0
                ],
                [
                  -70.29449583056542,
                  -18.30887170628692,
                  0
                ],
                [
                  -70.29934826877405,
                  -18.30901724620767,
                  0
                ],
                [
                  -70.30394500594937,
                  -18.30911104302579,
                  0
                ],
                [
                  -70.30743433594607,
                  -18.30949921644321,
                  0
                ],
                [
                  -70.3115753958441,
                  -18.31005984594564,
                  0
                ],
                [
                  -70.31519629584471,
                  -18.31069762203782,
                  0
                ],
                [
                  -70.32120919535092,
                  -18.31196637727601,
                  0
                ],
                [
                  -70.32606868039333,
                  -18.31329706261791,
                  0
                ],
                [
                  -70.33044173926072,
                  -18.31488487994096,
                  0
                ],
                [
                  -70.33511139513605,
                  -18.31649878973822,
                  0
                ],
                [
                  -70.33917361538107,
                  -18.31848441153225,
                  0
                ],
                [
                  -70.34336396588782,
                  -18.32060467280887,
                  0
                ],
                [
                  -70.34664672335308,
                  -18.32238228299411,
                  0
                ],
                [
                  -70.35082520953668,
                  -18.32521838029797,
                  0
                ],
                [
                  -70.35426397786908,
                  -18.3275076029602,
                  0
                ],
                [
                  -70.35673909616956,
                  -18.32921590521521,
                  0
                ],
                [
                  -70.35994350438534,
                  -18.33194791229992,
                  0
                ],
                [
                  -70.36404751686473,
                  -18.33562129820717,
                  0
                ],
                [
                  -70.36643920647238,
                  -18.33804873522843,
                  0
                ],
                [
                  -70.36922144463468,
                  -18.34111684693169,
                  0
                ],
                [
                  -70.37057581311716,
                  -18.3425092256504,
                  0
                ],
                [
                  -70.37204309843875,
                  -18.34436604979054,
                  0
                ],
                [
                  -70.37478716788206,
                  -18.34793688824229,
                  0
                ],
                [
                  -70.3763150575314,
                  -18.35012211168886,
                  0
                ],
                [
                  -70.38035067362186,
                  -18.35011588535792,
                  0
                ],
                [
                  -70.31179803435977,
                  -18.43299529029616,
                  0
                ],
                [
                  -70.30389027426514,
                  -18.4488946939114,
                  0
                ],
                [
                  -70.30747586864935,
                  -18.45999333743837,
                  0
                ],
                [
                  -70.31534257636648,
                  -18.46768107297515,
                  0
                ],
                [
                  -70.3228562541997,
                  -18.46811311988038,
                  0
                ],
                [
                  -70.32863640506568,
                  -18.4676777697826,
                  0
                ],
                [
                  -70.33480813043344,
                  -18.48047215043412,
                  0
                ],
                [
                  -70.32231420166539,
                  -18.51340468258515,
                  0
                ],
                [
                  -70.34342911391178,
                  -18.55652172143308,
                  0
                ],
                [
                  -70.3502683026654,
                  -18.63637017758515,
                  0
                ],
                [
                  -70.34924535687621,
                  -18.65509806033476,
                  0
                ],
                [
                  -70.33598607666539,
                  -18.67575819858515,
                  0
                ],
                [
                  -70.36049128680638,
                  -18.80140991618423,
                  0
                ],
                [
                  -70.32443828238455,
                  -18.94819550710364,
                  0
                ],
                [
                  -70.3087791686654,
                  -18.97151044258515,
                  0
                ],
                [
                  -70.31254857666539,
                  -19.02194960458515,
                  0
                ],
                [
                  -70.2772295656654,
                  -19.10902642758515,
                  0
                ],
                [
                  -70.28428870798813,
                  -19.19770064706504,
                  0
                ],
                [
                  -70.29358551059714,
                  -19.23353933928058,
                  0
                ],
                [
                  -70.2875648526654,
                  -19.30100233958515,
                  0
                ],
                [
                  -70.23842992624031,
                  -19.41403119291519,
                  0
                ],
                [
                  -70.21723141623781,
                  -19.49056506937318,
                  0
                ],
                [
                  -70.22064716938621,
                  -19.53334634122385,
                  0
                ],
                [
                  -70.21576290581078,
                  -19.58332207104143,
                  0
                ],
                [
                  -70.24444354653161,
                  -19.60167300912229,
                  0
                ],
                [
                  -70.20186154695668,
                  -19.63364536878275,
                  0
                ],
                [
                  -70.17867286509738,
                  -19.66917755711081,
                  0
                ],
                [
                  -70.17674195595892,
                  -19.69944702620238,
                  0
                ],
                [
                  -70.15974639780947,
                  -19.73475333353739,
                  0
                ],
                [
                  -70.16355575031064,
                  -19.76293869839958,
                  0
                ],
                [
                  -70.16624627266813,
                  -19.83112940570587,
                  0
                ],
                [
                  -70.1590625495294,
                  -19.85856886957239,
                  0
                ],
                [
                  -70.14864824623808,
                  -19.90589366328968,
                  0
                ],
                [
                  -70.136521413384,
                  -19.99787425962335,
                  0
                ],
                [
                  -70.13243034456586,
                  -20.03487635363096,
                  0
                ],
                [
                  -70.13875907367034,
                  -20.0648862386469,
                  0
                ],
                [
                  -70.13177385863659,
                  -20.09618436256373,
                  0
                ],
                [
                  -70.14413969688772,
                  -20.13307414734357,
                  0
                ],
                [
                  -70.15696303290692,
                  -20.16073039086223,
                  0
                ],
                [
                  -70.1426334261503,
                  -20.18141557825397,
                  0
                ],
                [
                  -70.14308544219425,
                  -20.19863166803293,
                  0
                ],
                [
                  -70.15795917987441,
                  -20.1976168222031,
                  0
                ],
                [
                  -70.16345837057335,
                  -20.20155082994674,
                  0
                ],
                [
                  -70.1658523439355,
                  -20.21322688847138,
                  0
                ],
                [
                  -70.15464204335005,
                  -20.2372760943194,
                  0
                ],
                [
                  -70.13493605956286,
                  -20.26819674256672,
                  0
                ],
                [
                  -70.14790046041074,
                  -20.32771203521857,
                  0
                ],
                [
                  -70.17753860346085,
                  -20.34919818492985,
                  0
                ],
                [
                  -70.1919431076654,
                  -20.36683892758515,
                  0
                ],
                [
                  -70.1665014466654,
                  -20.44811345158515,
                  0
                ],
                [
                  -70.2056149826654,
                  -20.52813450058515,
                  0
                ],
                [
                  -70.20091900641678,
                  -20.64725390921894,
                  0
                ],
                [
                  -70.2054522226654,
                  -20.73939752158515,
                  0
                ],
                [
                  -70.21097832766871,
                  -20.82012616803324,
                  0
                ],
                [
                  -70.1833810546654,
                  -20.82860738258515,
                  0
                ],
                [
                  -70.1538218206654,
                  -20.85625494058515,
                  0
                ],
                [
                  -70.12727753366539,
                  -20.93531939858515,
                  0
                ],
                [
                  -70.16809870666539,
                  -20.99704726158514,
                  0
                ],
                [
                  -70.1642373936654,
                  -21.04054233458515,
                  0
                ],
                [
                  -70.1271166336654,
                  -21.08924709758515,
                  0
                ],
                [
                  -70.1305417406654,
                  -21.12400038658514,
                  0
                ],
                [
                  -70.07990951966539,
                  -21.23336940858515,
                  0
                ],
                [
                  -70.06848933166539,
                  -21.30588515158514,
                  0
                ],
                [
                  -70.0939206466654,
                  -21.34551731358514,
                  0
                ],
                [
                  -70.0585099866654,
                  -21.43342188058515,
                  0
                ],
                [
                  -70.08273086766539,
                  -21.48337538658514,
                  0
                ],
                [
                  -70.07122996066539,
                  -21.52260023758515,
                  0
                ],
                [
                  -70.10345981266539,
                  -21.60874315158514,
                  0
                ],
                [
                  -70.1517819746654,
                  -21.66485325058515,
                  0
                ],
                [
                  -70.1498695396654,
                  -21.86203749558515,
                  0
                ],
                [
                  -70.1919431076654,
                  -21.88441705258515,
                  0
                ],
                [
                  -70.1714352946654,
                  -21.93210585458515,
                  0
                ],
                [
                  -70.19991836766539,
                  -22.00559218258515,
                  0
                ],
                [
                  -70.18986791266539,
                  -22.05979140158514,
                  0
                ],
                [
                  -70.2130612716654,
                  -22.08298476158514,
                  0
                ],
                [
                  -70.2353187586654,
                  -22.29815403158515,
                  0
                ],
                [
                  -70.2480140716654,
                  -22.32761366758515,
                  0
                ],
                [
                  -70.25403620666539,
                  -22.45668267758515,
                  0
                ],
                [
                  -70.24296849866539,
                  -22.49655897958515,
                  0
                ],
                [
                  -70.2783688886654,
                  -22.55678033358515,
                  0
                ],
                [
                  -70.2694984466654,
                  -22.61960585458515,
                  0
                ],
                [
                  -70.2875648526654,
                  -22.63165012558515,
                  0
                ],
                [
                  -70.2809323656654,
                  -22.69528944858515,
                  0
                ],
                [
                  -70.3123858156654,
                  -22.79066705258515,
                  0
                ],
                [
                  -70.2875648526654,
                  -22.86814101158514,
                  0
                ],
                [
                  -70.2968421966654,
                  -22.91778293858514,
                  0
                ],
                [
                  -70.32731908466539,
                  -22.95684543858514,
                  0
                ],
                [
                  -70.3369626386654,
                  -23.00266249558515,
                  0
                ],
                [
                  -70.37267439766539,
                  -23.05091863758515,
                  0
                ],
                [
                  -70.4505665336654,
                  -23.09711981558515,
                  0
                ],
                [
                  -70.4842012066654,
                  -23.08607855758515,
                  0
                ],
                [
                  -70.50598933166539,
                  -23.01006809458515,
                  0
                ],
                [
                  -70.5620602946654,
                  -23.05987278158515,
                  0
                ],
                [
                  -70.58050015566539,
                  -23.10836517158515,
                  0
                ],
                [
                  -70.56498417266539,
                  -23.13103914958515,
                  0
                ],
                [
                  -70.5676104576654,
                  -23.20026663858514,
                  0
                ],
                [
                  -70.5999384746654,
                  -23.24426959658514,
                  0
                ],
                [
                  -70.5913571696654,
                  -23.32631158358515,
                  0
                ],
                [
                  -70.6044483206654,
                  -23.35732782358515,
                  0
                ],
                [
                  -70.5848874436654,
                  -23.42364231358514,
                  0
                ],
                [
                  -70.61369603766539,
                  -23.44724257358515,
                  0
                ],
                [
                  -70.6056448346654,
                  -23.51069752558515,
                  0
                ],
                [
                  -70.5391300646654,
                  -23.53231750458515,
                  0
                ],
                [
                  -70.4967980426654,
                  -23.46951673858515,
                  0
                ],
                [
                  -70.4128998086654,
                  -23.51129711158515,
                  0
                ],
                [
                  -70.3905515056654,
                  -23.57696262558515,
                  0
                ],
                [
                  -70.40507787366539,
                  -23.65085585458515,
                  0
                ],
                [
                  -70.4390134196654,
                  -23.71408827658515,
                  0
                ],
                [
                  -70.4983395916654,
                  -23.78464491758515,
                  0
                ],
                [
                  -70.49427058166539,
                  -23.83762343258515,
                  0
                ],
                [
                  -70.5131100996654,
                  -23.85910780758515,
                  0
                ],
                [
                  -70.50041478766539,
                  -23.91273736558515,
                  0
                ],
                [
                  -70.52617162366539,
                  -23.99631483958515,
                  0
                ],
                [
                  -70.50012995666539,
                  -24.09747043858514,
                  0
                ],
                [
                  -70.5193665776654,
                  -24.12386615558515,
                  0
                ],
                [
                  -70.5059128866654,
                  -24.16742519558515,
                  0
                ],
                [
                  -70.5304033936654,
                  -24.24476861558515,
                  0
                ],
                [
                  -70.5326992916654,
                  -24.30577602958515,
                  0
                ],
                [
                  -70.55351537366539,
                  -24.36488580258515,
                  0
                ],
                [
                  -70.5417324946654,
                  -24.41527308558515,
                  0
                ],
                [
                  -70.58264948766539,
                  -24.52487929258515,
                  0
                ],
                [
                  -70.5546140056654,
                  -24.60593397958515,
                  0
                ],
                [
                  -70.57622045166539,
                  -24.65329726158514,
                  0
                ],
                [
                  -70.57622045166539,
                  -24.73174778158515,
                  0
                ],
                [
                  -70.5208005296654,
                  -24.91908502158515,
                  0
                ],
                [
                  -70.4725420656654,
                  -24.97531874558514,
                  0
                ],
                [
                  -70.4969968186654,
                  -25.10430637558515,
                  0
                ],
                [
                  -70.4489011156654,
                  -25.15297174058514,
                  0
                ],
                [
                  -70.4368161546654,
                  -25.19349908358515,
                  0
                ],
                [
                  -70.4446286546654,
                  -25.34494765158514,
                  0
                ],
                [
                  -70.4647295656654,
                  -25.38246392758514,
                  0
                ],
                [
                  -70.5134763106654,
                  -25.38637017758515,
                  0
                ],
                [
                  -70.5307289146654,
                  -25.45684543858514,
                  0
                ],
                [
                  -70.6226885506654,
                  -25.50420871958515,
                  0
                ],
                [
                  -70.6512530036654,
                  -25.54082981358514,
                  0
                ],
                [
                  -70.6345897826654,
                  -25.62554681858515,
                  0
                ],
                [
                  -70.6922686286654,
                  -25.69138319858514,
                  0
                ],
                [
                  -70.7101722746654,
                  -25.83542616758515,
                  0
                ],
                [
                  -70.6965003996654,
                  -25.88523085458515,
                  0
                ],
                [
                  -70.6487302166654,
                  -25.94366184458515,
                  0
                ],
                [
                  -70.6305417406654,
                  -26.00957981358514,
                  0
                ],
                [
                  -70.6594724046654,
                  -26.07256809458515,
                  0
                ],
                [
                  -70.6717608156654,
                  -26.16086562058515,
                  0
                ],
                [
                  -70.6480791756654,
                  -26.23581679258515,
                  0
                ],
                [
                  -70.6812584866654,
                  -26.30454031458514,
                  0
                ],
                [
                  -70.6422279576654,
                  -26.31537538958515,
                  0
                ],
                [
                  -70.6664511436654,
                  -26.38531364858515,
                  0
                ],
                [
                  -70.6991045656654,
                  -26.39304335458515,
                  0
                ],
                [
                  -70.6864499436654,
                  -26.45651991758515,
                  0
                ],
                [
                  -70.7064694746654,
                  -26.49289687058515,
                  0
                ],
                [
                  -70.6922686286654,
                  -26.54441054258515,
                  0
                ],
                [
                  -70.7301511156654,
                  -26.68186171458515,
                  0
                ],
                [
                  -70.75598933166539,
                  -26.71368137558515,
                  0
                ],
                [
                  -70.7322819916654,
                  -26.74932499158515,
                  0
                ],
                [
                  -70.78585586766539,
                  -26.78806288658514,
                  0
                ],
                [
                  -70.8225583416654,
                  -26.88702121958515,
                  0
                ],
                [
                  -70.78846003466539,
                  -26.99631483958515,
                  0
                ],
                [
                  -70.8485593186654,
                  -27.04807265158515,
                  0
                ],
                [
                  -70.8706540446654,
                  -27.11789687058515,
                  0
                ],
                [
                  -70.9411293056654,
                  -27.11342095858515,
                  0
                ],
                [
                  -70.95976537366539,
                  -27.16143528158515,
                  0
                ],
                [
                  -70.9547198006654,
                  -27.24362929258515,
                  0
                ],
                [
                  -70.9325030036654,
                  -27.29807265158514,
                  0
                ],
                [
                  -70.9456052166654,
                  -27.37188450058515,
                  0
                ],
                [
                  -70.91716283466539,
                  -27.41517877158515,
                  0
                ],
                [
                  -70.8914873786654,
                  -27.49314101158514,
                  0
                ],
                [
                  -70.91838353766539,
                  -27.54392226158514,
                  0
                ],
                [
                  -70.91223933166539,
                  -27.62188450058515,
                  0
                ],
                [
                  -70.95231908466539,
                  -27.66110976158514,
                  0
                ],
                [
                  -71.0385007246654,
                  -27.66648085458515,
                  0
                ],
                [
                  -71.0485104906654,
                  -27.72312147958515,
                  0
                ],
                [
                  -71.0785804776654,
                  -27.78073866758515,
                  0
                ],
                [
                  -71.0969724046654,
                  -27.87400038658514,
                  0
                ],
                [
                  -71.1379066496654,
                  -27.94602187058515,
                  0
                ],
                [
                  -71.1471433026654,
                  -28.04896783358515,
                  0
                ],
                [
                  -71.1729001386654,
                  -28.09299452658514,
                  0
                ],
                [
                  -71.1569089276654,
                  -28.14288059458515,
                  0
                ],
                [
                  -71.1720456466654,
                  -28.26779921458515,
                  0
                ],
                [
                  -71.19340795166539,
                  -28.29441054258514,
                  0
                ],
                [
                  -71.1737546306654,
                  -28.36065403158515,
                  0
                ],
                [
                  -71.2101722746654,
                  -28.44675429258515,
                  0
                ],
                [
                  -71.2697018966654,
                  -28.48606093258515,
                  0
                ],
                [
                  -71.2699053476654,
                  -28.54050429258515,
                  0
                ],
                [
                  -71.3124265056654,
                  -28.58347304258515,
                  0
                ],
                [
                  -71.2874834726654,
                  -28.61895481358514,
                  0
                ],
                [
                  -71.3016843186654,
                  -28.67494439658515,
                  0
                ],
                [
                  -71.3576332116654,
                  -28.72377252158515,
                  0
                ],
                [
                  -71.3911618576654,
                  -28.79953749558515,
                  0
                ],
                [
                  -71.4875974046654,
                  -28.84519179258515,
                  0
                ],
                [
                  -71.5217770916654,
                  -28.94016249558515,
                  0
                ],
                [
                  -71.4873532636654,
                  -29.03562147958515,
                  0
                ],
                [
                  -71.4819007896654,
                  -29.09348280758515,
                  0
                ],
                [
                  -71.4941078216654,
                  -29.19268528158514,
                  0
                ],
                [
                  -71.4692054776654,
                  -29.22881809458515,
                  0
                ],
                [
                  -71.3759030686654,
                  -29.28244765158514,
                  0
                ],
                [
                  -71.3469724046654,
                  -29.31687147958515,
                  0
                ],
                [
                  -71.3358640056654,
                  -29.38108046458515,
                  0
                ],
                [
                  -71.30705541266539,
                  -29.42120090658515,
                  0
                ],
                [
                  -71.3358640056654,
                  -29.52504205258515,
                  0
                ],
                [
                  -71.3231686936654,
                  -29.56784804258515,
                  0
                ],
                [
                  -71.28789037366539,
                  -29.60316705258515,
                  0
                ],
                [
                  -71.32288386266539,
                  -29.65598280758515,
                  0
                ],
                [
                  -71.3357419356654,
                  -29.72816705258515,
                  0
                ],
                [
                  -71.3239418056654,
                  -29.78733046458515,
                  0
                ],
                [
                  -71.2819089276654,
                  -29.85088840658515,
                  0
                ],
                [
                  -71.2864255296654,
                  -29.91029595858515,
                  0
                ],
                [
                  -71.3194658936654,
                  -29.94333632358515,
                  0
                ],
                [
                  -71.4122800216654,
                  -29.99183892758515,
                  0
                ],
                [
                  -71.38221003466539,
                  -30.04611952658514,
                  0
                ],
                [
                  -71.3823727946654,
                  -30.14776340658515,
                  0
                ],
                [
                  -71.44572728766539,
                  -30.16241184458515,
                  0
                ],
                [
                  -71.5173825606654,
                  -30.27862278158514,
                  0
                ],
                [
                  -71.5621416756654,
                  -30.28733046458515,
                  0
                ],
                [
                  -71.6390459726654,
                  -30.25225559458515,
                  0
                ],
                [
                  -71.6766436286654,
                  -30.34258762558515,
                  0
                ],
                [
                  -71.68596166266539,
                  -30.44984674058515,
                  0
                ],
                [
                  -71.7032956466654,
                  -30.50860325058514,
                  0
                ],
                [
                  -71.69471003466539,
                  -30.54489882358515,
                  0
                ],
                [
                  -71.7132647226654,
                  -30.61496718258514,
                  0
                ],
                [
                  -71.6987790446654,
                  -30.70896132358515,
                  0
                ],
                [
                  -71.70707982666539,
                  -30.77951796458515,
                  0
                ],
                [
                  -71.6777015716654,
                  -30.91908502158515,
                  0
                ],
                [
                  -71.6547523526654,
                  -30.97605116758515,
                  0
                ],
                [
                  -71.6525550866654,
                  -31.06898736558515,
                  0
                ],
                [
                  -71.6676511156654,
                  -31.15053033358515,
                  0
                ],
                [
                  -71.6469398526654,
                  -31.20212538658514,
                  0
                ],
                [
                  -71.6082842536654,
                  -31.42022434458515,
                  0
                ],
                [
                  -71.5692624436654,
                  -31.51926405758514,
                  0
                ],
                [
                  -71.5701983156654,
                  -31.59161106358515,
                  0
                ],
                [
                  -71.5147783936654,
                  -31.77553033358514,
                  0
                ],
                [
                  -71.5394365976654,
                  -31.83770481358514,
                  0
                ],
                [
                  -71.5009437586654,
                  -31.88986952658514,
                  0
                ],
                [
                  -71.5277178476654,
                  -31.91664361558514,
                  0
                ],
                [
                  -71.5075355556654,
                  -31.97751601158514,
                  0
                ],
                [
                  -71.54366836766539,
                  -32.19333632358514,
                  0
                ],
                [
                  -71.5303220136654,
                  -32.22670220858515,
                  0
                ],
                [
                  -71.4760414146654,
                  -32.27756483958515,
                  0
                ],
                [
                  -71.4640785246654,
                  -32.33518202658514,
                  0
                ],
                [
                  -71.4122800216654,
                  -32.36960585458515,
                  0
                ],
                [
                  -71.43950170166539,
                  -32.48508437058515,
                  0
                ],
                [
                  -71.4765296966654,
                  -32.53529595858515,
                  0
                ],
                [
                  -71.4545570396654,
                  -32.57305637558515,
                  0
                ],
                [
                  -71.44572728766539,
                  -32.64279921458515,
                  0
                ],
                [
                  -71.4652992276654,
                  -32.69952121958514,
                  0
                ],
                [
                  -71.50655899266539,
                  -32.71091444858514,
                  0
                ],
                [
                  -71.5009437586654,
                  -32.76682265158514,
                  0
                ],
                [
                  -71.5477373786654,
                  -32.79554986558514,
                  0
                ],
                [
                  -71.5181149826654,
                  -32.87318658358515,
                  0
                ],
                [
                  -71.5483884196654,
                  -32.92201470858515,
                  0
                ],
                [
                  -71.5680417406654,
                  -33.00193007358514,
                  0
                ],
                [
                  -71.6455563886654,
                  -33.01901991758515,
                  0
                ],
                [
                  -71.69015274266539,
                  -33.08567030758515,
                  0
                ],
                [
                  -71.7616859466654,
                  -33.10202772958515,
                  0
                ],
                [
                  -71.7201413496654,
                  -33.16762017758515,
                  0
                ],
                [
                  -71.70707982666539,
                  -33.24672174058514,
                  0
                ],
                [
                  -71.67591120666539,
                  -33.30100233958515,
                  0
                ],
                [
                  -71.67200495666539,
                  -33.35861952658514,
                  0
                ],
                [
                  -71.70707982666539,
                  -33.38995090658515,
                  0
                ],
                [
                  -71.7057370526654,
                  -33.43438450058515,
                  0
                ],
                [
                  -71.6405921966654,
                  -33.50062799058514,
                  0
                ],
                [
                  -71.6244789146654,
                  -33.54148085458515,
                  0
                ],
                [
                  -71.6464515716654,
                  -33.57907851158514,
                  0
                ],
                [
                  -71.6541826906654,
                  -33.65655246958514,
                  0
                ],
                [
                  -71.6874671966654,
                  -33.72092421458515,
                  0
                ],
                [
                  -71.7534665446654,
                  -33.76096327658514,
                  0
                ],
                [
                  -71.8079099046654,
                  -33.77699517758515,
                  0
                ],
                [
                  -71.83513158466539,
                  -33.82647434458514,
                  0
                ],
                [
                  -71.86007461766539,
                  -33.91192356358515,
                  0
                ],
                [
                  -71.90507787366539,
                  -33.97287733958515,
                  0
                ],
                [
                  -71.96033503466539,
                  -34.07533502158515,
                  0
                ],
                [
                  -72.0266599046654,
                  -34.16273736558514,
                  0
                ],
                [
                  -71.9950436936654,
                  -34.21254205258515,
                  0
                ],
                [
                  -71.98694636266539,
                  -34.33510064658515,
                  0
                ],
                [
                  -71.9950436936654,
                  -34.37009413658514,
                  0
                ],
                [
                  -72.0479001386654,
                  -34.40394830258515,
                  0
                ],
                [
                  -72.0424069746654,
                  -34.48614231358515,
                  0
                ],
                [
                  -72.05705541266539,
                  -34.65883111558514,
                  0
                ],
                [
                  -72.1028317796654,
                  -34.76096327658514,
                  0
                ],
                [
                  -72.18762995666539,
                  -34.88555637558515,
                  0
                ],
                [
                  -72.20325495666539,
                  -35.04066705258515,
                  0
                ],
                [
                  -72.2303952556654,
                  -35.11618788658514,
                  0
                ],
                [
                  -72.2880531336654,
                  -35.16859674058514,
                  0
                ],
                [
                  -72.3638181076654,
                  -35.20782200058515,
                  0
                ],
                [
                  -72.4196449306654,
                  -35.26820611558514,
                  0
                ],
                [
                  -72.4320147226654,
                  -35.33461236558514,
                  0
                ],
                [
                  -72.4811276776654,
                  -35.36325819858514,
                  0
                ],
                [
                  -72.4878415446654,
                  -35.41843397958515,
                  0
                ],
                [
                  -72.5294675216654,
                  -35.49045546458515,
                  0
                ],
                [
                  -72.6464108806654,
                  -35.56662733958515,
                  0
                ],
                [
                  -72.6489743576654,
                  -35.60739882358514,
                  0
                ],
                [
                  -72.6004717536654,
                  -35.69105767758515,
                  0
                ],
                [
                  -72.58338190966539,
                  -35.77064752158515,
                  0
                ],
                [
                  -72.59778620666539,
                  -35.81019830258515,
                  0
                ],
                [
                  -72.6659828216654,
                  -35.84681939658515,
                  0
                ],
                [
                  -72.6855140716654,
                  -35.88344049058514,
                  0
                ],
                [
                  -72.7799558026654,
                  -35.95261366758515,
                  0
                ],
                [
                  -72.8041257246654,
                  -35.98890924058514,
                  0
                ],
                [
                  -72.7895179776654,
                  -36.02854140158514,
                  0
                ],
                [
                  -72.8236569746654,
                  -36.10072564658515,
                  0
                ],
                [
                  -72.80937474866539,
                  -36.14182265158514,
                  0
                ],
                [
                  -72.8373288496654,
                  -36.17942030758515,
                  0
                ],
                [
                  -72.8236569746654,
                  -36.26511366758515,
                  0
                ],
                [
                  -72.83216120666539,
                  -36.30808241758515,
                  0
                ],
                [
                  -72.9250974046654,
                  -36.51055637558515,
                  0
                ],
                [
                  -72.9879229256654,
                  -36.52902968258515,
                  0
                ],
                [
                  -73.00763417014177,
                  -36.57890394447576,
                  0
                ],
                [
                  -72.98228366968299,
                  -36.62642626995656,
                  0
                ],
                [
                  -73.0018389406654,
                  -36.71384413658514,
                  0
                ],
                [
                  -73.0700355556654,
                  -36.71384413658514,
                  0
                ],
                [
                  -73.03974594742799,
                  -36.60127020397198,
                  0
                ],
                [
                  -73.1262589660507,
                  -36.60941255268322,
                  0
                ],
                [
                  -73.18336385106826,
                  -36.72649242878919,
                  0
                ],
                [
                  -73.23201890145435,
                  -36.7803287888438,
                  0
                ],
                [
                  -73.186999730407,
                  -36.81066891006544,
                  0
                ],
                [
                  -73.1702954961687,
                  -36.83832937026008,
                  0
                ],
                [
                  -73.1774446538204,
                  -36.95000950058515,
                  0
                ],
                [
                  -73.20063801282039,
                  -36.99443093301241,
                  0
                ],
                [
                  -73.1731442796654,
                  -37.07639296458515,
                  0
                ],
                [
                  -73.2088701906654,
                  -37.16029595858515,
                  0
                ],
                [
                  -73.28239720966539,
                  -37.21408827658514,
                  0
                ],
                [
                  -73.4032061286654,
                  -37.23663059458514,
                  0
                ],
                [
                  -73.43883173740035,
                  -37.20512380187658,
                  0
                ],
                [
                  -73.59210757344628,
                  -37.13809399566939,
                  0
                ],
                [
                  -73.65755618271083,
                  -37.2040825469707,
                  0
                ],
                [
                  -73.6766890471041,
                  -37.2791990289027,
                  0
                ],
                [
                  -73.68518186534467,
                  -37.32887662263863,
                  0
                ],
                [
                  -73.69256610163784,
                  -37.37542534441084,
                  0
                ],
                [
                  -73.62097288134466,
                  -37.41529957920716,
                  0
                ],
                [
                  -73.60393041266539,
                  -37.51242812058515,
                  0
                ],
                [
                  -73.6774574306654,
                  -37.57940403158515,
                  0
                ],
                [
                  -73.6876706466654,
                  -37.62172174058514,
                  0
                ],
                [
                  -73.6659828216654,
                  -37.66281874558515,
                  0
                ],
                [
                  -73.6775728153454,
                  -37.72456260109772,
                  0
                ],
                [
                  -73.63155230834468,
                  -37.76195381363195,
                  0
                ],
                [
                  -73.51503129571896,
                  -37.93542469624948,
                  0
                ],
                [
                  -73.48513957984255,
                  -38.01613186285859,
                  0
                ],
                [
                  -73.4626136806654,
                  -38.09177382358514,
                  0
                ],
                [
                  -73.48161595966539,
                  -38.21807590658515,
                  0
                ],
                [
                  -73.5204750086654,
                  -38.26706679258515,
                  0
                ],
                [
                  -73.5089190186654,
                  -38.31654595858515,
                  0
                ],
                [
                  -73.54309870666539,
                  -38.42071262558515,
                  0
                ],
                [
                  -73.5204750086654,
                  -38.52162408358515,
                  0
                ],
                [
                  -73.48304011266539,
                  -38.63750950058515,
                  0
                ],
                [
                  -73.4332354256654,
                  -38.68698866758515,
                  0
                ],
                [
                  -73.3611325606654,
                  -38.91387668858515,
                  0
                ],
                [
                  -73.28325170166539,
                  -39.07533502158515,
                  0
                ],
                [
                  -73.2519203216654,
                  -39.17795546458515,
                  0
                ],
                [
                  -73.2096433026654,
                  -39.19382460458515,
                  0
                ],
                [
                  -73.23515599866539,
                  -39.24932590658515,
                  0
                ],
                [
                  -73.2209144616654,
                  -39.34177382358514,
                  0
                ],
                [
                  -73.24484024266539,
                  -39.39035780758515,
                  0
                ],
                [
                  -73.24138158466539,
                  -39.48956028158515,
                  0
                ],
                [
                  -73.2977780686654,
                  -39.58274062058515,
                  0
                ],
                [
                  -73.4058916756654,
                  -39.69496392758515,
                  0
                ],
                [
                  -73.3785886156654,
                  -39.74281549058514,
                  0
                ],
                [
                  -73.40174128466539,
                  -39.80417616758515,
                  0
                ],
                [
                  -73.3755368576654,
                  -39.85772434458514,
                  0
                ],
                [
                  -73.4582191496654,
                  -39.83379856358515,
                  0
                ],
                [
                  -73.5168942796654,
                  -39.88767226158514,
                  0
                ],
                [
                  -73.6830319746654,
                  -39.94252252158515,
                  0
                ],
                [
                  -73.7139971436654,
                  -39.97849257358514,
                  0
                ],
                [
                  -73.6733884196654,
                  -40.03090142758515,
                  0
                ],
                [
                  -73.6597979256654,
                  -40.10959608958515,
                  0
                ],
                [
                  -73.6976397226654,
                  -40.12644179258515,
                  0
                ],
                [
                  -73.7348304776654,
                  -40.17478163658514,
                  0
                ],
                [
                  -73.7212399826654,
                  -40.20896132358514,
                  0
                ],
                [
                  -73.7458168056654,
                  -40.24948866758515,
                  0
                ],
                [
                  -73.76213353766539,
                  -40.39027642758515,
                  0
                ],
                [
                  -73.7807289146654,
                  -40.43731418858515,
                  0
                ],
                [
                  -73.72831270666539,
                  -40.54422456158515,
                  0
                ],
                [
                  -73.76051651666539,
                  -40.60780321558514,
                  0
                ],
                [
                  -73.8413102816654,
                  -40.66675116358515,
                  0
                ],
                [
                  -73.8087003306654,
                  -40.70603034658514,
                  0
                ],
                [
                  -73.8619942046654,
                  -40.76475865758515,
                  0
                ],
                [
                  -73.89304483166539,
                  -40.86382684258515,
                  0
                ],
                [
                  -73.85445541766539,
                  -40.91620713858514,
                  0
                ],
                [
                  -73.9467192866654,
                  -40.97288499658514,
                  0
                ],
                [
                  -73.91947980266539,
                  -41.15274233458515,
                  0
                ],
                [
                  -73.8947727996654,
                  -41.18448156358514,
                  0
                ],
                [
                  -73.8410317516654,
                  -41.33286494058515,
                  0
                ],
                [
                  -73.8536544876654,
                  -41.42216268258515,
                  0
                ],
                [
                  -73.8135102266654,
                  -41.49710866958515,
                  0
                ],
                [
                  -73.7979815186654,
                  -41.56573215658515,
                  0
                ],
                [
                  -73.6938962326654,
                  -41.59242486558514,
                  0
                ],
                [
                  -73.6999310036654,
                  -41.68186953058515,
                  0
                ],
                [
                  -73.73515599866539,
                  -41.75453424058514,
                  0
                ],
                [
                  -73.6597979256654,
                  -41.75754530758515,
                  0
                ],
                [
                  -73.5148597746654,
                  -41.80368788658514,
                  0
                ],
                [
                  -73.4269691496654,
                  -41.77805312058515,
                  0
                ],
                [
                  -73.3630043056654,
                  -41.77357720858515,
                  0
                ],
                [
                  -73.20122045166539,
                  -41.78480767758515,
                  0
                ],
                [
                  -73.1415280686654,
                  -41.75485976158514,
                  0
                ],
                [
                  -73.0995358806654,
                  -41.71058892758515,
                  0
                ],
                [
                  -73.05900853766539,
                  -41.69748671458515,
                  0
                ],
                [
                  -73.07434870666539,
                  -41.63685845858515,
                  0
                ],
                [
                  -73.1117022226654,
                  -41.58623996958514,
                  0
                ],
                [
                  -73.03539143666539,
                  -41.55688719058514,
                  0
                ],
                [
                  -73.02187793666539,
                  -41.51470662758515,
                  0
                ],
                [
                  -72.95707982666539,
                  -41.48361952658514,
                  0
                ],
                [
                  -72.88538386266539,
                  -41.51169569858514,
                  0
                ],
                [
                  -72.8536862716654,
                  -41.49721002158515,
                  0
                ],
                [
                  -72.7513913496654,
                  -41.54847955258515,
                  0
                ],
                [
                  -72.6933265716654,
                  -41.61301405758515,
                  0
                ],
                [
                  -72.6772946696654,
                  -41.67364231358515,
                  0
                ],
                [
                  -72.6092608156654,
                  -41.70676405758515,
                  0
                ],
                [
                  -72.4159014406654,
                  -41.65834283358515,
                  0
                ],
                [
                  -72.3724850996654,
                  -41.59014621958514,
                  0
                ],
                [
                  -72.3507158936654,
                  -41.45586887558515,
                  0
                ],
                [
                  -72.3029050216654,
                  -41.52414687058515,
                  0
                ],
                [
                  -72.3415199306654,
                  -41.60023736558514,
                  0
                ],
                [
                  -72.3394040446654,
                  -41.64694960458515,
                  0
                ],
                [
                  -72.4159014406654,
                  -41.69235976158514,
                  0
                ],
                [
                  -72.5693031336654,
                  -41.73060845858515,
                  0
                ],
                [
                  -72.64494603766539,
                  -41.72287733958515,
                  0
                ],
                [
                  -72.80900853766539,
                  -41.84519179258515,
                  0
                ],
                [
                  -72.86341120666539,
                  -41.90598280758515,
                  0
                ],
                [
                  -72.8158851646654,
                  -41.97914361558514,
                  0
                ],
                [
                  -72.73710912366539,
                  -42.01397434458514,
                  0
                ],
                [
                  -72.6864906336654,
                  -41.99721002158515,
                  0
                ],
                [
                  -72.6544675216654,
                  -42.02064752158515,
                  0
                ],
                [
                  -72.5803708416654,
                  -42.03122694858514,
                  0
                ],
                [
                  -72.5170163496654,
                  -41.95098606358515,
                  0
                ],
                [
                  -72.4623695396654,
                  -41.98557265158514,
                  0
                ],
                [
                  -72.4878415446654,
                  -42.06475559458514,
                  0
                ],
                [
                  -72.47522761266539,
                  -42.22312147958515,
                  0
                ],
                [
                  -72.4760007246654,
                  -42.30783827658514,
                  0
                ],
                [
                  -72.4401120526654,
                  -42.35414361558514,
                  0
                ],
                [
                  -72.4196042406654,
                  -42.43967421458515,
                  0
                ],
                [
                  -72.4559811936654,
                  -42.44089491758515,
                  0
                ],
                [
                  -72.5577471436654,
                  -42.21115858958515,
                  0
                ],
                [
                  -72.61975886266539,
                  -42.18479140158514,
                  0
                ],
                [
                  -72.6728187586654,
                  -42.20944960458515,
                  0
                ],
                [
                  -72.8095375086654,
                  -42.24330377158515,
                  0
                ],
                [
                  -72.8435544356654,
                  -42.27829726158514,
                  0
                ],
                [
                  -72.7926511156654,
                  -42.30564101158514,
                  0
                ],
                [
                  -72.7622556076654,
                  -42.38132460458515,
                  0
                ],
                [
                  -72.7159502686654,
                  -42.40061171458515,
                  0
                ],
                [
                  -72.71757787366539,
                  -42.43259413658514,
                  0
                ],
                [
                  -72.6782712326654,
                  -42.47849257358514,
                  0
                ],
                [
                  -72.5582761156654,
                  -42.52487929258515,
                  0
                ],
                [
                  -72.5629554776654,
                  -42.56573215658515,
                  0
                ],
                [
                  -72.6796546966654,
                  -42.50420871958514,
                  0
                ],
                [
                  -72.7533851646654,
                  -42.49192030758515,
                  0
                ],
                [
                  -72.8236569746654,
                  -42.50420871958514,
                  0
                ],
                [
                  -72.85661595966539,
                  -42.55596653158515,
                  0
                ],
                [
                  -72.8646725996654,
                  -42.62090793858515,
                  0
                ],
                [
                  -72.82890599866539,
                  -42.65264621958514,
                  0
                ],
                [
                  -72.8646725996654,
                  -42.69659153158515,
                  0
                ],
                [
                  -72.8646725996654,
                  -42.75127903158515,
                  0
                ],
                [
                  -72.8420082116654,
                  -42.83811171458515,
                  0
                ],
                [
                  -72.7469561286654,
                  -42.90980767758515,
                  0
                ],
                [
                  -72.7608721436654,
                  -43.00909153158515,
                  0
                ],
                [
                  -72.8646725996654,
                  -43.01877577658514,
                  0
                ],
                [
                  -72.9342526776654,
                  -43.09828424058514,
                  0
                ],
                [
                  -72.9130531336654,
                  -43.16908502158515,
                  0
                ],
                [
                  -72.9119951906654,
                  -43.23549127158515,
                  0
                ],
                [
                  -73.0555498786654,
                  -43.28871392758515,
                  0
                ],
                [
                  -73.08439916266539,
                  -43.31638319858514,
                  0
                ],
                [
                  -73.0850908936654,
                  -43.38254530758515,
                  0
                ],
                [
                  -73.1111325606654,
                  -43.46107720858515,
                  0
                ],
                [
                  -73.0258461026654,
                  -43.58672825058515,
                  0
                ],
                [
                  -72.9728268966654,
                  -43.62139621958514,
                  0
                ],
                [
                  -72.98767878466539,
                  -43.66648085458515,
                  0
                ],
                [
                  -73.04338353766539,
                  -43.69602187058515,
                  0
                ],
                [
                  -73.04570287366539,
                  -43.72849257358514,
                  0
                ],
                [
                  -72.9791745526654,
                  -43.76120741758515,
                  0
                ],
                [
                  -72.87512995666539,
                  -43.74346653158515,
                  0
                ],
                [
                  -72.8721188886654,
                  -43.77911106358515,
                  0
                ],
                [
                  -72.9266843186654,
                  -43.78733046458515,
                  0
                ],
                [
                  -72.9670895916654,
                  -43.82012668858515,
                  0
                ],
                [
                  -73.0198239666654,
                  -43.80832655758515,
                  0
                ],
                [
                  -73.06328099866539,
                  -43.90207655758515,
                  0
                ],
                [
                  -73.1389645916654,
                  -43.98516575058515,
                  0
                ],
                [
                  -73.1326169356654,
                  -44.04864231358515,
                  0
                ],
                [
                  -73.2209144616654,
                  -44.07736952658514,
                  0
                ],
                [
                  -73.2775550866654,
                  -44.11008437058515,
                  0
                ],
                [
                  -73.2834144616654,
                  -44.17413059458514,
                  0
                ],
                [
                  -73.1389645916654,
                  -44.21058892758515,
                  0
                ],
                [
                  -73.15935033466539,
                  -44.26047499558515,
                  0
                ],
                [
                  -73.05139948766539,
                  -44.27341444858514,
                  0
                ],
                [
                  -72.92639948766539,
                  -44.32061496958514,
                  0
                ],
                [
                  -72.9335609466654,
                  -44.36472304258515,
                  0
                ],
                [
                  -72.6865720136654,
                  -44.48850233958515,
                  0
                ],
                [
                  -72.6606931076654,
                  -44.43259413658514,
                  0
                ],
                [
                  -72.59778620666539,
                  -44.50534804258515,
                  0
                ],
                [
                  -72.6796546966654,
                  -44.54359674058514,
                  0
                ],
                [
                  -72.7034177166654,
                  -44.63441705258515,
                  0
                ],
                [
                  -72.7289711026654,
                  -44.66566705258515,
                  0
                ],
                [
                  -72.7098467536654,
                  -44.71742486558514,
                  0
                ],
                [
                  -72.7274655686654,
                  -44.75860325058515,
                  0
                ],
                [
                  -72.8098630296654,
                  -44.76779921458515,
                  0
                ],
                [
                  -72.9145993576654,
                  -44.84787733958515,
                  0
                ],
                [
                  -72.99809545166539,
                  -44.86163059458514,
                  0
                ],
                [
                  -73.1169105556654,
                  -44.94838189658515,
                  0
                ],
                [
                  -73.1798988366654,
                  -44.94415012558515,
                  0
                ],
                [
                  -73.2341794356654,
                  -44.96530897958515,
                  0
                ],
                [
                  -73.34807103766539,
                  -44.95782200058515,
                  0
                ],
                [
                  -73.3975908936654,
                  -44.98825819858514,
                  0
                ],
                [
                  -73.4058916756654,
                  -45.02609999558516,
                  0
                ],
                [
                  -73.3042477946654,
                  -45.14483371958514,
                  0
                ],
                [
                  -73.33077774266539,
                  -45.17754856358515,
                  0
                ],
                [
                  -73.4369382246654,
                  -45.19065077658514,
                  0
                ],
                [
                  -73.4604977946654,
                  -45.26633437058514,
                  0
                ],
                [
                  -73.4250160246654,
                  -45.28773736558513,
                  0
                ],
                [
                  -73.3287839276654,
                  -45.28399387558515,
                  0
                ],
                [
                  -73.25647761266539,
                  -45.24826796458516,
                  0
                ],
                [
                  -73.17648086766539,
                  -45.28171522958515,
                  0
                ],
                [
                  -73.07890599866539,
                  -45.35479465658515,
                  0
                ],
                [
                  -72.9813311286654,
                  -45.40101861558513,
                  0
                ],
                [
                  -72.9247311936654,
                  -45.40736627158515,
                  0
                ],
                [
                  -72.8582842536654,
                  -45.38929986558513,
                  0
                ],
                [
                  -72.8304522226654,
                  -45.41810845858515,
                  0
                ],
                [
                  -72.8593421966654,
                  -45.46449517758515,
                  0
                ],
                [
                  -73.0141273526654,
                  -45.44480116758515,
                  0
                ],
                [
                  -73.1617917406654,
                  -45.36569960458516,
                  0
                ],
                [
                  -73.2084632896654,
                  -45.30222304258515,
                  0
                ],
                [
                  -73.32752253466539,
                  -45.34096002158515,
                  0
                ],
                [
                  -73.42228978766539,
                  -45.41957330258515,
                  0
                ],
                [
                  -73.4749020916654,
                  -45.42461887558515,
                  0
                ],
                [
                  -73.5171384196654,
                  -45.46042616758515,
                  0
                ],
                [
                  -73.5421221436654,
                  -45.58151991758514,
                  0
                ],
                [
                  -73.56515274266539,
                  -45.63262668858515,
                  0
                ],
                [
                  -73.57499974866539,
                  -45.72328424058515,
                  0
                ],
                [
                  -73.4894691496654,
                  -45.72670220858515,
                  0
                ],
                [
                  -73.4201332116654,
                  -45.64987929258515,
                  0
                ],
                [
                  -73.3270749436654,
                  -45.61911757358514,
                  0
                ],
                [
                  -73.2960283936654,
                  -45.64987929258515,
                  0
                ],
                [
                  -73.4019040446654,
                  -45.70196262558515,
                  0
                ],
                [
                  -73.5368324306654,
                  -45.80417616758515,
                  0
                ],
                [
                  -73.5546546966654,
                  -45.87766249558515,
                  0
                ],
                [
                  -73.60942357666539,
                  -45.90313450058515,
                  0
                ],
                [
                  -73.6217526776654,
                  -45.95041640158514,
                  0
                ],
                [
                  -73.6603675866654,
                  -45.97572564658514,
                  0
                ],
                [
                  -73.6495440186654,
                  -46.05051405758515,
                  0
                ],
                [
                  -73.6188229906654,
                  -46.10235325058515,
                  0
                ],
                [
                  -73.6479164146654,
                  -46.19480116758515,
                  0
                ],
                [
                  -73.6916175866654,
                  -46.25648736558514,
                  0
                ],
                [
                  -73.6876706466654,
                  -46.32207981358515,
                  0
                ],
                [
                  -73.59965795166539,
                  -46.24680312058514,
                  0
                ],
                [
                  -73.5761390716654,
                  -46.20188124558515,
                  0
                ],
                [
                  -73.5237302166654,
                  -46.17526991758515,
                  0
                ],
                [
                  -73.5800046306654,
                  -46.31027968258515,
                  0
                ],
                [
                  -73.6720863366654,
                  -46.35959608958514,
                  0
                ],
                [
                  -73.7421546966654,
                  -46.42103814658515,
                  0
                ],
                [
                  -73.83142878466539,
                  -46.57793918858516,
                  0
                ],
                [
                  -73.9243649826654,
                  -46.59698215658514,
                  0
                ],
                [
                  -73.98898086766539,
                  -46.55979140158514,
                  0
                ],
                [
                  -73.9123207116654,
                  -46.46888970858514,
                  0
                ],
                [
                  -73.8577145916654,
                  -46.43080377158515,
                  0
                ],
                [
                  -73.7939938886654,
                  -46.36163059458513,
                  0
                ],
                [
                  -73.76213353766539,
                  -46.27365858958515,
                  0
                ],
                [
                  -73.76966120666539,
                  -46.23459608958514,
                  0
                ],
                [
                  -73.8577145916654,
                  -46.18430312058514,
                  0
                ],
                [
                  -73.88164037366539,
                  -46.14182265158513,
                  0
                ],
                [
                  -73.9855628996654,
                  -46.15362278158515,
                  0
                ],
                [
                  -74.01603978766539,
                  -46.21848280758515,
                  0
                ],
                [
                  -73.9528073656654,
                  -46.23158502158515,
                  0
                ],
                [
                  -73.9413327556654,
                  -46.30498996958515,
                  0
                ],
                [
                  -74.0262530036654,
                  -46.28676080258515,
                  0
                ],
                [
                  -74.0770342536654,
                  -46.20383437058515,
                  0
                ],
                [
                  -73.9703854906654,
                  -46.08420546458515,
                  0
                ],
                [
                  -73.9818600996654,
                  -46.02976210458515,
                  0
                ],
                [
                  -74.0298337326654,
                  -46.00844049058514,
                  0
                ],
                [
                  -74.0836667406654,
                  -46.02976210458515,
                  0
                ],
                [
                  -74.1069821696654,
                  -45.99460585458516,
                  0
                ],
                [
                  -74.06385065966539,
                  -45.96457655758515,
                  0
                ],
                [
                  -74.0797604906654,
                  -45.92120090658515,
                  0
                ],
                [
                  -74.1353024826654,
                  -45.86716444858514,
                  0
                ],
                [
                  -74.1029538496654,
                  -45.83689101158514,
                  0
                ],
                [
                  -74.1891761806654,
                  -45.79367812058514,
                  0
                ],
                [
                  -74.2897214276654,
                  -45.81508111558513,
                  0
                ],
                [
                  -74.35942357666539,
                  -45.79034153158516,
                  0
                ],
                [
                  -74.44645970966539,
                  -45.80832655758515,
                  0
                ],
                [
                  -74.4684730556654,
                  -45.83477512558515,
                  0
                ],
                [
                  -74.4468259196654,
                  -45.89426405758515,
                  0
                ],
                [
                  -74.4528073656654,
                  -45.94406874558516,
                  0
                ],
                [
                  -74.5072507246654,
                  -45.92746718258515,
                  0
                ],
                [
                  -74.5597816496654,
                  -45.82631158358515,
                  0
                ],
                [
                  -74.6065752686654,
                  -45.84592421458515,
                  0
                ],
                [
                  -74.6471433026654,
                  -45.81622043858515,
                  0
                ],
                [
                  -74.6907224046654,
                  -45.84161106358515,
                  0
                ],
                [
                  -74.72856420166539,
                  -45.94406874558516,
                  0
                ],
                [
                  -74.7131833416654,
                  -45.98451470858515,
                  0
                ],
                [
                  -74.8110837326654,
                  -46.08469374558515,
                  0
                ],
                [
                  -74.82426732666539,
                  -46.12595351158514,
                  0
                ],
                [
                  -74.77210261266539,
                  -46.16550429258515,
                  0
                ],
                [
                  -74.7952145916654,
                  -46.20920546458514,
                  0
                ],
                [
                  -74.8651608806654,
                  -46.15020481358515,
                  0
                ],
                [
                  -74.9098386156654,
                  -46.15020481358515,
                  0
                ],
                [
                  -74.9579343186654,
                  -46.21530897958515,
                  0
                ],
                [
                  -75.0063962326654,
                  -46.22727187058515,
                  0
                ],
                [
                  -75.0905026776654,
                  -46.21612278158515,
                  0
                ],
                [
                  -75.1384763106654,
                  -46.31410455258514,
                  0
                ],
                [
                  -75.2015459726654,
                  -46.30100233958515,
                  0
                ],
                [
                  -75.2267738366654,
                  -46.38986952658514,
                  0
                ],
                [
                  -75.2704343186654,
                  -46.36244439658515,
                  0
                ],
                [
                  -75.3902666756654,
                  -46.42738580258514,
                  0
                ],
                [
                  -75.3888832116654,
                  -46.47678358958515,
                  0
                ],
                [
                  -75.4528073656654,
                  -46.50941705258515,
                  0
                ],
                [
                  -75.54041315966539,
                  -46.51332330258516,
                  0
                ],
                [
                  -75.5168942796654,
                  -46.55433892758515,
                  0
                ],
                [
                  -75.6358721436654,
                  -46.57305637558515,
                  0
                ],
                [
                  -75.7045163496654,
                  -46.63929986558515,
                  0
                ],
                [
                  -75.7068356856654,
                  -46.78659804258514,
                  0
                ],
                [
                  -75.65369440966539,
                  -46.83347304258515,
                  0
                ],
                [
                  -75.6533688886654,
                  -46.86643202658514,
                  0
                ],
                [
                  -75.58513158466539,
                  -46.90362278158515,
                  0
                ],
                [
                  -75.55156224866539,
                  -46.94838189658515,
                  0
                ],
                [
                  -75.4103675866654,
                  -46.93161757358514,
                  0
                ],
                [
                  -75.3524248786654,
                  -46.90061171458515,
                  0
                ],
                [
                  -75.3865231856654,
                  -46.78008762558516,
                  0
                ],
                [
                  -75.4486569746654,
                  -46.75656874558515,
                  0
                ],
                [
                  -75.42228978766539,
                  -46.71400689658515,
                  0
                ],
                [
                  -75.54041315966539,
                  -46.69821913658514,
                  0
                ],
                [
                  -75.5615720136654,
                  -46.68080377158515,
                  0
                ],
                [
                  -75.4370602946654,
                  -46.64987929258515,
                  0
                ],
                [
                  -75.3421709726654,
                  -46.65736627158515,
                  0
                ],
                [
                  -75.3245928476654,
                  -46.64011366758515,
                  0
                ],
                [
                  -75.2015459726654,
                  -46.63002252158515,
                  0
                ],
                [
                  -75.11145808166539,
                  -46.58689101158514,
                  0
                ],
                [
                  -75.0513181076654,
                  -46.51332330258516,
                  0
                ],
                [
                  -75.0138832116654,
                  -46.52015924058514,
                  0
                ],
                [
                  -74.9644040446654,
                  -46.45407851158514,
                  0
                ],
                [
                  -74.94145482666539,
                  -46.51682265158513,
                  0
                ],
                [
                  -74.9960609466654,
                  -46.54001601158514,
                  0
                ],
                [
                  -75.08317845966539,
                  -46.64092746958514,
                  0
                ],
                [
                  -75.0159990976654,
                  -46.71937799058513,
                  0
                ],
                [
                  -74.85616836766539,
                  -46.81394179258515,
                  0
                ],
                [
                  -74.7993649826654,
                  -46.80124647958515,
                  0
                ],
                [
                  -74.7213620526654,
                  -46.84006483958515,
                  0
                ],
                [
                  -74.6807940186654,
                  -46.88392877158515,
                  0
                ],
                [
                  -74.6181312586654,
                  -46.87611627158515,
                  0
                ],
                [
                  -74.4789711026654,
                  -46.90232069858514,
                  0
                ],
                [
                  -74.4921140056654,
                  -46.86342095858515,
                  0
                ],
                [
                  -74.5507484466654,
                  -46.83542616758515,
                  0
                ],
                [
                  -74.6486488366654,
                  -46.82932265158514,
                  0
                ],
                [
                  -74.6506833416654,
                  -46.78838840658515,
                  0
                ],
                [
                  -74.52653783466539,
                  -46.80124647958515,
                  0
                ],
                [
                  -74.4412106856654,
                  -46.76722955258514,
                  0
                ],
                [
                  -74.3381833416654,
                  -46.76722955258514,
                  0
                ],
                [
                  -74.2666501386654,
                  -46.78171522958515,
                  0
                ],
                [
                  -74.2431312586654,
                  -46.86472304258515,
                  0
                ],
                [
                  -74.1184567796654,
                  -46.98809543858515,
                  0
                ],
                [
                  -74.0199053476654,
                  -46.97832981358515,
                  0
                ],
                [
                  -73.9487790446654,
                  -47.01560194858514,
                  0
                ],
                [
                  -73.95744603766539,
                  -47.06036106358515,
                  0
                ],
                [
                  -74.0570147226654,
                  -47.15695937058515,
                  0
                ],
                [
                  -74.1388832116654,
                  -47.22238905758515,
                  0
                ],
                [
                  -74.21554336766539,
                  -47.20472955258516,
                  0
                ],
                [
                  -74.3245114666654,
                  -47.21897108958515,
                  0
                ],
                [
                  -74.40703099866539,
                  -47.34250624558515,
                  0
                ],
                [
                  -74.4815752686654,
                  -47.37668593258515,
                  0
                ],
                [
                  -74.52869440966539,
                  -47.42234022958515,
                  0
                ],
                [
                  -74.5063962326654,
                  -47.46970351158514,
                  0
                ],
                [
                  -74.44060033466539,
                  -47.44553358958516,
                  0
                ],
                [
                  -74.43437474866539,
                  -47.50705702658514,
                  0
                ],
                [
                  -74.3921384196654,
                  -47.53480767758515,
                  0
                ],
                [
                  -74.34436823766539,
                  -47.51999647958515,
                  0
                ],
                [
                  -74.32817357666539,
                  -47.58575168858515,
                  0
                ],
                [
                  -74.2834144616654,
                  -47.60381809458513,
                  0
                ],
                [
                  -74.2249020916654,
                  -47.58217095858516,
                  0
                ],
                [
                  -74.17424291266539,
                  -47.61732720858515,
                  0
                ],
                [
                  -74.2537106856654,
                  -47.63132460458514,
                  0
                ],
                [
                  -74.3033933026654,
                  -47.67836236558514,
                  0
                ],
                [
                  -74.37171198766539,
                  -47.58900689658515,
                  0
                ],
                [
                  -74.4197263106654,
                  -47.56345351158515,
                  0
                ],
                [
                  -74.5565264406654,
                  -47.55010715658514,
                  0
                ],
                [
                  -74.61194636266539,
                  -47.56849908358516,
                  0
                ],
                [
                  -74.6376625086654,
                  -47.64581028158515,
                  0
                ],
                [
                  -74.6725339276654,
                  -47.64825168858515,
                  0
                ],
                [
                  -74.7360511806654,
                  -47.70456679258515,
                  0
                ],
                [
                  -74.7105791756654,
                  -47.73744439658515,
                  0
                ],
                [
                  -74.6282224046654,
                  -47.76779921458515,
                  0
                ],
                [
                  -74.47726211766539,
                  -47.76218397958515,
                  0
                ],
                [
                  -74.3782224046654,
                  -47.74484999558515,
                  0
                ],
                [
                  -74.38554662366539,
                  -47.77911106358515,
                  0
                ],
                [
                  -74.3177975996654,
                  -47.78977187058516,
                  0
                ],
                [
                  -74.2911862716654,
                  -47.76820611558514,
                  0
                ],
                [
                  -74.19731420166539,
                  -47.78928358958515,
                  0
                ],
                [
                  -74.0735349046654,
                  -47.77308892758515,
                  0
                ],
                [
                  -74.0348793056654,
                  -47.82151015158514,
                  0
                ],
                [
                  -73.9235104906654,
                  -47.84275038658514,
                  0
                ],
                [
                  -73.8016843186654,
                  -47.80710585458514,
                  0
                ],
                [
                  -73.76966120666539,
                  -47.77081028158515,
                  0
                ],
                [
                  -73.78947728766539,
                  -47.73972304258514,
                  0
                ],
                [
                  -73.7307614666654,
                  -47.62375624558515,
                  0
                ],
                [
                  -73.77580541266539,
                  -47.59584283358515,
                  0
                ],
                [
                  -73.7361325606654,
                  -47.53537733958515,
                  0
                ],
                [
                  -73.6733884196654,
                  -47.56849908358516,
                  0
                ],
                [
                  -73.7026039146654,
                  -47.59323866758515,
                  0
                ],
                [
                  -73.6689125086654,
                  -47.64711236558514,
                  0
                ],
                [
                  -73.7407712326654,
                  -47.70310194858514,
                  0
                ],
                [
                  -73.7095212326654,
                  -47.77609999558516,
                  0
                ],
                [
                  -73.6733884196654,
                  -47.79441054258515,
                  0
                ],
                [
                  -73.5780515056654,
                  -47.79978163658514,
                  0
                ],
                [
                  -73.65507787366539,
                  -47.93234999558515,
                  0
                ],
                [
                  -73.5914792406654,
                  -48.04196913658514,
                  0
                ],
                [
                  -73.48161595966539,
                  -48.12334934458514,
                  0
                ],
                [
                  -73.34900690966539,
                  -48.19154595858515,
                  0
                ],
                [
                  -73.5021644616654,
                  -48.17722304258515,
                  0
                ],
                [
                  -73.5560788496654,
                  -48.24688450058515,
                  0
                ],
                [
                  -73.6045407636654,
                  -48.20586887558515,
                  0
                ],
                [
                  -73.5915199306654,
                  -48.14076470858515,
                  0
                ],
                [
                  -73.6360349046654,
                  -48.11293267758515,
                  0
                ],
                [
                  -73.7618893966654,
                  -48.08754205258515,
                  0
                ],
                [
                  -73.8909177166654,
                  -48.02227512558516,
                  0
                ],
                [
                  -73.9613929776654,
                  -48.04815403158515,
                  0
                ],
                [
                  -74.0604326906654,
                  -48.00046522958515,
                  0
                ],
                [
                  -74.3097816496654,
                  -47.99045546458515,
                  0
                ],
                [
                  -74.3138913496654,
                  -48.03594700058515,
                  0
                ],
                [
                  -74.1958493576654,
                  -48.21351861558513,
                  0
                ],
                [
                  -74.2835772226654,
                  -48.17111952658514,
                  0
                ],
                [
                  -74.3085202556654,
                  -48.07175429258515,
                  0
                ],
                [
                  -74.3341957116654,
                  -48.03220351158513,
                  0
                ],
                [
                  -74.41520970966539,
                  -47.98370090658515,
                  0
                ],
                [
                  -74.5168942796654,
                  -47.95944960458515,
                  0
                ],
                [
                  -74.6252243726654,
                  -48.00427147058516,
                  0
                ],
                [
                  -74.6266383336654,
                  -48.05894828058514,
                  0
                ],
                [
                  -74.5118893966654,
                  -48.08998345858514,
                  0
                ],
                [
                  -74.4423093186654,
                  -48.18243137558515,
                  0
                ],
                [
                  -74.3176755296654,
                  -48.21213515158513,
                  0
                ],
                [
                  -74.2767819746654,
                  -48.26731093258515,
                  0
                ],
                [
                  -74.2614011156654,
                  -48.33518202658514,
                  0
                ],
                [
                  -74.1547523526654,
                  -48.35788710458515,
                  0
                ],
                [
                  -74.1090980556654,
                  -48.38571913658514,
                  0
                ],
                [
                  -73.9953285246654,
                  -48.41420220858515,
                  0
                ],
                [
                  -74.0283688886654,
                  -48.44805637558515,
                  0
                ],
                [
                  -74.0204343186654,
                  -48.53366835458515,
                  0
                ],
                [
                  -73.9716468836654,
                  -48.56508111558513,
                  0
                ],
                [
                  -74.02283503466539,
                  -48.58949517758515,
                  0
                ],
                [
                  -74.0526201906654,
                  -48.54994439658514,
                  0
                ],
                [
                  -74.1969479906654,
                  -48.47336562058515,
                  0
                ],
                [
                  -74.2701901776654,
                  -48.51096327658514,
                  0
                ],
                [
                  -74.39197565966539,
                  -48.59909804258515,
                  0
                ],
                [
                  -74.37171198766539,
                  -48.71921522958516,
                  0
                ],
                [
                  -74.43437474866539,
                  -48.78806288658514,
                  0
                ],
                [
                  -74.4532956466654,
                  -48.83103163658515,
                  0
                ],
                [
                  -74.4003578216654,
                  -48.97483046458515,
                  0
                ],
                [
                  -74.4611488366654,
                  -49.01975233958515,
                  0
                ],
                [
                  -74.4624509196654,
                  -49.06638319858514,
                  0
                ],
                [
                  -74.41325658466539,
                  -49.11700168858515,
                  0
                ],
                [
                  -74.41252416266539,
                  -49.21888970858514,
                  0
                ],
                [
                  -74.39335912366539,
                  -49.31752252158515,
                  0
                ],
                [
                  -74.42395808166539,
                  -49.37123345858515,
                  0
                ],
                [
                  -74.3947018966654,
                  -49.41322564658515,
                  0
                ],
                [
                  -74.3369626386654,
                  -49.43503554258514,
                  0
                ],
                [
                  -74.24093399266539,
                  -49.52797174058514,
                  0
                ],
                [
                  -74.2147295656654,
                  -49.52317030758515,
                  0
                ],
                [
                  -74.1811195396654,
                  -49.39475233958515,
                  0
                ],
                [
                  -74.1627683026654,
                  -49.36732720858515,
                  0
                ],
                [
                  -74.1457191496654,
                  -49.26788059458515,
                  0
                ],
                [
                  -74.03585586766539,
                  -49.14499647958516,
                  0
                ],
                [
                  -73.9777503996654,
                  -49.17120090658514,
                  0
                ],
                [
                  -74.00859349866539,
                  -49.22629530758514,
                  0
                ],
                [
                  -73.9849118576654,
                  -49.27341444858514,
                  0
                ],
                [
                  -74.0836667406654,
                  -49.27813450058516,
                  0
                ],
                [
                  -74.1233395916654,
                  -49.42266575058515,
                  0
                ],
                [
                  -74.07752253466539,
                  -49.50119765158515,
                  0
                ],
                [
                  -73.9150876386654,
                  -49.51055637558515,
                  0
                ],
                [
                  -73.87952448766539,
                  -49.52854140158514,
                  0
                ],
                [
                  -73.8785886156654,
                  -49.58819309458513,
                  0
                ],
                [
                  -73.85234349866539,
                  -49.65329726158514,
                  0
                ],
                [
                  -73.8925046306654,
                  -49.65834283358514,
                  0
                ],
                [
                  -73.9266436286654,
                  -49.56955702658513,
                  0
                ],
                [
                  -74.0536374436654,
                  -49.53936496958514,
                  0
                ],
                [
                  -74.2336911546654,
                  -49.56605767758514,
                  0
                ],
                [
                  -74.3220700606654,
                  -49.63254530758515,
                  0
                ],
                [
                  -74.3160886156654,
                  -49.71954075058515,
                  0
                ],
                [
                  -74.24874649266539,
                  -49.72776015158514,
                  0
                ],
                [
                  -74.06385065966539,
                  -49.71359999558515,
                  0
                ],
                [
                  -74.0929847746654,
                  -49.74826796458515,
                  0
                ],
                [
                  -74.1969479906654,
                  -49.74900038658514,
                  0
                ],
                [
                  -74.2971677166654,
                  -49.79554986558513,
                  0
                ],
                [
                  -74.34807103766539,
                  -49.79213189658514,
                  0
                ],
                [
                  -74.3245114666654,
                  -49.87123345858514,
                  0
                ],
                [
                  -74.2887448656654,
                  -49.89353163658514,
                  0
                ],
                [
                  -74.1457191496654,
                  -49.91159804258515,
                  0
                ],
                [
                  -74.1102780686654,
                  -49.95472955258516,
                  0
                ],
                [
                  -74.03577448766539,
                  -49.96482069858515,
                  0
                ],
                [
                  -73.9539873786654,
                  -50.02609999558514,
                  0
                ],
                [
                  -74.0487546306654,
                  -50.03708632358514,
                  0
                ],
                [
                  -74.1122311936654,
                  -50.00160455258515,
                  0
                ],
                [
                  -74.1494626386654,
                  -50.01145155758515,
                  0
                ],
                [
                  -74.1979245526654,
                  -49.96026340658516,
                  0
                ],
                [
                  -74.2661618576654,
                  -49.93259413658514,
                  0
                ],
                [
                  -74.3646725996654,
                  -49.95114882358514,
                  0
                ],
                [
                  -74.3646725996654,
                  -49.99037408358515,
                  0
                ],
                [
                  -74.3002601646654,
                  -50.05930312058515,
                  0
                ],
                [
                  -74.2505368576654,
                  -50.08103163658514,
                  0
                ],
                [
                  -74.1935300216654,
                  -50.18650038658515,
                  0
                ],
                [
                  -74.15890274266539,
                  -50.20236952658514,
                  0
                ],
                [
                  -74.0242998786654,
                  -50.20090468258515,
                  0
                ],
                [
                  -73.95838190966539,
                  -50.28781874558516,
                  0
                ],
                [
                  -74.0962399826654,
                  -50.22784153158515,
                  0
                ],
                [
                  -74.2089515716654,
                  -50.21075168858515,
                  0
                ],
                [
                  -74.2714515716654,
                  -50.16810845858516,
                  0
                ],
                [
                  -74.3474606856654,
                  -50.08615858958515,
                  0
                ],
                [
                  -74.5735349046654,
                  -50.09934218258515,
                  0
                ],
                [
                  -74.62810033466539,
                  -50.11496718258515,
                  0
                ],
                [
                  -74.6911293056654,
                  -50.16859674058514,
                  0
                ],
                [
                  -74.6828285246654,
                  -50.20944960458515,
                  0
                ],
                [
                  -74.60820287366539,
                  -50.21465793858515,
                  0
                ],
                [
                  -74.5923337326654,
                  -50.24037408358515,
                  0
                ],
                [
                  -74.4928464276654,
                  -50.26153293858515,
                  0
                ],
                [
                  -74.5361813886654,
                  -50.29636366758515,
                  0
                ],
                [
                  -74.47530899266539,
                  -50.34421522958514,
                  0
                ],
                [
                  -74.35466283466539,
                  -50.35959608958516,
                  0
                ],
                [
                  -74.3102292406654,
                  -50.26535780758515,
                  0
                ],
                [
                  -74.2627438886654,
                  -50.31711562058515,
                  0
                ],
                [
                  -74.32109349866539,
                  -50.38449843258515,
                  0
                ],
                [
                  -74.2872800216654,
                  -50.42657200058514,
                  0
                ],
                [
                  -74.22856420166539,
                  -50.40549452658514,
                  0
                ],
                [
                  -74.1287106856654,
                  -50.42299127158515,
                  0
                ],
                [
                  -74.0814694746654,
                  -50.46628554258515,
                  0
                ],
                [
                  -74.0090003996654,
                  -50.45538059458514,
                  0
                ],
                [
                  -74.01632461766539,
                  -50.50274387558515,
                  0
                ],
                [
                  -74.0532712326654,
                  -50.52227512558515,
                  0
                ],
                [
                  -74.10747045166539,
                  -50.48842095858515,
                  0
                ],
                [
                  -74.20781224866539,
                  -50.46368137558514,
                  0
                ],
                [
                  -74.2971677166654,
                  -50.48068983958515,
                  0
                ],
                [
                  -74.2584714276654,
                  -50.53480767758515,
                  0
                ],
                [
                  -74.1985349046654,
                  -50.55905897958515,
                  0
                ],
                [
                  -74.2357663496654,
                  -50.60422499558514,
                  0
                ],
                [
                  -74.1668780036654,
                  -50.68682590658515,
                  0
                ],
                [
                  -74.0680824306654,
                  -50.73614231358514,
                  0
                ],
                [
                  -74.1259030686654,
                  -50.76250950058515,
                  0
                ],
                [
                  -74.0425290446654,
                  -50.82207981358516,
                  0
                ],
                [
                  -73.9468259196654,
                  -50.82981093258515,
                  0
                ],
                [
                  -73.81059545166539,
                  -50.74200168858515,
                  0
                ],
                [
                  -73.8253252686654,
                  -50.67950168858515,
                  0
                ],
                [
                  -73.7981442796654,
                  -50.64524062058515,
                  0
                ],
                [
                  -73.7592038496654,
                  -50.51576470858515,
                  0
                ],
                [
                  -73.7249020916654,
                  -50.55954726158514,
                  0
                ],
                [
                  -73.63518041266539,
                  -50.61846653158515,
                  0
                ],
                [
                  -73.6365231856654,
                  -50.63995090658514,
                  0
                ],
                [
                  -73.7352373786654,
                  -50.65443658358515,
                  0
                ],
                [
                  -73.7826413496654,
                  -50.68682590658515,
                  0
                ],
                [
                  -73.7716550216654,
                  -50.75852187058515,
                  0
                ],
                [
                  -73.78947728766539,
                  -50.79660780758515,
                  0
                ],
                [
                  -73.8544186936654,
                  -50.79734022958515,
                  0
                ],
                [
                  -73.8768796306654,
                  -50.84193658358515,
                  0
                ],
                [
                  -73.8167803476654,
                  -50.87806939658515,
                  0
                ],
                [
                  -73.78947728766539,
                  -50.91957330258515,
                  0
                ],
                [
                  -73.8577145916654,
                  -50.93324517758516,
                  0
                ],
                [
                  -73.8740720136654,
                  -50.88913710458515,
                  0
                ],
                [
                  -73.9515459726654,
                  -50.89320611558514,
                  0
                ],
                [
                  -74.1047849046654,
                  -50.87123345858516,
                  0
                ],
                [
                  -74.19536107666539,
                  -50.88506809458514,
                  0
                ],
                [
                  -74.2562334726654,
                  -50.93943007358514,
                  0
                ],
                [
                  -74.2391843186654,
                  -51.02797174058514,
                  0
                ],
                [
                  -74.1838050866654,
                  -51.03399387558515,
                  0
                ],
                [
                  -74.10197728766539,
                  -50.96457655758515,
                  0
                ],
                [
                  -74.07752253466539,
                  -50.98793267758515,
                  0
                ],
                [
                  -74.1478757246654,
                  -51.05222304258515,
                  0
                ],
                [
                  -74.12932103766539,
                  -51.18772108958516,
                  0
                ],
                [
                  -74.0538408936654,
                  -51.21237929258515,
                  0
                ],
                [
                  -73.9670895916654,
                  -51.19415012558515,
                  0
                ],
                [
                  -73.9137855556654,
                  -51.23158502158515,
                  0
                ],
                [
                  -73.7841061936654,
                  -51.22360976158514,
                  0
                ],
                [
                  -73.71749649266539,
                  -51.28855116758515,
                  0
                ],
                [
                  -73.71936823766539,
                  -51.35658502158515,
                  0
                ],
                [
                  -73.6689125086654,
                  -51.43869765158513,
                  0
                ],
                [
                  -73.6876706466654,
                  -51.49493137558515,
                  0
                ],
                [
                  -73.7805661546654,
                  -51.43308241758515,
                  0
                ],
                [
                  -73.81385065966539,
                  -51.39222955258515,
                  0
                ],
                [
                  -73.9341306076654,
                  -51.39939101158514,
                  0
                ],
                [
                  -73.9061358156654,
                  -51.47881809458515,
                  0
                ],
                [
                  -73.9090655036654,
                  -51.52699517758515,
                  0
                ],
                [
                  -73.8167803476654,
                  -51.53659804258515,
                  0
                ],
                [
                  -73.9040199306654,
                  -51.61179335458514,
                  0
                ],
                [
                  -73.78398412366539,
                  -51.64499647958515,
                  0
                ],
                [
                  -73.8118161546654,
                  -51.68861627158514,
                  0
                ],
                [
                  -73.7625811286654,
                  -51.71514621958514,
                  0
                ],
                [
                  -73.7187171966654,
                  -51.77585585458515,
                  0
                ],
                [
                  -73.6802243576654,
                  -51.76926405758515,
                  0
                ],
                [
                  -73.6546709726654,
                  -51.68861627158514,
                  0
                ],
                [
                  -73.5796384196654,
                  -51.76869439658515,
                  0
                ],
                [
                  -73.5225908936654,
                  -51.80344374558515,
                  0
                ],
                [
                  -73.4928464276654,
                  -51.85495741758515,
                  0
                ],
                [
                  -73.5269040446654,
                  -51.89524062058516,
                  0
                ],
                [
                  -73.5990882896654,
                  -51.82273085458515,
                  0
                ],
                [
                  -73.6495440186654,
                  -51.82793918858514,
                  0
                ],
                [
                  -73.6112953216654,
                  -51.93438450058515,
                  0
                ],
                [
                  -73.5727211026654,
                  -51.98370090658514,
                  0
                ],
                [
                  -73.5811032636654,
                  -52.02194960458515,
                  0
                ],
                [
                  -73.53984349866539,
                  -52.05531549058513,
                  0
                ],
                [
                  -73.4192380296654,
                  -52.10088840658515,
                  0
                ],
                [
                  -73.3942136156654,
                  -52.13449843258515,
                  0
                ],
                [
                  -73.3160479256654,
                  -52.16615533358515,
                  0
                ],
                [
                  -73.28239720966539,
                  -52.14255507358514,
                  0
                ],
                [
                  -73.30778783466539,
                  -52.02211236558514,
                  0
                ],
                [
                  -73.2235186286654,
                  -52.09152968258515,
                  0
                ],
                [
                  -73.17648086766539,
                  -52.08127577658514,
                  0
                ],
                [
                  -73.14514948766539,
                  -51.94008111558514,
                  0
                ],
                [
                  -73.06116511266539,
                  -51.91615533358515,
                  0
                ],
                [
                  -72.9192380296654,
                  -51.85861952658514,
                  0
                ],
                [
                  -72.94060033466539,
                  -51.82777642758515,
                  0
                ],
                [
                  -73.04960912366539,
                  -51.83135715658516,
                  0
                ],
                [
                  -73.0264971436654,
                  -51.74411757358514,
                  0
                ],
                [
                  -72.9764890056654,
                  -51.76926405758515,
                  0
                ],
                [
                  -72.9092282636654,
                  -51.75778944858514,
                  0
                ],
                [
                  -72.8295570396654,
                  -51.76804335458515,
                  0
                ],
                [
                  -72.7861000086654,
                  -51.81084934458513,
                  0
                ],
                [
                  -72.7239255296654,
                  -51.83819309458514,
                  0
                ],
                [
                  -72.6317217536654,
                  -51.82566054258515,
                  0
                ],
                [
                  -72.5778480556654,
                  -51.79603814658515,
                  0
                ],
                [
                  -72.5624265056654,
                  -51.72483046458515,
                  0
                ],
                [
                  -72.7027666756654,
                  -51.69805637558515,
                  0
                ],
                [
                  -72.7936276776654,
                  -51.59616835458515,
                  0
                ],
                [
                  -72.85783666266539,
                  -51.59738905758515,
                  0
                ],
                [
                  -73.0541257246654,
                  -51.50266249558515,
                  0
                ],
                [
                  -73.1404294356654,
                  -51.48760715658515,
                  0
                ],
                [
                  -73.2269365976654,
                  -51.50795220858515,
                  0
                ],
                [
                  -73.24528783466539,
                  -51.46506483958515,
                  0
                ],
                [
                  -73.1389645916654,
                  -51.44707981358515,
                  0
                ],
                [
                  -73.0907875086654,
                  -51.42087538658514,
                  0
                ],
                [
                  -73.05335261266539,
                  -51.48752577658514,
                  0
                ],
                [
                  -72.9692868576654,
                  -51.49851210458514,
                  0
                ],
                [
                  -72.9260739666654,
                  -51.54270155758515,
                  0
                ],
                [
                  -72.8273597746654,
                  -51.57061496958514,
                  0
                ],
                [
                  -72.7123288496654,
                  -51.58225233958514,
                  0
                ],
                [
                  -72.6353024826654,
                  -51.65508762558515,
                  0
                ],
                [
                  -72.5218584726654,
                  -51.71311171458515,
                  0
                ],
                [
                  -72.4667640716654,
                  -51.78977187058515,
                  0
                ],
                [
                  -72.5081865976654,
                  -51.83713515158514,
                  0
                ],
                [
                  -72.4530921966654,
                  -51.91330702658514,
                  0
                ],
                [
                  -72.5288571696654,
                  -51.95481093258515,
                  0
                ],
                [
                  -72.6318845136654,
                  -51.94740533358515,
                  0
                ],
                [
                  -72.6694821696654,
                  -51.96107720858515,
                  0
                ],
                [
                  -72.6585772226654,
                  -52.03627252158515,
                  0
                ],
                [
                  -72.4754717536654,
                  -52.18747694858515,
                  0
                ],
                [
                  -72.4694089276654,
                  -52.22344700058515,
                  0
                ],
                [
                  -72.4969561286654,
                  -52.31540663658514,
                  0
                ],
                [
                  -72.6318845136654,
                  -52.40671522958515,
                  0
                ],
                [
                  -72.7457761156654,
                  -52.41176080258515,
                  0
                ],
                [
                  -72.69645970966539,
                  -52.34836562058514,
                  0
                ],
                [
                  -72.6015296966654,
                  -52.33933241758515,
                  0
                ],
                [
                  -72.5740231856654,
                  -52.30922174058514,
                  0
                ],
                [
                  -72.5363441496654,
                  -52.19561496958514,
                  0
                ],
                [
                  -72.6144691496654,
                  -52.10137668858515,
                  0
                ],
                [
                  -72.7032956466654,
                  -52.06036106358515,
                  0
                ],
                [
                  -72.6956052166654,
                  -51.98142226158515,
                  0
                ],
                [
                  -72.8026201906654,
                  -51.93747694858514,
                  0
                ],
                [
                  -72.8704099046654,
                  -51.96823866758515,
                  0
                ],
                [
                  -72.8943356856654,
                  -52.05710585458515,
                  0
                ],
                [
                  -72.9501218186654,
                  -52.06467421458515,
                  0
                ],
                [
                  -72.9471921306654,
                  -52.16648085458515,
                  0
                ],
                [
                  -72.8544186936654,
                  -52.17852512558516,
                  0
                ],
                [
                  -72.85039037366539,
                  -52.12562799058515,
                  0
                ],
                [
                  -72.7985511806654,
                  -52.12969700058515,
                  0
                ],
                [
                  -72.8405026776654,
                  -52.24069960458515,
                  0
                ],
                [
                  -72.9126462326654,
                  -52.24484999558515,
                  0
                ],
                [
                  -72.9218015056654,
                  -52.21400689658515,
                  0
                ],
                [
                  -72.9943519616654,
                  -52.18698866758515,
                  0
                ],
                [
                  -72.98747533466539,
                  -52.06931288658515,
                  0
                ],
                [
                  -73.08671849866539,
                  -52.08249647958516,
                  0
                ],
                [
                  -73.1451901776654,
                  -52.12562799058515,
                  0
                ],
                [
                  -73.21599095966539,
                  -52.12513970858515,
                  0
                ],
                [
                  -73.2216061936654,
                  -52.17990858958516,
                  0
                ],
                [
                  -73.2714108806654,
                  -52.21612278158515,
                  0
                ],
                [
                  -73.3336667406654,
                  -52.21872694858514,
                  0
                ],
                [
                  -73.4315264406654,
                  -52.15305312058515,
                  0
                ],
                [
                  -73.52869440966539,
                  -52.19561496958514,
                  0
                ],
                [
                  -73.5811846436654,
                  -52.13441705258515,
                  0
                ],
                [
                  -73.6386390716654,
                  -52.09828424058514,
                  0
                ],
                [
                  -73.6987790446654,
                  -52.02634413658514,
                  0
                ],
                [
                  -73.7447995526654,
                  -52.06540663658514,
                  0
                ],
                [
                  -73.6431149826654,
                  -52.16371392758516,
                  0
                ],
                [
                  -73.5803708416654,
                  -52.20847304258515,
                  0
                ],
                [
                  -73.61247533466539,
                  -52.27748345858516,
                  0
                ],
                [
                  -73.5627927166654,
                  -52.32289361558514,
                  0
                ],
                [
                  -73.5889971436654,
                  -52.37912733958515,
                  0
                ],
                [
                  -73.6600827556654,
                  -52.38392877158515,
                  0
                ],
                [
                  -73.6659828216654,
                  -52.42404921458514,
                  0
                ],
                [
                  -73.5307289146654,
                  -52.45700819858514,
                  0
                ],
                [
                  -73.6150388106654,
                  -52.52341444858514,
                  0
                ],
                [
                  -73.6876706466654,
                  -52.59787733958515,
                  0
                ],
                [
                  -73.6597979256654,
                  -52.67364231358515,
                  0
                ],
                [
                  -73.69934870666539,
                  -52.71457655758515,
                  0
                ],
                [
                  -73.6278968836654,
                  -52.74525689658515,
                  0
                ],
                [
                  -73.5577471436654,
                  -52.68536106358515,
                  0
                ],
                [
                  -73.4495114666654,
                  -52.63523085458516,
                  0
                ],
                [
                  -73.3971433026654,
                  -52.63653293858515,
                  0
                ],
                [
                  -73.26872533466539,
                  -52.67364231358515,
                  0
                ],
                [
                  -73.2386553476654,
                  -52.62009413658514,
                  0
                ],
                [
                  -73.1594724046654,
                  -52.56377903158515,
                  0
                ],
                [
                  -73.20353978766539,
                  -52.47979465658515,
                  0
                ],
                [
                  -73.0914385506654,
                  -52.49387343258515,
                  0
                ],
                [
                  -73.1525143966654,
                  -52.63401015158514,
                  0
                ],
                [
                  -73.2257972746654,
                  -52.64939101158514,
                  0
                ],
                [
                  -73.24919408466539,
                  -52.70391575058515,
                  0
                ],
                [
                  -73.3102699306654,
                  -52.74167616758515,
                  0
                ],
                [
                  -73.2960283936654,
                  -52.78350559458515,
                  0
                ],
                [
                  -73.5406979906654,
                  -52.78008762558515,
                  0
                ],
                [
                  -73.4918698656654,
                  -52.82566054258514,
                  0
                ],
                [
                  -73.3824541756654,
                  -52.84486627158515,
                  0
                ],
                [
                  -73.3512448656654,
                  -52.88596327658514,
                  0
                ],
                [
                  -73.2885414146654,
                  -52.90215793858515,
                  0
                ],
                [
                  -73.21367162366539,
                  -52.88783502158515,
                  0
                ],
                [
                  -73.2450030036654,
                  -52.95131158358515,
                  0
                ],
                [
                  -73.3136878996654,
                  -52.93430312058515,
                  0
                ],
                [
                  -73.3922604906654,
                  -52.98207330258514,
                  0
                ],
                [
                  -73.3860349046654,
                  -53.01682265158515,
                  0
                ],
                [
                  -73.3270749436654,
                  -53.07151015158513,
                  0
                ],
                [
                  -73.1160967536654,
                  -53.09698215658515,
                  0
                ],
                [
                  -72.9534177166654,
                  -53.02365858958515,
                  0
                ],
                [
                  -72.9670895916654,
                  -52.95847304258515,
                  0
                ],
                [
                  -72.9534177166654,
                  -52.89336887558516,
                  0
                ],
                [
                  -73.0050941496654,
                  -52.83331028158515,
                  0
                ],
                [
                  -72.9397458416654,
                  -52.79709608958515,
                  0
                ],
                [
                  -72.8602373786654,
                  -52.78887668858515,
                  0
                ],
                [
                  -72.7906573006654,
                  -52.75274387558515,
                  0
                ],
                [
                  -72.6799802166654,
                  -52.66257460458515,
                  0
                ],
                [
                  -72.6950355556654,
                  -52.63213840658515,
                  0
                ],
                [
                  -72.7985511806654,
                  -52.61545546458515,
                  0
                ],
                [
                  -72.8190183026654,
                  -52.58656549058514,
                  0
                ],
                [
                  -72.90434545166539,
                  -52.62969700058516,
                  0
                ],
                [
                  -72.8481931076654,
                  -52.50290663658513,
                  0
                ],
                [
                  -72.7792640716654,
                  -52.54392226158514,
                  0
                ],
                [
                  -72.6559323656654,
                  -52.52170546458515,
                  0
                ],
                [
                  -72.5697914146654,
                  -52.55694309458514,
                  0
                ],
                [
                  -72.54895808166539,
                  -52.59161106358516,
                  0
                ],
                [
                  -72.41346003466539,
                  -52.64890272958516,
                  0
                ],
                [
                  -72.3276039146654,
                  -52.52520481358515,
                  0
                ],
                [
                  -72.0870440186654,
                  -52.52097304258515,
                  0
                ],
                [
                  -72.04758744366539,
                  -52.55746329858514,
                  0
                ],
                [
                  -71.97516551866539,
                  -52.56090132358516,
                  0
                ],
                [
                  -71.91102373466539,
                  -52.54201203058515,
                  0
                ],
                [
                  -71.75970740866539,
                  -52.56845163458515,
                  0
                ],
                [
                  -71.63092554966539,
                  -52.57444455158515,
                  0
                ],
                [
                  -71.5714261016654,
                  -52.56132226658514,
                  0
                ],
                [
                  -71.4916257246654,
                  -52.61260715658515,
                  0
                ],
                [
                  -71.4779178996654,
                  -52.64618213158516,
                  0
                ],
                [
                  -71.58481957966539,
                  -52.66043522958515,
                  0
                ],
                [
                  -71.6292526986654,
                  -52.68382809858516,
                  0
                ],
                [
                  -71.85034361466539,
                  -52.69475395658515,
                  0
                ],
                [
                  -71.9201261076654,
                  -52.68166859458515,
                  0
                ],
                [
                  -71.9641165426654,
                  -52.64966015358516,
                  0
                ],
                [
                  -72.0143294606654,
                  -52.67277476358515,
                  0
                ],
                [
                  -72.07746841866539,
                  -52.65366279758516,
                  0
                ],
                [
                  -72.1606892476654,
                  -52.65216216358515,
                  0
                ],
                [
                  -72.19841283466539,
                  -52.69333632358514,
                  0
                ],
                [
                  -72.2687660246654,
                  -52.70090468258515,
                  0
                ],
                [
                  -72.31291478766539,
                  -52.75119765158514,
                  0
                ],
                [
                  -72.5620602946654,
                  -52.83371718258515,
                  0
                ],
                [
                  -72.62736791266539,
                  -52.82297499558516,
                  0
                ],
                [
                  -72.61137670166539,
                  -52.74192030758514,
                  0
                ],
                [
                  -72.7032956466654,
                  -52.70774062058515,
                  0
                ],
                [
                  -72.7622556076654,
                  -52.76983371958514,
                  0
                ],
                [
                  -72.8779782636654,
                  -52.81312799058514,
                  0
                ],
                [
                  -72.9601722746654,
                  -52.82500950058514,
                  0
                ],
                [
                  -72.9237953216654,
                  -52.88645155758515,
                  0
                ],
                [
                  -72.9474769616654,
                  -52.92640924058514,
                  0
                ],
                [
                  -72.8908363366654,
                  -53.05686171458515,
                  0
                ],
                [
                  -72.9335609466654,
                  -53.10479465658515,
                  0
                ],
                [
                  -72.84489720966539,
                  -53.15020481358515,
                  0
                ],
                [
                  -72.8031898526654,
                  -53.11862929258515,
                  0
                ],
                [
                  -72.7411374436654,
                  -53.11862929258515,
                  0
                ],
                [
                  -72.7819089276654,
                  -53.19162733958515,
                  0
                ],
                [
                  -72.7521644616654,
                  -53.24216444858515,
                  0
                ],
                [
                  -72.9161862716654,
                  -53.19105767758515,
                  0
                ],
                [
                  -72.9807614666654,
                  -53.16029595858515,
                  0
                ],
                [
                  -73.1389645916654,
                  -53.18763970858514,
                  0
                ],
                [
                  -73.2519203216654,
                  -53.18422174058514,
                  0
                ],
                [
                  -73.1989011156654,
                  -53.24086236558514,
                  0
                ],
                [
                  -73.07817357666539,
                  -53.28643528158516,
                  0
                ],
                [
                  -72.8771237716654,
                  -53.38197564658515,
                  0
                ],
                [
                  -72.7411374436654,
                  -53.40053033358514,
                  0
                ],
                [
                  -72.7212399826654,
                  -53.46254205258515,
                  0
                ],
                [
                  -72.65703099866539,
                  -53.47165663658514,
                  0
                ],
                [
                  -72.61658503466539,
                  -53.50746392758516,
                  0
                ],
                [
                  -72.5223467536654,
                  -53.54441054258515,
                  0
                ],
                [
                  -72.3643877686654,
                  -53.53692356358515,
                  0
                ],
                [
                  -72.4832842536654,
                  -53.40915663658514,
                  0
                ],
                [
                  -72.5909502686654,
                  -53.38685845858514,
                  0
                ],
                [
                  -72.5045651776654,
                  -53.34372694858514,
                  0
                ],
                [
                  -72.4667640716654,
                  -53.28318007358514,
                  0
                ],
                [
                  -72.41215795166539,
                  -53.25648736558515,
                  0
                ],
                [
                  -72.4351071696654,
                  -53.21644830258515,
                  0
                ],
                [
                  -72.3274411546654,
                  -53.22133111558514,
                  0
                ],
                [
                  -72.2061032636654,
                  -53.20114882358514,
                  0
                ],
                [
                  -72.2269365976654,
                  -53.15020481358515,
                  0
                ],
                [
                  -72.32145970966539,
                  -53.13213840658515,
                  0
                ],
                [
                  -72.2858151776654,
                  -53.02992486558515,
                  0
                ],
                [
                  -72.2042315186654,
                  -53.05515272958514,
                  0
                ],
                [
                  -72.1554847746654,
                  -53.10666640158514,
                  0
                ],
                [
                  -72.0854164146654,
                  -53.13441705258515,
                  0
                ],
                [
                  -72.0135576906654,
                  -53.11862929258515,
                  0
                ],
                [
                  -71.9060478876654,
                  -53.01093291658515,
                  0
                ],
                [
                  -71.5306151926654,
                  -52.86670067058515,
                  0
                ],
                [
                  -71.48377253466539,
                  -52.82492812058514,
                  0
                ],
                [
                  -71.3984442026654,
                  -52.83175985758515,
                  0
                ],
                [
                  -71.35192982866539,
                  -52.80715584658515,
                  0
                ],
                [
                  -71.2489968456654,
                  -52.78880026258515,
                  0
                ],
                [
                  -71.16910044566539,
                  -52.81285740458515,
                  0
                ],
                [
                  -71.1203081606654,
                  -52.88033389558515,
                  0
                ],
                [
                  -71.1185793846654,
                  -52.91968016858515,
                  0
                ],
                [
                  -71.1983965956654,
                  -52.92394799058515,
                  0
                ],
                [
                  -71.2346677166654,
                  -52.95586887558515,
                  0
                ],
                [
                  -71.25395482666539,
                  -53.01682265158515,
                  0
                ],
                [
                  -71.3194658936654,
                  -53.08819309458514,
                  0
                ],
                [
                  -71.3827390056654,
                  -53.12644179258514,
                  0
                ],
                [
                  -71.46692683166539,
                  -53.13295220858515,
                  0
                ],
                [
                  -71.5845212326654,
                  -53.16696913658514,
                  0
                ],
                [
                  -71.6208168056654,
                  -53.19382460458514,
                  0
                ],
                [
                  -71.74223607666539,
                  -53.22344700058515,
                  0
                ],
                [
                  -71.7729977946654,
                  -53.31931288658513,
                  0
                ],
                [
                  -71.75981420166539,
                  -53.47230767758514,
                  0
                ],
                [
                  -71.8140134196654,
                  -53.52072890158514,
                  0
                ],
                [
                  -71.8982419356654,
                  -53.53073866758515,
                  0
                ],
                [
                  -71.9625729906654,
                  -53.56027968258515,
                  0
                ],
                [
                  -71.9936195396654,
                  -53.52227512558516,
                  0
                ],
                [
                  -71.8545407636654,
                  -53.48435194858514,
                  0
                ],
                [
                  -71.8029050216654,
                  -53.45684543858515,
                  0
                ],
                [
                  -71.83476537366539,
                  -53.25209283358515,
                  0
                ],
                [
                  -71.8554359466654,
                  -53.22540012558514,
                  0
                ],
                [
                  -71.9807614666654,
                  -53.22230767758515,
                  0
                ],
                [
                  -72.02153295166539,
                  -53.24737278158515,
                  0
                ],
                [
                  -72.0042803476654,
                  -53.35031874558516,
                  0
                ],
                [
                  -72.0149411546654,
                  -53.39304335458515,
                  0
                ],
                [
                  -72.0923337326654,
                  -53.42266575058515,
                  0
                ],
                [
                  -72.1685056076654,
                  -53.41159804258515,
                  0
                ],
                [
                  -72.13554662366539,
                  -53.37131483958515,
                  0
                ],
                [
                  -72.0771156336654,
                  -53.35031874558516,
                  0
                ],
                [
                  -72.09705378466539,
                  -53.26779921458515,
                  0
                ],
                [
                  -72.2821123786654,
                  -53.24281549058515,
                  0
                ],
                [
                  -72.4232663496654,
                  -53.33184543858515,
                  0
                ],
                [
                  -72.40629857666539,
                  -53.36163059458515,
                  0
                ],
                [
                  -72.4530921966654,
                  -53.40736627158515,
                  0
                ],
                [
                  -72.3978757246654,
                  -53.47898085458515,
                  0
                ],
                [
                  -72.2967608156654,
                  -53.55124647958515,
                  0
                ],
                [
                  -72.28390274266539,
                  -53.58127577658515,
                  0
                ],
                [
                  -72.1868161546654,
                  -53.62644179258515,
                  0
                ],
                [
                  -72.1142250086654,
                  -53.68405897958514,
                  0
                ],
                [
                  -72.0532712326654,
                  -53.70700819858515,
                  0
                ],
                [
                  -71.9921546966654,
                  -53.67844374558516,
                  0
                ],
                [
                  -71.9428382896654,
                  -53.72442356358514,
                  0
                ],
                [
                  -71.8649574306654,
                  -53.73321262558515,
                  0
                ],
                [
                  -71.6444577556654,
                  -53.82370741758515,
                  0
                ],
                [
                  -71.47966283466539,
                  -53.82940403158514,
                  0
                ],
                [
                  -71.3358640056654,
                  -53.87961562058514,
                  0
                ],
                [
                  -71.22856420166539,
                  -53.87473280758515,
                  0
                ],
                [
                  -71.0340655036654,
                  -53.80979140158514,
                  0
                ],
                [
                  -70.97343724866539,
                  -53.75608046458515,
                  0
                ],
                [
                  -70.97929662366539,
                  -53.67933892758515,
                  0
                ],
                [
                  -70.9392575606654,
                  -53.59226210458515,
                  0
                ],
                [
                  -70.9827145916654,
                  -53.46775038658514,
                  0
                ],
                [
                  -70.9925615976654,
                  -53.38303358958515,
                  0
                ],
                [
                  -70.9635495526654,
                  -53.32679986558514,
                  0
                ],
                [
                  -70.9574053476654,
                  -53.22287733958515,
                  0
                ],
                [
                  -70.8869300866654,
                  -53.11390924058514,
                  0
                ],
                [
                  -70.86593399266539,
                  -53.04978163658515,
                  0
                ],
                [
                  -70.8166989666654,
                  -52.99248996958514,
                  0
                ],
                [
                  -70.8102699306654,
                  -52.92722304258515,
                  0
                ],
                [
                  -70.8410631596654,
                  -52.90347172358515,
                  0
                ],
                [
                  -70.8119382246654,
                  -52.82142877158515,
                  0
                ],
                [
                  -70.7474850996654,
                  -52.79709608958515,
                  0
                ],
                [
                  -70.8055905686654,
                  -52.74777968258515,
                  0
                ],
                [
                  -70.7162281016654,
                  -52.73710821858515,
                  0
                ],
                [
                  -70.6329975336654,
                  -52.70842761158515,
                  0
                ],
                [
                  -70.58285446166539,
                  -52.67204366458515,
                  0
                ],
                [
                  -70.5175494376654,
                  -52.72329932558515,
                  0
                ],
                [
                  -70.32160797266539,
                  -52.63819157058514,
                  0
                ],
                [
                  -70.24194433466539,
                  -52.63943290058516,
                  0
                ],
                [
                  -70.1517969426654,
                  -52.58655271758514,
                  0
                ],
                [
                  -70.08323086766539,
                  -52.57526543258515,
                  0
                ],
                [
                  -69.9455043956654,
                  -52.53113861258516,
                  0
                ],
                [
                  -69.8463946456654,
                  -52.48658708458516,
                  0
                ],
                [
                  -69.7796346096654,
                  -52.52265841258514,
                  0
                ],
                [
                  -69.6721665446654,
                  -52.53090093658515,
                  0
                ],
                [
                  -69.56132787366539,
                  -52.45391575058516,
                  0
                ],
                [
                  -69.5451332116654,
                  -52.39939101158514,
                  0
                ],
                [
                  -69.4967526776654,
                  -52.38539361558514,
                  0
                ],
                [
                  -69.4823076906654,
                  -52.29050429258515,
                  0
                ],
                [
                  -69.44182103766539,
                  -52.25217421458515,
                  0
                ],
                [
                  -69.3460333796654,
                  -52.24460959558515,
                  0
                ],
                [
                  -69.2345231706654,
                  -52.20318746858515,
                  0
                ],
                [
                  -69.1299313886654,
                  -52.20814752158515,
                  0
                ],
                [
                  -69.00794245666539,
                  -52.26731093258515,
                  0
                ],
                [
                  -68.8982764486654,
                  -52.30358159758514,
                  0
                ],
                [
                  -68.7850205254999,
                  -52.32454816471316,
                  0
                ],
                [
                  -68.71444179641361,
                  -52.31616281308202,
                  0
                ],
                [
                  -68.56223158324558,
                  -52.34649265189272,
                  0
                ],
                [
                  -68.5021450486654,
                  -52.33732439858515,
                  0
                ],
                [
                  -68.47584657763645,
                  -52.34454752720356,
                  0
                ],
                [
                  -68.45545781646074,
                  -52.35942538162715,
                  0
                ],
                [
                  -68.44037134304824,
                  -52.3948936095907,
                  0
                ],
                [
                  -68.4323650486654,
                  -52.39766439858515,
                  0
                ],
                [
                  -68.4306450486654,
                  -52.39493439858514,
                  0
                ],
                [
                  -68.4184650486654,
                  -52.38644439858515,
                  0
                ],
                [
                  -68.4186350486654,
                  -52.33245439858515,
                  0
                ],
                [
                  -68.51336674866539,
                  -52.32951239858514,
                  0
                ],
                [
                  -68.57328684866539,
                  -52.32521869858515,
                  0
                ],
                [
                  -68.5858188486654,
                  -52.30673459858513,
                  0
                ],
                [
                  -68.7095116486654,
                  -52.28553399858514,
                  0
                ],
                [
                  -68.83779514866539,
                  -52.27780979858515,
                  0
                ],
                [
                  -68.9866880486654,
                  -52.20365619858514,
                  0
                ],
                [
                  -69.0784574486654,
                  -52.18515679858514,
                  0
                ],
                [
                  -69.1899596486654,
                  -52.15048699858514,
                  0
                ],
                [
                  -69.4861311486654,
                  -52.15169799858515,
                  0
                ],
                [
                  -69.9952950486654,
                  -52.00004439858515,
                  0
                ],
                [
                  -70.5304950486654,
                  -52.00004439858515,
                  0
                ],
                [
                  -70.7099650486654,
                  -52.00004439858515,
                  0
                ],
                [
                  -70.93550504866539,
                  -52.00004439858515,
                  0
                ],
                [
                  -71.16097504866539,
                  -52.00004439858515,
                  0
                ],
                [
                  -71.38643504866539,
                  -52.00004439858515,
                  0
                ],
                [
                  -71.6119550486654,
                  -52.00004439858515,
                  0
                ],
                [
                  -71.83741504866539,
                  -52.00004439858515,
                  0
                ],
                [
                  -71.9175150486654,
                  -52.00004439858515,
                  0
                ],
                [
                  -71.92040652104096,
                  -51.99871419135674,
                  0
                ],
                [
                  -71.92769691028865,
                  -51.98982393069714,
                  0
                ],
                [
                  -71.94003499014308,
                  -51.98727932573425,
                  0
                ],
                [
                  -71.95142365394403,
                  -51.98735015041228,
                  0
                ],
                [
                  -71.95463805692002,
                  -51.97776154722526,
                  0
                ],
                [
                  -71.9614089244396,
                  -51.97548121366759,
                  0
                ],
                [
                  -71.96505504866539,
                  -51.97067439858515,
                  0
                ],
                [
                  -71.97482384108005,
                  -51.97077217360417,
                  0
                ],
                [
                  -71.99491583661663,
                  -51.97720474566896,
                  0
                ],
                [
                  -72.00591221794842,
                  -51.97794985591395,
                  0
                ],
                [
                  -72.01437550718838,
                  -51.96866465765376,
                  0
                ],
                [
                  -72.0238150486654,
                  -51.96504439858516,
                  0
                ],
                [
                  -72.02468075599343,
                  -51.95792010810252,
                  0
                ],
                [
                  -72.00547702161131,
                  -51.94901011558292,
                  0
                ],
                [
                  -71.97703254666007,
                  -51.93576873629499,
                  0
                ],
                [
                  -71.96004504866539,
                  -51.92798439858515,
                  0
                ],
                [
                  -71.9451082789659,
                  -51.91985218006726,
                  0
                ],
                [
                  -71.93089456471986,
                  -51.92201161629166,
                  0
                ],
                [
                  -71.92491242715151,
                  -51.91471030844555,
                  0
                ],
                [
                  -71.93543576413848,
                  -51.90863644111219,
                  0
                ],
                [
                  -71.93875500314259,
                  -51.89288033509417,
                  0
                ],
                [
                  -71.94168209908001,
                  -51.88126453290799,
                  0
                ],
                [
                  -71.9476534127147,
                  -51.86860907035111,
                  0
                ],
                [
                  -71.96084805191511,
                  -51.86410291829589,
                  0
                ],
                [
                  -71.9815450486654,
                  -51.84499439858514,
                  0
                ],
                [
                  -72.00157948519548,
                  -51.82442076812313,
                  0
                ],
                [
                  -72.02114734195337,
                  -51.8074667955418,
                  0
                ],
                [
                  -72.0424863890784,
                  -51.79418582900202,
                  0
                ],
                [
                  -72.0724350486654,
                  -51.77864439858514,
                  0
                ],
                [
                  -72.07292600378764,
                  -51.77092543389956,
                  0
                ],
                [
                  -72.11041575567536,
                  -51.76459720169806,
                  0
                ],
                [
                  -72.11859916959122,
                  -51.75055000481098,
                  0
                ],
                [
                  -72.12020169049775,
                  -51.74124632847667,
                  0
                ],
                [
                  -72.14194504866539,
                  -51.73946439858515,
                  0
                ],
                [
                  -72.15042342282617,
                  -51.74153524310057,
                  0
                ],
                [
                  -72.17103957907328,
                  -51.7392023765544,
                  0
                ],
                [
                  -72.17991463102878,
                  -51.73516498456743,
                  0
                ],
                [
                  -72.16399163901765,
                  -51.73126982290049,
                  0
                ],
                [
                  -72.1567624900665,
                  -51.72665752774638,
                  0
                ],
                [
                  -72.16849940482257,
                  -51.71931769204338,
                  0
                ],
                [
                  -72.1869050486654,
                  -51.72076439858515,
                  0
                ],
                [
                  -72.19615324676268,
                  -51.71032228752849,
                  0
                ],
                [
                  -72.21881692267196,
                  -51.70271531087717,
                  0
                ],
                [
                  -72.24718305204125,
                  -51.69798229956333,
                  0
                ],
                [
                  -72.28095504866539,
                  -51.70153439858515,
                  0
                ],
                [
                  -72.29542581328126,
                  -51.69768933407491,
                  0
                ],
                [
                  -72.29888439053407,
                  -51.68786468767653,
                  0
                ],
                [
                  -72.29446508294846,
                  -51.68359302527862,
                  0
                ],
                [
                  -72.28872890832936,
                  -51.67839301899932,
                  0
                ],
                [
                  -72.28523734885934,
                  -51.67096503269578,
                  0
                ],
                [
                  -72.28422198487515,
                  -51.6551256099653,
                  0
                ],
                [
                  -72.28984129893036,
                  -51.6455613247374,
                  0
                ],
                [
                  -72.27735851168862,
                  -51.63512707992575,
                  0
                ],
                [
                  -72.29452656540116,
                  -51.62942428211005,
                  0
                ],
                [
                  -72.3137469956108,
                  -51.62451618091146,
                  0
                ],
                [
                  -72.31570009923573,
                  -51.61770720379856,
                  0
                ],
                [
                  -72.3188419210614,
                  -51.59864988444586,
                  0
                ],
                [
                  -72.32285685954912,
                  -51.58972058616305,
                  0
                ],
                [
                  -72.32915794464148,
                  -51.58251578588435,
                  0
                ],
                [
                  -72.35133504866539,
                  -51.58351439858515,
                  0
                ],
                [
                  -72.3755250486654,
                  -51.57958439858515,
                  0
                ],
                [
                  -72.39532781223393,
                  -51.58673931938131,
                  0
                ],
                [
                  -72.43702661412576,
                  -51.58344786051489,
                  0
                ],
                [
                  -72.4241824142492,
                  -51.5477548809924,
                  0
                ],
                [
                  -72.4157405877556,
                  -51.54391458608819,
                  0
                ],
                [
                  -72.39754076640318,
                  -51.53064410815191,
                  0
                ],
                [
                  -72.3887150486654,
                  -51.52594439858515,
                  0
                ],
                [
                  -72.39367787355883,
                  -51.52212614277222,
                  0
                ],
                [
                  -72.39860226081291,
                  -51.52197926242491,
                  0
                ],
                [
                  -72.40524936922145,
                  -51.51900515336397,
                  0
                ],
                [
                  -72.40375677415071,
                  -51.51388449525676,
                  0
                ],
                [
                  -72.39408282104986,
                  -51.51537158971091,
                  0
                ],
                [
                  -72.38794489904718,
                  -51.51743526880531,
                  0
                ],
                [
                  -72.37856345881853,
                  -51.52243755922685,
                  0
                ],
                [
                  -72.3672778882354,
                  -51.52469653155161,
                  0
                ],
                [
                  -72.35699319166302,
                  -51.52749402726609,
                  0
                ],
                [
                  -72.35309458493944,
                  -51.52365668426331,
                  0
                ],
                [
                  -72.34337283734095,
                  -51.52071215452786,
                  0
                ],
                [
                  -72.35064573680334,
                  -51.49909863352488,
                  0
                ],
                [
                  -72.34870318933953,
                  -51.48802925490067,
                  0
                ],
                [
                  -72.34552729708045,
                  -51.48100155394101,
                  0
                ],
                [
                  -72.34213556887939,
                  -51.47921051753755,
                  0
                ],
                [
                  -72.33100240814883,
                  -51.48059472331112,
                  0
                ],
                [
                  -72.32241206162908,
                  -51.4767555253527,
                  0
                ],
                [
                  -72.32439750773685,
                  -51.46656534724176,
                  0
                ],
                [
                  -72.33552963291643,
                  -51.4564702729831,
                  0
                ],
                [
                  -72.33864008051488,
                  -51.44815179686135,
                  0
                ],
                [
                  -72.33691417063727,
                  -51.43809368902444,
                  0
                ],
                [
                  -72.33623982908207,
                  -51.43003625086357,
                  0
                ],
                [
                  -72.33562500056593,
                  -51.42336229205429,
                  0
                ],
                [
                  -72.32945052681666,
                  -51.41712887671929,
                  0
                ],
                [
                  -72.31987298763947,
                  -51.40704979502848,
                  0
                ],
                [
                  -72.30811848584044,
                  -51.40459654630316,
                  0
                ],
                [
                  -72.30642465830954,
                  -51.38293941862376,
                  0
                ],
                [
                  -72.30555296679,
                  -51.36704690037766,
                  0
                ],
                [
                  -72.3206684696317,
                  -51.34901595720861,
                  0
                ],
                [
                  -72.32714711888003,
                  -51.34351176559431,
                  0
                ],
                [
                  -72.33271089898294,
                  -51.34354168883918,
                  0
                ],
                [
                  -72.33894384323841,
                  -51.34868169577426,
                  0
                ],
                [
                  -72.3466336032619,
                  -51.34886674699152,
                  0
                ],
                [
                  -72.34909342444841,
                  -51.34250675307647,
                  0
                ],
                [
                  -72.35675020406096,
                  -51.34264957575125,
                  0
                ],
                [
                  -72.3675656839057,
                  -51.34126389330363,
                  0
                ],
                [
                  -72.36015241741866,
                  -51.32343212101992,
                  0
                ],
                [
                  -72.35646320633063,
                  -51.31923066745259,
                  0
                ],
                [
                  -72.34297965311796,
                  -51.31784669020071,
                  0
                ],
                [
                  -72.32627529690839,
                  -51.31664027190144,
                  0
                ],
                [
                  -72.32249366265356,
                  -51.31102448004478,
                  0
                ],
                [
                  -72.30656837530663,
                  -51.30860813000325,
                  0
                ],
                [
                  -72.30444023433428,
                  -51.30170024748779,
                  0
                ],
                [
                  -72.30901147715944,
                  -51.29903510904644,
                  0
                ],
                [
                  -72.3084427717527,
                  -51.29713891614988,
                  0
                ],
                [
                  -72.30443364140588,
                  -51.29393216224956,
                  0
                ],
                [
                  -72.29306075452098,
                  -51.2883083516337,
                  0
                ],
                [
                  -72.27465652687052,
                  -51.28749524960567,
                  0
                ],
                [
                  -72.26604556197263,
                  -51.28272687877442,
                  0
                ],
                [
                  -72.26169785353154,
                  -51.2739379035059,
                  0
                ],
                [
                  -72.26429895947741,
                  -51.26881625371411,
                  0
                ],
                [
                  -72.26382164289735,
                  -51.26108891444733,
                  0
                ],
                [
                  -72.2594166851075,
                  -51.25693208065675,
                  0
                ],
                [
                  -72.25800039316134,
                  -51.25193937398038,
                  0
                ],
                [
                  -72.25824646099818,
                  -51.24517604826063,
                  0
                ],
                [
                  -72.257825078406,
                  -51.2431501403725,
                  0
                ],
                [
                  -72.26267056811655,
                  -51.23786541049058,
                  0
                ],
                [
                  -72.27258882457946,
                  -51.23419362307909,
                  0
                ],
                [
                  -72.28482953673777,
                  -51.22414863333246,
                  0
                ],
                [
                  -72.29368756549422,
                  -51.21213642152623,
                  0
                ],
                [
                  -72.3010426035385,
                  -51.20170019838346,
                  0
                ],
                [
                  -72.30742624173232,
                  -51.20051647235583,
                  0
                ],
                [
                  -72.314670267963,
                  -51.20802526555275,
                  0
                ],
                [
                  -72.32147967802186,
                  -51.20926628287935,
                  0
                ],
                [
                  -72.33315995812339,
                  -51.2082840357166,
                  0
                ],
                [
                  -72.34234271805933,
                  -51.20401075009319,
                  0
                ],
                [
                  -72.34704617244194,
                  -51.20372383659324,
                  0
                ],
                [
                  -72.3458774624031,
                  -51.20034641779485,
                  0
                ],
                [
                  -72.34741555300012,
                  -51.19433120292429,
                  0
                ],
                [
                  -72.34806300241716,
                  -51.18809804894842,
                  0
                ],
                [
                  -72.35290596931938,
                  -51.18331358055894,
                  0
                ],
                [
                  -72.35194842707936,
                  -51.1807831446292,
                  0
                ],
                [
                  -72.35852101222133,
                  -51.17881706439712,
                  0
                ],
                [
                  -72.35842222008381,
                  -51.16917233734267,
                  0
                ],
                [
                  -72.36147927310738,
                  -51.16512653803611,
                  0
                ],
                [
                  -72.37599839068652,
                  -51.15925324273469,
                  0
                ],
                [
                  -72.3802662786102,
                  -51.15437912666718,
                  0
                ],
                [
                  -72.38435879232522,
                  -51.15231098980198,
                  0
                ],
                [
                  -72.38948421681869,
                  -51.14618548913184,
                  0
                ],
                [
                  -72.39480682737788,
                  -51.14228872420011,
                  0
                ],
                [
                  -72.39751371397794,
                  -51.13636994361843,
                  0
                ],
                [
                  -72.40061299414012,
                  -51.1337025742255,
                  0
                ],
                [
                  -72.4004717432047,
                  -51.12553595747546,
                  0
                ],
                [
                  -72.40264180061675,
                  -51.12044472824913,
                  0
                ],
                [
                  -72.4048169370992,
                  -51.11159572806366,
                  0
                ],
                [
                  -72.4044050486654,
                  -51.10586439858515,
                  0
                ],
                [
                  -72.40625236633053,
                  -51.09977187495672,
                  0
                ],
                [
                  -72.40348269793144,
                  -51.09470650569064,
                  0
                ],
                [
                  -72.39808856574325,
                  -51.09075778378536,
                  0
                ],
                [
                  -72.38977715367463,
                  -51.08474850003736,
                  0
                ],
                [
                  -72.37610532416907,
                  -51.08192590633567,
                  0
                ],
                [
                  -72.37604026225307,
                  -51.07979520910069,
                  0
                ],
                [
                  -72.37443232572768,
                  -51.02389099692135,
                  0
                ],
                [
                  -72.3679782283306,
                  -51.02345327490951,
                  0
                ],
                [
                  -72.36154949201013,
                  -51.02449412878726,
                  0
                ],
                [
                  -72.3578617614754,
                  -51.0304195203695,
                  0
                ],
                [
                  -72.34421902503094,
                  -51.03045257399781,
                  0
                ],
                [
                  -72.3347598293409,
                  -51.02754818928165,
                  0
                ],
                [
                  -72.32463284084136,
                  -51.03067237535639,
                  0
                ],
                [
                  -72.31156341068352,
                  -51.03122200627428,
                  0
                ],
                [
                  -72.30208414874234,
                  -51.03314320109703,
                  0
                ],
                [
                  -72.29054918860498,
                  -51.03279813709113,
                  0
                ],
                [
                  -72.2795674658745,
                  -51.03131311907827,
                  0
                ],
                [
                  -72.27308996835676,
                  -51.03591525766519,
                  0
                ],
                [
                  -72.26538752926986,
                  -51.03548833666749,
                  0
                ],
                [
                  -72.2647372370161,
                  -51.01973421267608,
                  0
                ],
                [
                  -72.26467816472567,
                  -50.99784268243533,
                  0
                ],
                [
                  -72.26648406989243,
                  -50.96372044539994,
                  0
                ],
                [
                  -72.25726850463231,
                  -50.95063885337279,
                  0
                ],
                [
                  -72.26050769972117,
                  -50.9444305190849,
                  0
                ],
                [
                  -72.2584440838792,
                  -50.93609275397354,
                  0
                ],
                [
                  -72.25490236282195,
                  -50.92165568959294,
                  0
                ],
                [
                  -72.2560948580878,
                  -50.91870094263584,
                  0
                ],
                [
                  -72.24908967653616,
                  -50.91321832887521,
                  0
                ],
                [
                  -72.24672824446056,
                  -50.90847432019042,
                  0
                ],
                [
                  -72.24511116309499,
                  -50.90521164469187,
                  0
                ],
                [
                  -72.24703050100608,
                  -50.89535428555308,
                  0
                ],
                [
                  -72.25229745783464,
                  -50.8883691273722,
                  0
                ],
                [
                  -72.24312212152849,
                  -50.87617480862328,
                  0
                ],
                [
                  -72.25356951729843,
                  -50.87268921636436,
                  0
                ],
                [
                  -72.26306454226682,
                  -50.86666529584955,
                  0
                ],
                [
                  -72.26485698976145,
                  -50.8598283563082,
                  0
                ],
                [
                  -72.2624175998102,
                  -50.8537871874413,
                  0
                ],
                [
                  -72.25744019077592,
                  -50.83632439858515,
                  0
                ],
                [
                  -72.27210728710713,
                  -50.82127352027647,
                  0
                ],
                [
                  -72.28092952554888,
                  -50.80622264196779,
                  0
                ],
                [
                  -72.29597937723268,
                  -50.78936069668897,
                  0
                ],
                [
                  -72.3027190297169,
                  -50.78534038878291,
                  0
                ],
                [
                  -72.30943873611504,
                  -50.78099990019632,
                  0
                ],
                [
                  -72.31535846502578,
                  -50.77384718438383,
                  0
                ],
                [
                  -72.3233869653785,
                  -50.76975607269556,
                  0
                ],
                [
                  -72.32980993789666,
                  -50.76088121878513,
                  0
                ],
                [
                  -72.33795504866539,
                  -50.76066439858516,
                  0
                ],
                [
                  -72.34347735777344,
                  -50.75861705237744,
                  0
                ],
                [
                  -72.34658756239381,
                  -50.75362832804387,
                  0
                ],
                [
                  -72.3472050486654,
                  -50.74319439858515,
                  0
                ],
                [
                  -72.3456710565489,
                  -50.73153086725697,
                  0
                ],
                [
                  -72.33821616977978,
                  -50.72583498388353,
                  0
                ],
                [
                  -72.33501452707665,
                  -50.72004854274795,
                  0
                ],
                [
                  -72.32734030342286,
                  -50.71876076637624,
                  0
                ],
                [
                  -72.3169379108439,
                  -50.71765269817608,
                  0
                ],
                [
                  -72.3103244624178,
                  -50.70968690240606,
                  0
                ],
                [
                  -72.29782481229573,
                  -50.70781084234212,
                  0
                ],
                [
                  -72.294723854066,
                  -50.68391744078491,
                  0
                ],
                [
                  -72.28749964842359,
                  -50.67368912557627,
                  0
                ],
                [
                  -72.28685214110996,
                  -50.66586662064238,
                  0
                ],
                [
                  -72.28300140352508,
                  -50.66059040356896,
                  0
                ],
                [
                  -72.28810013862359,
                  -50.65582029787986,
                  0
                ],
                [
                  -72.29907703652424,
                  -50.64991669091238,
                  0
                ],
                [
                  -72.31909050065124,
                  -50.65151355118371,
                  0
                ],
                [
                  -72.3355259526371,
                  -50.64922138467567,
                  0
                ],
                [
                  -72.34034715862313,
                  -50.63707666586441,
                  0
                ],
                [
                  -72.3383542894912,
                  -50.6332225944832,
                  0
                ],
                [
                  -72.34316642203281,
                  -50.62773794178241,
                  0
                ],
                [
                  -72.34795157481575,
                  -50.61945446236088,
                  0
                ],
                [
                  -72.35449743519217,
                  -50.61689448320608,
                  0
                ],
                [
                  -72.36093537653058,
                  -50.61599668146693,
                  0
                ],
                [
                  -72.38193274227889,
                  -50.62425561108307,
                  0
                ],
                [
                  -72.38871521564126,
                  -50.62810142354174,
                  0
                ],
                [
                  -72.40061671751322,
                  -50.63320243618648,
                  0
                ],
                [
                  -72.40506327205044,
                  -50.63649823812977,
                  0
                ],
                [
                  -72.40881482430522,
                  -50.63522468965273,
                  0
                ],
                [
                  -72.41268859458765,
                  -50.63075872398664,
                  0
                ],
                [
                  -72.41499213381341,
                  -50.62431913005353,
                  0
                ],
                [
                  -72.41264298833227,
                  -50.62218382858911,
                  0
                ],
                [
                  -72.41490092130381,
                  -50.6198318395441,
                  0
                ],
                [
                  -72.42576812214192,
                  -50.61608711182797,
                  0
                ],
                [
                  -72.45385385871427,
                  -50.61569784674063,
                  0
                ],
                [
                  -72.4785711018988,
                  -50.6014855164777,
                  0
                ],
                [
                  -72.49171224600734,
                  -50.59973985515445,
                  0
                ],
                [
                  -72.49690994806853,
                  -50.60190922779674,
                  0
                ],
                [
                  -72.5011892064787,
                  -50.60582739861523,
                  0
                ],
                [
                  -72.5045432092723,
                  -50.61191474951912,
                  0
                ],
                [
                  -72.52394900577798,
                  -50.6161899884838,
                  0
                ],
                [
                  -72.52969214617748,
                  -50.6174407195637,
                  0
                ],
                [
                  -72.54025030515173,
                  -50.61850944919603,
                  0
                ],
                [
                  -72.54661577933965,
                  -50.62002148022847,
                  0
                ],
                [
                  -72.54934211143018,
                  -50.62563122043337,
                  0
                ],
                [
                  -72.55457475176362,
                  -50.63321633235233,
                  0
                ],
                [
                  -72.55515450651572,
                  -50.63649246231461,
                  0
                ],
                [
                  -72.56287784765543,
                  -50.6413595643585,
                  0
                ],
                [
                  -72.56337918529091,
                  -50.64547199380334,
                  0
                ],
                [
                  -72.56994320689445,
                  -50.64701160220892,
                  0
                ],
                [
                  -72.57609991541433,
                  -50.64648497275603,
                  0
                ],
                [
                  -72.57856452730955,
                  -50.65271310690863,
                  0
                ],
                [
                  -72.58209618950542,
                  -50.65512749334554,
                  0
                ],
                [
                  -72.58403512137969,
                  -50.66438975277087,
                  0
                ],
                [
                  -72.57952761555559,
                  -50.67760320802465,
                  0
                ],
                [
                  -72.59575060673097,
                  -50.67959627385198,
                  0
                ],
                [
                  -72.61197359790634,
                  -50.67391403142307,
                  0
                ],
                [
                  -72.61350943694607,
                  -50.66593856605575,
                  0
                ],
                [
                  -72.61714548531359,
                  -50.66121967942603,
                  0
                ],
                [
                  -72.6228778760738,
                  -50.65738679802134,
                  0
                ],
                [
                  -72.63373465934984,
                  -50.65576888767703,
                  0
                ],
                [
                  -72.63946705011004,
                  -50.65356029046514,
                  0
                ],
                [
                  -72.64422831240766,
                  -50.65388163858469,
                  0
                ],
                [
                  -72.65095571381201,
                  -50.65629630257365,
                  0
                ],
                [
                  -72.65442213816115,
                  -50.66284481454156,
                  0
                ],
                [
                  -72.6616153934315,
                  -50.65935272314161,
                  0
                ],
                [
                  -72.66802742898577,
                  -50.65542477892034,
                  0
                ],
                [
                  -72.68102869353132,
                  -50.64218468357236,
                  0
                ],
                [
                  -72.68473268587128,
                  -50.64201081813197,
                  0
                ],
                [
                  -72.69262936299671,
                  -50.64804075404928,
                  0
                ],
                [
                  -72.71291025282912,
                  -50.63237365526093,
                  0
                ],
                [
                  -72.71932386682411,
                  -50.62188056074525,
                  0
                ],
                [
                  -72.7253257970125,
                  -50.61840742806303,
                  0
                ],
                [
                  -72.72527162695484,
                  -50.6125696683122,
                  0
                ],
                [
                  -72.73574370973472,
                  -50.61565835458262,
                  0
                ],
                [
                  -72.73817856096541,
                  -50.6230899479399,
                  0
                ],
                [
                  -72.75321876791631,
                  -50.62941092232185,
                  0
                ],
                [
                  -72.77031129700701,
                  -50.62781388958207,
                  0
                ],
                [
                  -72.78138638759562,
                  -50.62946828424597,
                  0
                ],
                [
                  -72.80023576236641,
                  -50.63548368702188,
                  0
                ],
                [
                  -72.82608811253763,
                  -50.64993772060817,
                  0
                ],
                [
                  -72.83507466293729,
                  -50.65042385347999,
                  0
                ],
                [
                  -72.85094687111517,
                  -50.65184051579239,
                  0
                ],
                [
                  -72.8763028765134,
                  -50.66875375596265,
                  0
                ],
                [
                  -72.88555203849059,
                  -50.66746729885335,
                  0
                ],
                [
                  -72.89284560180292,
                  -50.66977732466609,
                  0
                ],
                [
                  -72.89764346402603,
                  -50.67770771855939,
                  0
                ],
                [
                  -72.90289499302712,
                  -50.68151792099453,
                  0
                ],
                [
                  -72.9067442716149,
                  -50.69603816525555,
                  0
                ],
                [
                  -72.91111593908381,
                  -50.69787046918339,
                  0
                ],
                [
                  -72.91502016172016,
                  -50.7007698057013,
                  0
                ],
                [
                  -72.92010660632283,
                  -50.70292929602744,
                  0
                ],
                [
                  -72.92504182866583,
                  -50.70317292813595,
                  0
                ],
                [
                  -72.9251379387074,
                  -50.70207570160797,
                  0
                ],
                [
                  -72.93126882473216,
                  -50.70228412644375,
                  0
                ],
                [
                  -72.94052505980258,
                  -50.7053538677603,
                  0
                ],
                [
                  -72.94312751545759,
                  -50.70727435214444,
                  0
                ],
                [
                  -72.94107375831604,
                  -50.71073533090495,
                  0
                ],
                [
                  -72.94513224604201,
                  -50.71880832470605,
                  0
                ],
                [
                  -72.94599055304191,
                  -50.72289011968973,
                  0
                ],
                [
                  -72.9513365012677,
                  -50.72971581212465,
                  0
                ],
                [
                  -72.95114039504116,
                  -50.73494454090158,
                  0
                ],
                [
                  -72.95558729488945,
                  -50.74042800962436,
                  0
                ],
                [
                  -72.96478353910547,
                  -50.73837727382536,
                  0
                ],
                [
                  -72.97198558033998,
                  -50.74001879461228,
                  0
                ],
                [
                  -72.98366766213888,
                  -50.7448365696055,
                  0
                ],
                [
                  -72.98737293201177,
                  -50.75064687262164,
                  0
                ],
                [
                  -73.00240862887415,
                  -50.75442969675425,
                  0
                ],
                [
                  -73.00338065561034,
                  -50.76185071405882,
                  0
                ],
                [
                  -73.02416279833123,
                  -50.76094876062422,
                  0
                ],
                [
                  -73.02941231287087,
                  -50.7582019410886,
                  0
                ],
                [
                  -73.03284716029751,
                  -50.75870760238949,
                  0
                ],
                [
                  -73.03660588088295,
                  -50.76006071461955,
                  0
                ],
                [
                  -73.04278415761911,
                  -50.76141382684961,
                  0
                ],
                [
                  -73.05170254141655,
                  -50.76749800298535,
                  0
                ],
                [
                  -73.05820136906328,
                  -50.77396475079488,
                  0
                ],
                [
                  -73.0693843572438,
                  -50.78881076221645,
                  0
                ],
                [
                  -73.08328934609386,
                  -50.78166381824356,
                  0
                ],
                [
                  -73.08948572922151,
                  -50.77770783988996,
                  0
                ],
                [
                  -73.08963322197242,
                  -50.77489933254186,
                  0
                ],
                [
                  -73.09655960983815,
                  -50.77250920112897,
                  0
                ],
                [
                  -73.102246383561,
                  -50.77528474247082,
                  0
                ],
                [
                  -73.1456288840543,
                  -50.78222746099679,
                  0
                ],
                [
                  -73.16709842832108,
                  -50.80011749094304,
                  0
                ],
                [
                  -73.19195762798766,
                  -50.81154286072297,
                  0
                ],
                [
                  -73.20057675247622,
                  -50.82007130423609,
                  0
                ],
                [
                  -73.20079046584405,
                  -50.81222911622733,
                  0
                ],
                [
                  -73.14821235406309,
                  -50.76618157811543,
                  0
                ],
                [
                  -73.15894432657377,
                  -50.75845414471001,
                  0
                ],
                [
                  -73.16574452033956,
                  -50.75704045265742,
                  0
                ],
                [
                  -73.17311540350906,
                  -50.75247750004398,
                  0
                ],
                [
                  -73.17988139764091,
                  -50.75021067203074,
                  0
                ],
                [
                  -73.18192049418879,
                  -50.74663389083489,
                  0
                ],
                [
                  -73.18822171812221,
                  -50.74342816186446,
                  0
                ],
                [
                  -73.19588394239061,
                  -50.74079683013403,
                  0
                ],
                [
                  -73.18766782941927,
                  -50.73060569359385,
                  0
                ],
                [
                  -73.18492077326867,
                  -50.72254327760609,
                  0
                ],
                [
                  -73.18294235615565,
                  -50.71812939942723,
                  0
                ],
                [
                  -73.182255592118,
                  -50.71525240032913,
                  0
                ],
                [
                  -73.18281954365568,
                  -50.70921763985794,
                  0
                ],
                [
                  -73.18189174134862,
                  -50.70715782741231,
                  0
                ],
                [
                  -73.17824193837261,
                  -50.70624722025421,
                  0
                ],
                [
                  -73.17064432657348,
                  -50.7033762970694,
                  0
                ],
                [
                  -73.17000293870763,
                  -50.7000275257005,
                  0
                ],
                [
                  -73.17153193796943,
                  -50.69495732070033,
                  0
                ],
                [
                  -73.16534860200062,
                  -50.68873755907017,
                  0
                ],
                [
                  -73.16114793207214,
                  -50.68396205553125,
                  0
                ],
                [
                  -73.16333215037503,
                  -50.68130938678647,
                  0
                ],
                [
                  -73.1616836778835,
                  -50.67498939430243,
                  0
                ],
                [
                  -73.15897664957575,
                  -50.67259821502277,
                  0
                ],
                [
                  -73.15053814777079,
                  -50.66858257006834,
                  0
                ],
                [
                  -73.15205702352296,
                  -50.66151348432675,
                  0
                ],
                [
                  -73.1494162112197,
                  -50.6573322553233,
                  0
                ],
                [
                  -73.1420150486654,
                  -50.65444439858515,
                  0
                ],
                [
                  -73.14566931642089,
                  -50.64973901027598,
                  0
                ],
                [
                  -73.16252535747276,
                  -50.64342973802982,
                  0
                ],
                [
                  -73.16914505894202,
                  -50.64015274124182,
                  0
                ],
                [
                  -73.17017812831361,
                  -50.63752206268409,
                  0
                ],
                [
                  -73.19297734940528,
                  -50.6159337754198,
                  0
                ],
                [
                  -73.22048705626698,
                  -50.60747473721893,
                  0
                ],
                [
                  -73.22742270080934,
                  -50.61048318375949,
                  0
                ],
                [
                  -73.23513571111697,
                  -50.60878719223113,
                  0
                ],
                [
                  -73.23362368068089,
                  -50.60179032306876,
                  0
                ],
                [
                  -73.2375737961159,
                  -50.59730130851595,
                  0
                ],
                [
                  -73.2425010681401,
                  -50.5936983463755,
                  0
                ],
                [
                  -73.26825017634454,
                  -50.59101333831904,
                  0
                ],
                [
                  -73.28474964262968,
                  -50.58931077653411,
                  0
                ],
                [
                  -73.30369425131845,
                  -50.57200326602226,
                  0
                ],
                [
                  -73.33071899228761,
                  -50.5703831106216,
                  0
                ],
                [
                  -73.3294584287075,
                  -50.56324495680157,
                  0
                ],
                [
                  -73.33655898109326,
                  -50.55717278896318,
                  0
                ],
                [
                  -73.34182241871179,
                  -50.54596285428377,
                  0
                ],
                [
                  -73.34725079965366,
                  -50.54510961742438,
                  0
                ],
                [
                  -73.35019551675134,
                  -50.53828761845534,
                  0
                ],
                [
                  -73.35602176528147,
                  -50.53463545006363,
                  0
                ],
                [
                  -73.3592839522561,
                  -50.52207548108068,
                  0
                ],
                [
                  -73.36251380732037,
                  -50.51818517842817,
                  0
                ],
                [
                  -73.35862113123783,
                  -50.50758067656842,
                  0
                ],
                [
                  -73.33707928564242,
                  -50.49941295407601,
                  0
                ],
                [
                  -73.33697136618608,
                  -50.4973311226466,
                  0
                ],
                [
                  -73.33905619659896,
                  -50.49427724429346,
                  0
                ],
                [
                  -73.34753487230104,
                  -50.49311622484309,
                  0
                ],
                [
                  -73.35177404900631,
                  -50.48924205854591,
                  0
                ],
                [
                  -73.35925179954224,
                  -50.48645550698353,
                  0
                ],
                [
                  -73.36502944825521,
                  -50.48684268456207,
                  0
                ],
                [
                  -73.35590084096957,
                  -50.47992049438172,
                  0
                ],
                [
                  -73.34988270170811,
                  -50.47337517690432,
                  0
                ],
                [
                  -73.35472296252237,
                  -50.46353773967436,
                  0
                ],
                [
                  -73.35847699119093,
                  -50.46172619103059,
                  0
                ],
                [
                  -73.36363737206266,
                  -50.45235915204898,
                  0
                ],
                [
                  -73.3590114731392,
                  -50.44603771066214,
                  0
                ],
                [
                  -73.35998095227507,
                  -50.440086939704,
                  0
                ],
                [
                  -73.35697873759345,
                  -50.4287173763533,
                  0
                ],
                [
                  -73.3745422036843,
                  -50.41680389463815,
                  0
                ],
                [
                  -73.386283124392,
                  -50.39250538423399,
                  0
                ],
                [
                  -73.38386882546011,
                  -50.391444812783,
                  0
                ],
                [
                  -73.38262321980184,
                  -50.38686916223695,
                  0
                ],
                [
                  -73.37830410213125,
                  -50.38327334998587,
                  0
                ],
                [
                  -73.37499536427377,
                  -50.37534190418258,
                  0
                ],
                [
                  -73.36993576290593,
                  -50.37172758294837,
                  0
                ],
                [
                  -73.39707133526662,
                  -50.37051356232696,
                  0
                ],
                [
                  -73.40720681033083,
                  -50.38003410407907,
                  0
                ],
                [
                  -73.41614015310604,
                  -50.38161679685242,
                  0
                ],
                [
                  -73.43571313664908,
                  -50.36199661762342,
                  0
                ],
                [
                  -73.42773165114028,
                  -50.35494240020375,
                  0
                ],
                [
                  -73.4368245158225,
                  -50.34372689148382,
                  0
                ],
                [
                  -73.42534968200232,
                  -50.33700300250469,
                  0
                ],
                [
                  -73.4056157967722,
                  -50.33580497221929,
                  0
                ],
                [
                  -73.36287179911511,
                  -50.30129596564035,
                  0
                ],
                [
                  -73.42745242435966,
                  -50.25116580640555,
                  0
                ],
                [
                  -73.43871648259713,
                  -50.24986886709531,
                  0
                ],
                [
                  -73.44772543834345,
                  -50.24300381222034,
                  0
                ],
                [
                  -73.45214019738083,
                  -50.23708946303205,
                  0
                ],
                [
                  -73.45305340398468,
                  -50.23207839009416,
                  0
                ],
                [
                  -73.44804682864766,
                  -50.22924237505369,
                  0
                ],
                [
                  -73.44780305678225,
                  -50.22468971029186,
                  0
                ],
                [
                  -73.44202826422591,
                  -50.21492243889128,
                  0
                ],
                [
                  -73.43175268997453,
                  -50.21071066512063,
                  0
                ],
                [
                  -73.42420605712614,
                  -50.20598872761184,
                  0
                ],
                [
                  -73.41582522292943,
                  -50.19905232144264,
                  0
                ],
                [
                  -73.42733360385482,
                  -50.19008559578364,
                  0
                ],
                [
                  -73.43089556551463,
                  -50.18028467202942,
                  0
                ],
                [
                  -73.44375171150364,
                  -50.17952379570703,
                  0
                ],
                [
                  -73.46435966030151,
                  -50.18359670514127,
                  0
                ],
                [
                  -73.47836389855347,
                  -50.1716755247925,
                  0
                ],
                [
                  -73.47708505235288,
                  -50.16692370982881,
                  0
                ],
                [
                  -73.48972883862135,
                  -50.1627942708994,
                  0
                ],
                [
                  -73.49683225208848,
                  -50.15509487692633,
                  0
                ],
                [
                  -73.5038640320525,
                  -50.15293360301464,
                  0
                ],
                [
                  -73.51420452362626,
                  -50.1561801333779,
                  0
                ],
                [
                  -73.50702598135167,
                  -50.10447850410474,
                  0
                ],
                [
                  -73.47429866475585,
                  -50.08901519875653,
                  0
                ],
                [
                  -73.47798569371054,
                  -50.08279667083356,
                  0
                ],
                [
                  -73.48217056712296,
                  -50.07006183601817,
                  0
                ],
                [
                  -73.49708017700246,
                  -50.05929684602822,
                  0
                ],
                [
                  -73.49349674972649,
                  -50.05547838595213,
                  0
                ],
                [
                  -73.49146322353792,
                  -50.05125844934189,
                  0
                ],
                [
                  -73.4619150486654,
                  -50.05504439858514,
                  0
                ],
                [
                  -73.46073130848954,
                  -50.05276381503996,
                  0
                ],
                [
                  -73.4628582210217,
                  -50.05106401248498,
                  0
                ],
                [
                  -73.45960667726249,
                  -50.04608450850286,
                  0
                ],
                [
                  -73.46023322701515,
                  -50.03979975303712,
                  0
                ],
                [
                  -73.44761636528082,
                  -50.03467250708863,
                  0
                ],
                [
                  -73.44429437171931,
                  -50.02586237191579,
                  0
                ],
                [
                  -73.44673244692262,
                  -50.01636042399556,
                  0
                ],
                [
                  -73.43411316634074,
                  -50.01010255285826,
                  0
                ],
                [
                  -73.4379150486654,
                  -50.00004439858515,
                  0
                ],
                [
                  -73.44549210309373,
                  -49.98508329394389,
                  0
                ],
                [
                  -73.440413767298,
                  -49.98224447124429,
                  0
                ],
                [
                  -73.44316365171699,
                  -49.97669514118196,
                  0
                ],
                [
                  -73.44445125340638,
                  -49.96813964429824,
                  0
                ],
                [
                  -73.44393084088989,
                  -49.96594177295489,
                  0
                ],
                [
                  -73.44497889683278,
                  -49.96403643821117,
                  0
                ],
                [
                  -73.44683845495881,
                  -49.9623051083251,
                  0
                ],
                [
                  -73.45181051228202,
                  -49.9599959473808,
                  0
                ],
                [
                  -73.45410658227463,
                  -49.96323756732031,
                  0
                ],
                [
                  -73.46012707036796,
                  -49.96410961185867,
                  0
                ],
                [
                  -73.47074735962768,
                  -49.96603266926302,
                  0
                ],
                [
                  -73.47743057407088,
                  -49.96935399688606,
                  0
                ],
                [
                  -73.48230457514657,
                  -49.96956761045386,
                  0
                ],
                [
                  -73.49978869859513,
                  -49.96594663325536,
                  0
                ],
                [
                  -73.51285747102102,
                  -49.95834950138225,
                  0
                ],
                [
                  -73.52933596804722,
                  -49.95199849070277,
                  0
                ],
                [
                  -73.55307868776974,
                  -49.94986290409089,
                  0
                ],
                [
                  -73.5557121811662,
                  -49.94392806600214,
                  0
                ],
                [
                  -73.55491590175005,
                  -49.94061425371996,
                  0
                ],
                [
                  -73.55274673127705,
                  -49.93361841898243,
                  0
                ],
                [
                  -73.55305444808592,
                  -49.92175525190162,
                  0
                ],
                [
                  -73.54685482831903,
                  -49.90767327416972,
                  0
                ],
                [
                  -73.53384823874038,
                  -49.90563141067943,
                  0
                ],
                [
                  -73.52927371696128,
                  -49.89970341703021,
                  0
                ],
                [
                  -73.50981468303593,
                  -49.89613220689358,
                  0
                ],
                [
                  -73.50410398357573,
                  -49.8915126986281,
                  0
                ],
                [
                  -73.50907176413034,
                  -49.87775965371219,
                  0
                ],
                [
                  -73.49858014916245,
                  -49.86794956282963,
                  0
                ],
                [
                  -73.4968521519191,
                  -49.86195582487046,
                  0
                ],
                [
                  -73.49474608458296,
                  -49.85660447667279,
                  0
                ],
                [
                  -73.48837395247197,
                  -49.85296129813287,
                  0
                ],
                [
                  -73.48882596348656,
                  -49.84906695426568,
                  0
                ],
                [
                  -73.48215867175904,
                  -49.83982813799614,
                  0
                ],
                [
                  -73.48262121385953,
                  -49.83592236505852,
                  0
                ],
                [
                  -73.49008016638987,
                  -49.828392086078,
                  0
                ],
                [
                  -73.48974352911937,
                  -49.81508621988187,
                  0
                ],
                [
                  -73.4816068523165,
                  -49.81163582998076,
                  0
                ],
                [
                  -73.46730832040296,
                  -49.80449414094862,
                  0
                ],
                [
                  -73.45989034422578,
                  -49.80046251084174,
                  0
                ],
                [
                  -73.44781833723479,
                  -49.79785980489433,
                  0
                ],
                [
                  -73.44045671892701,
                  -49.79513266705933,
                  0
                ],
                [
                  -73.42768433278356,
                  -49.79684447180904,
                  0
                ],
                [
                  -73.1822622486654,
                  -49.71181659858515,
                  0
                ],
                [
                  -73.1519350486654,
                  -49.67195439858515,
                  0
                ],
                [
                  -73.1515950486654,
                  -49.65944439858514,
                  0
                ],
                [
                  -73.0221650486654,
                  -49.51635439858515,
                  0
                ],
                [
                  -73.02177952572626,
                  -49.51275037525802,
                  0
                ],
                [
                  -73.01778041516208,
                  -49.50820784159882,
                  0
                ],
                [
                  -73.01195034660873,
                  -49.49677618332668,
                  0
                ],
                [
                  -73.0122150486654,
                  -49.49104439858515,
                  0
                ],
                [
                  -73.01381666701083,
                  -49.48586477374901,
                  0
                ],
                [
                  -73.01253367645916,
                  -49.47974817010909,
                  0
                ],
                [
                  -73.01261192017775,
                  -49.47469901490765,
                  0
                ],
                [
                  -73.01517224836164,
                  -49.46913073483868,
                  0
                ],
                [
                  -73.01452368693697,
                  -49.46705458109436,
                  0
                ],
                [
                  -73.01719368397038,
                  -49.46302431219696,
                  0
                ],
                [
                  -73.01313835021209,
                  -49.4589572628941,
                  0
                ],
                [
                  -73.01622980433383,
                  -49.45481738000958,
                  0
                ],
                [
                  -73.0177150486654,
                  -49.44724439858515,
                  0
                ],
                [
                  -73.03164141440608,
                  -49.44709012427623,
                  0
                ],
                [
                  -73.03167640259043,
                  -49.44289766692226,
                  0
                ],
                [
                  -73.04109822356457,
                  -49.43095457065983,
                  0
                ],
                [
                  -73.03434215841726,
                  -49.42349956641379,
                  0
                ],
                [
                  -73.03942573734967,
                  -49.41791223331734,
                  0
                ],
                [
                  -73.04175840806798,
                  -49.41536709677268,
                  0
                ],
                [
                  -73.05052544827966,
                  -49.41184099372866,
                  0
                ],
                [
                  -73.0541631141704,
                  -49.41114281718949,
                  0
                ],
                [
                  -73.05584071395225,
                  -49.40920977517372,
                  0
                ],
                [
                  -73.06692411273613,
                  -49.40934405450837,
                  0
                ],
                [
                  -73.06788416929011,
                  -49.4104806612781,
                  0
                ],
                [
                  -73.07297526663731,
                  -49.40804204901448,
                  0
                ],
                [
                  -73.07512915433082,
                  -49.40834702743144,
                  0
                ],
                [
                  -73.08086632000322,
                  -49.40853722310724,
                  0
                ],
                [
                  -73.08571504866539,
                  -49.40904439858515,
                  0
                ],
                [
                  -73.08782939907404,
                  -49.40623831718354,
                  0
                ],
                [
                  -73.09299947972849,
                  -49.40449011530836,
                  0
                ],
                [
                  -73.09638551102131,
                  -49.40419303731355,
                  0
                ],
                [
                  -73.1019893360304,
                  -49.40377979673112,
                  0
                ],
                [
                  -73.10423293535871,
                  -49.40143170054844,
                  0
                ],
                [
                  -73.10969448735281,
                  -49.39927181129964,
                  0
                ],
                [
                  -73.11691504866539,
                  -49.39685439858514,
                  0
                ],
                [
                  -73.1172264630806,
                  -49.39264830878307,
                  0
                ],
                [
                  -73.11987632550175,
                  -49.38882272708181,
                  0
                ],
                [
                  -73.1238119556728,
                  -49.38510371734753,
                  0
                ],
                [
                  -73.12439769648547,
                  -49.38154189199827,
                  0
                ],
                [
                  -73.12564222533344,
                  -49.37969558697022,
                  0
                ],
                [
                  -73.13339504866539,
                  -49.37395439858514,
                  0
                ],
                [
                  -73.13159178366297,
                  -49.36684293493063,
                  0
                ],
                [
                  -73.13349106133755,
                  -49.36036598224568,
                  0
                ],
                [
                  -73.1291050486654,
                  -49.35718439858515,
                  0
                ],
                [
                  -73.12870354965892,
                  -49.3550394659075,
                  0
                ],
                [
                  -73.12596360264514,
                  -49.35238680096576,
                  0
                ],
                [
                  -73.11814526061316,
                  -49.34962021626455,
                  0
                ],
                [
                  -73.10970241190802,
                  -49.34340725798048,
                  0
                ],
                [
                  -73.10885504866539,
                  -49.34006439858515,
                  0
                ],
                [
                  -73.10128474691048,
                  -49.33933057592309,
                  0
                ],
                [
                  -73.09511504866539,
                  -49.33806439858515,
                  0
                ],
                [
                  -73.0945790581683,
                  -49.33305293678244,
                  0
                ],
                [
                  -73.095326954221,
                  -49.32925842904393,
                  0
                ],
                [
                  -73.10172485860836,
                  -49.3255487597716,
                  0
                ],
                [
                  -73.0999633400412,
                  -49.32331361957138,
                  0
                ],
                [
                  -73.09831853843254,
                  -49.32168707910085,
                  0
                ],
                [
                  -73.0937450486654,
                  -49.31881439858515,
                  0
                ],
                [
                  -73.09514453759627,
                  -49.31608146270968,
                  0
                ],
                [
                  -73.09464686915642,
                  -49.31289880592612,
                  0
                ],
                [
                  -73.0949450486654,
                  -49.31142439858515,
                  0
                ],
                [
                  -73.09716665657234,
                  -49.31032717206855,
                  0
                ],
                [
                  -73.09870863265576,
                  -49.3087384476393,
                  0
                ],
                [
                  -73.10025060873916,
                  -49.30793684483534,
                  0
                ],
                [
                  -73.10075116881396,
                  -49.30592864995442,
                  0
                ],
                [
                  -73.1020944987584,
                  -49.30468701828292,
                  0
                ],
                [
                  -73.10269329373668,
                  -49.30188051153419,
                  0
                ],
                [
                  -73.1038750486654,
                  -49.30021439858515,
                  0
                ],
                [
                  -73.10280744854157,
                  -49.29700974908831,
                  0
                ],
                [
                  -73.10152920973856,
                  -49.29617189701549,
                  0
                ],
                [
                  -73.10112638260141,
                  -49.29475132027184,
                  0
                ],
                [
                  -73.10001467867119,
                  -49.29440945479698,
                  0
                ],
                [
                  -73.09881837711104,
                  -49.293208474454,
                  0
                ],
                [
                  -73.0985773777305,
                  -49.29223824680269,
                  0
                ],
                [
                  -73.0970880187834,
                  -49.29092604239596,
                  0
                ],
                [
                  -73.09607968883874,
                  -49.28690613614349,
                  0
                ],
                [
                  -73.09653507937917,
                  -49.28496676190555,
                  0
                ],
                [
                  -73.0974150486654,
                  -49.28390439858514,
                  0
                ],
                [
                  -73.0864820486654,
                  -49.28393339858515,
                  0
                ],
                [
                  -73.0398150486654,
                  -49.27698839858515,
                  0
                ],
                [
                  -73.04043922345602,
                  -49.27543073931686,
                  0
                ],
                [
                  -73.04236247752888,
                  -49.27316487276472,
                  0
                ],
                [
                  -73.04251792154233,
                  -49.27177335849562,
                  0
                ],
                [
                  -73.0428710486654,
                  -49.27115539858513,
                  0
                ],
                [
                  -73.04363468393416,
                  -49.2713386345001,
                  0
                ],
                [
                  -73.04428009175705,
                  -49.27240376243042,
                  0
                ],
                [
                  -73.04725767320721,
                  -49.27254806557045,
                  0
                ],
                [
                  -73.04831275712934,
                  -49.27176653071639,
                  0
                ],
                [
                  -73.05199980494905,
                  -49.27067967935407,
                  0
                ],
                [
                  -73.05905526909247,
                  -49.26997270467168,
                  0
                ],
                [
                  -73.06622159721216,
                  -49.26801575796031,
                  0
                ],
                [
                  -73.07021352909197,
                  -49.26683765682377,
                  0
                ],
                [
                  -73.07134586432527,
                  -49.26556189833922,
                  0
                ],
                [
                  -73.07328655983649,
                  -49.26433481091059,
                  0
                ],
                [
                  -73.07506966295809,
                  -49.26335879046874,
                  0
                ],
                [
                  -73.07635947527926,
                  -49.26227302623037,
                  0
                ],
                [
                  -73.07964553064872,
                  -49.26054915911229,
                  0
                ],
                [
                  -73.08101461470523,
                  -49.25882167681488,
                  0
                ],
                [
                  -73.08126524305258,
                  -49.2571937333911,
                  0
                ],
                [
                  -73.0838809385459,
                  -49.25389610478312,
                  0
                ],
                [
                  -73.08518942056587,
                  -49.2536052041784,
                  0
                ],
                [
                  -73.08644706368948,
                  -49.25381204946567,
                  0
                ],
                [
                  -73.08840312208282,
                  -49.25306433128645,
                  0
                ],
                [
                  -73.0901511837985,
                  -49.25299247434311,
                  0
                ],
                [
                  -73.09264511219759,
                  -49.25426222896717,
                  0
                ],
                [
                  -73.09611515831355,
                  -49.25735150480724,
                  0
                ],
                [
                  -73.10076361937325,
                  -49.2611453868183,
                  0
                ],
                [
                  -73.10258388456833,
                  -49.26444707603519,
                  0
                ],
                [
                  -73.10329648994048,
                  -49.26623372054753,
                  0
                ],
                [
                  -73.10446664537527,
                  -49.26669336983874,
                  0
                ],
                [
                  -73.11309993824386,
                  -49.26647495417596,
                  0
                ],
                [
                  -73.11770053552168,
                  -49.26566779596795,
                  0
                ],
                [
                  -73.12055250071901,
                  -49.26460639815448,
                  0
                ],
                [
                  -73.12604411538963,
                  -49.26495994111318,
                  0
                ],
                [
                  -73.13282095596759,
                  -49.26630220330145,
                  0
                ],
                [
                  -73.13407045067251,
                  -49.26029850654108,
                  0
                ],
                [
                  -73.13695856016285,
                  -49.25522160134971,
                  0
                ],
                [
                  -73.14347530405556,
                  -49.24651791820249,
                  0
                ],
                [
                  -73.14202481705034,
                  -49.23794929025235,
                  0
                ],
                [
                  -73.14224051109805,
                  -49.22877656612498,
                  0
                ],
                [
                  -73.1471150486654,
                  -49.22034439858515,
                  0
                ],
                [
                  -73.13976268656151,
                  -49.21491968098833,
                  0
                ],
                [
                  -73.13864225509214,
                  -49.21147259053672,
                  0
                ],
                [
                  -73.13972386755432,
                  -49.19754736079533,
                  0
                ],
                [
                  -73.13913568242657,
                  -49.1876228642507,
                  0
                ],
                [
                  -73.13072352261446,
                  -49.17632308860497,
                  0
                ],
                [
                  -73.11723879817015,
                  -49.17227961152272,
                  0
                ],
                [
                  -73.10084473401808,
                  -49.1496427607967,
                  0
                ],
                [
                  -73.07974518884478,
                  -49.14586415590854,
                  0
                ],
                [
                  -73.0795998094222,
                  -49.13609326854768,
                  0
                ],
                [
                  -73.07412046637248,
                  -49.13221134448298,
                  0
                ],
                [
                  -73.06239516015657,
                  -49.12853736779611,
                  0
                ],
                [
                  -73.05724629895549,
                  -49.12218796079982,
                  0
                ],
                [
                  -73.04324794006166,
                  -49.08973757409153,
                  0
                ],
                [
                  -73.02370323528359,
                  -49.07320651146026,
                  0
                ],
                [
                  -73.01904202284398,
                  -49.06676678705763,
                  0
                ],
                [
                  -73.00044133781512,
                  -49.06641537351458,
                  0
                ],
                [
                  -72.99882181316518,
                  -49.05463442787167,
                  0
                ],
                [
                  -73.00303231677464,
                  -49.04079222709851,
                  0
                ],
                [
                  -73.00137236912835,
                  -49.03167657649483,
                  0
                ],
                [
                  -72.97879464675846,
                  -49.03024083544938,
                  0
                ],
                [
                  -72.98439097753258,
                  -49.0170823471281,
                  0
                ],
                [
                  -72.98423857418742,
                  -48.9990097204316,
                  0
                ],
                [
                  -72.97273273320927,
                  -48.99041677021772,
                  0
                ],
                [
                  -72.9560345608489,
                  -48.98164357731713,
                  0
                ],
                [
                  -72.94852881426904,
                  -48.96762030708379,
                  0
                ],
                [
                  -72.94825567744122,
                  -48.95138083740861,
                  0
                ],
                [
                  -72.93594901079408,
                  -48.943648762473,
                  0
                ],
                [
                  -72.92355433854675,
                  -48.93596587546703,
                  0
                ],
                [
                  -72.91616732948296,
                  -48.93956982654549,
                  0
                ],
                [
                  -72.91180971003261,
                  -48.94441518982236,
                  0
                ],
                [
                  -72.90208561843671,
                  -48.94608283663121,
                  0
                ],
                [
                  -72.89531773028867,
                  -48.9474563291254,
                  0
                ],
                [
                  -72.87524513611972,
                  -48.9503894182493,
                  0
                ],
                [
                  -72.86583173162967,
                  -48.94896075203048,
                  0
                ],
                [
                  -72.86033437106516,
                  -48.9602059246084,
                  0
                ],
                [
                  -72.85082069976009,
                  -48.96519011340043,
                  0
                ],
                [
                  -72.82712574789275,
                  -48.96758598336611,
                  0
                ],
                [
                  -72.82069289904936,
                  -48.96538946039145,
                  0
                ],
                [
                  -72.8175924123092,
                  -48.96124826395629,
                  0
                ],
                [
                  -72.80838259504556,
                  -48.96549333600159,
                  0
                ],
                [
                  -72.80250513988514,
                  -48.96742991449578,
                  0
                ],
                [
                  -72.79538253259415,
                  -48.9692173141568,
                  0
                ],
                [
                  -72.79214768109077,
                  -48.96310553160511,
                  0
                ],
                [
                  -72.78271587843594,
                  -48.96011922884117,
                  0
                ],
                [
                  -72.77681145908672,
                  -48.95390400077044,
                  0
                ],
                [
                  -72.7653753202191,
                  -48.94487816477537,
                  0
                ],
                [
                  -72.76211964052543,
                  -48.9387439928383,
                  0
                ],
                [
                  -72.75794074206763,
                  -48.93127591763815,
                  0
                ],
                [
                  -72.75344458687447,
                  -48.91671575592341,
                  0
                ],
                [
                  -72.74672685694537,
                  -48.91115805785542,
                  0
                ],
                [
                  -72.74411068452764,
                  -48.90721641467429,
                  0
                ],
                [
                  -72.73595033394369,
                  -48.90611727642008,
                  0
                ],
                [
                  -72.73060506455214,
                  -48.90718365944826,
                  0
                ],
                [
                  -72.723843208182,
                  -48.90493942360524,
                  0
                ],
                [
                  -72.71502391837844,
                  -48.90519295096941,
                  0
                ],
                [
                  -72.70969717636395,
                  -48.90456292651277,
                  0
                ],
                [
                  -72.70508801001974,
                  -48.90178385833212,
                  0
                ],
                [
                  -72.70321689310181,
                  -48.89973914960169,
                  0
                ],
                [
                  -72.70292838977105,
                  -48.8978268655204,
                  0
                ],
                [
                  -72.70006924887858,
                  -48.89751890922741,
                  0
                ],
                [
                  -72.6966812043423,
                  -48.89675010569478,
                  0
                ],
                [
                  -72.68938570848397,
                  -48.86627251395157,
                  0
                ],
                [
                  -72.64021229273489,
                  -48.86743725391787,
                  0
                ],
                [
                  -72.62460861578839,
                  -48.85846111244234,
                  0
                ],
                [
                  -72.59354824136062,
                  -48.82953795004327,
                  0
                ],
                [
                  -72.58005785414555,
                  -48.82604717344996,
                  0
                ],
                [
                  -72.56711173542315,
                  -48.82468082186295,
                  0
                ],
                [
                  -72.54815324964513,
                  -48.81326266671585,
                  0
                ],
                [
                  -72.53255288748487,
                  -48.8002113259571,
                  0
                ],
                [
                  -72.52858726478789,
                  -48.79188410393531,
                  0
                ],
                [
                  -72.52768962764888,
                  -48.77669002118304,
                  0
                ],
                [
                  -72.53640353350536,
                  -48.74514882412922,
                  0
                ],
                [
                  -72.54020308967628,
                  -48.73453576069113,
                  0
                ],
                [
                  -72.53526497519627,
                  -48.7188227041325,
                  0
                ],
                [
                  -72.53336275488536,
                  -48.69755002586825,
                  0
                ],
                [
                  -72.53302768792716,
                  -48.66903800608365,
                  0
                ],
                [
                  -72.53653662961807,
                  -48.62788068828098,
                  0
                ],
                [
                  -72.54982312641084,
                  -48.60079652374337,
                  0
                ],
                [
                  -72.55966589958855,
                  -48.56930118000874,
                  0
                ],
                [
                  -72.5538943656512,
                  -48.55170608701829,
                  0
                ],
                [
                  -72.5852150486654,
                  -48.48734439858513,
                  0
                ],
                [
                  -72.53743238911198,
                  -48.48346272404857,
                  0
                ],
                [
                  -72.52896621112687,
                  -48.49239678235617,
                  0
                ],
                [
                  -72.52922040674085,
                  -48.50325721860715,
                  0
                ],
                [
                  -72.4995150486654,
                  -48.51974439858515,
                  0
                ],
                [
                  -72.46684019662192,
                  -48.51928147052862,
                  0
                ],
                [
                  -72.4336150486654,
                  -48.51334439858514,
                  0
                ],
                [
                  -72.3921875386729,
                  -48.48491487555005,
                  0
                ],
                [
                  -72.37788356936538,
                  -48.45797441777737,
                  0
                ],
                [
                  -72.36834076820296,
                  -48.45012060778238,
                  0
                ],
                [
                  -72.38838140871502,
                  -48.43626181340758,
                  0
                ],
                [
                  -72.40482407967008,
                  -48.43095063371263,
                  0
                ],
                [
                  -72.40274648744145,
                  -48.41677023764865,
                  0
                ],
                [
                  -72.39231070165306,
                  -48.41519099106483,
                  0
                ],
                [
                  -72.37946631415375,
                  -48.40322587316985,
                  0
                ],
                [
                  -72.35795829386274,
                  -48.40203568535873,
                  0
                ],
                [
                  -72.33995567209416,
                  -48.38604781835802,
                  0
                ],
                [
                  -72.37539239297546,
                  -48.3631269164406,
                  0
                ],
                [
                  -72.37012618181139,
                  -48.35280483820306,
                  0
                ],
                [
                  -72.34463572823451,
                  -48.34882018201394,
                  0
                ],
                [
                  -72.3265520440215,
                  -48.36345697496839,
                  0
                ],
                [
                  -72.27724367390125,
                  -48.36767767530208,
                  0
                ],
                [
                  -72.24615249380847,
                  -48.35315759104239,
                  0
                ],
                [
                  -72.2279150486654,
                  -48.33414439858515,
                  0
                ],
                [
                  -72.21626280827127,
                  -48.3230649477796,
                  0
                ],
                [
                  -72.22466551974922,
                  -48.31586981265777,
                  0
                ],
                [
                  -72.24220931479448,
                  -48.30007635201031,
                  0
                ],
                [
                  -72.25497149418138,
                  -48.29601572876507,
                  0
                ],
                [
                  -72.25585235207396,
                  -48.28453390644141,
                  0
                ],
                [
                  -72.28010834506284,
                  -48.26011869979439,
                  0
                ],
                [
                  -72.31072586661291,
                  -48.23621988236814,
                  0
                ],
                [
                  -72.31965835288865,
                  -48.21403955003399,
                  0
                ],
                [
                  -72.31357728316357,
                  -48.20707245218713,
                  0
                ],
                [
                  -72.30628652017944,
                  -48.20301699881981,
                  0
                ],
                [
                  -72.30287203338786,
                  -48.1585626041082,
                  0
                ],
                [
                  -72.30093111446186,
                  -48.14047877512844,
                  0
                ],
                [
                  -72.32940842950498,
                  -48.11243144921286,
                  0
                ],
                [
                  -72.35130967402861,
                  -48.10113732854687,
                  0
                ],
                [
                  -72.35763382547289,
                  -48.06989841741373,
                  0
                ],
                [
                  -72.37457774479736,
                  -48.07355211563686,
                  0
                ],
                [
                  -72.38790603538867,
                  -48.07069438881803,
                  0
                ],
                [
                  -72.41859918097863,
                  -48.07404017394794,
                  0
                ],
                [
                  -72.42086652377627,
                  -48.06853234515921,
                  0
                ],
                [
                  -72.44222416687882,
                  -48.06181200537368,
                  0
                ],
                [
                  -72.44198439922086,
                  -48.05048726708044,
                  0
                ],
                [
                  -72.42570883953695,
                  -48.04083457396401,
                  0
                ],
                [
                  -72.4171901299112,
                  -48.00115680325114,
                  0
                ],
                [
                  -72.42066343458667,
                  -47.96440382101785,
                  0
                ],
                [
                  -72.43255552167865,
                  -47.96267048533582,
                  0
                ],
                [
                  -72.43937012941825,
                  -47.96762706985609,
                  0
                ],
                [
                  -72.45135583773472,
                  -47.95850522360036,
                  0
                ],
                [
                  -72.46544176014856,
                  -47.95323887469274,
                  0
                ],
                [
                  -72.47650056317468,
                  -47.95550690649775,
                  0
                ],
                [
                  -72.49966541525475,
                  -47.95542188406499,
                  0
                ],
                [
                  -72.51411382805213,
                  -47.94333394077681,
                  0
                ],
                [
                  -72.52335068326441,
                  -47.93769564005952,
                  0
                ],
                [
                  -72.5222367878104,
                  -47.92338341155339,
                  0
                ],
                [
                  -72.51703048271843,
                  -47.90362663710943,
                  0
                ],
                [
                  -72.50419876910061,
                  -47.89365308782317,
                  0
                ],
                [
                  -72.49465706088014,
                  -47.87755503840796,
                  0
                ],
                [
                  -72.4729198940833,
                  -47.87186702145022,
                  0
                ],
                [
                  -72.46357432181128,
                  -47.81180844686986,
                  0
                ],
                [
                  -72.48785735995074,
                  -47.79960039798565,
                  0
                ],
                [
                  -72.49860147250286,
                  -47.76227096368423,
                  0
                ],
                [
                  -72.48342699409085,
                  -47.76181692476367,
                  0
                ],
                [
                  -72.4571188816654,
                  -47.74917007058515,
                  0
                ],
                [
                  -72.44144725738414,
                  -47.74761875024477,
                  0
                ],
                [
                  -72.4295568254783,
                  -47.73532704687591,
                  0
                ],
                [
                  -72.4426268748764,
                  -47.71425432634611,
                  0
                ],
                [
                  -72.42823851121935,
                  -47.70629662178776,
                  0
                ],
                [
                  -72.40544192404354,
                  -47.6804846485095,
                  0
                ],
                [
                  -72.41047317899296,
                  -47.66723090010978,
                  0
                ],
                [
                  -72.39670718990354,
                  -47.66215524135099,
                  0
                ],
                [
                  -72.39527403988578,
                  -47.65065258564881,
                  0
                ],
                [
                  -72.3812677731745,
                  -47.64200509139754,
                  0
                ],
                [
                  -72.3708599095494,
                  -47.64126407453748,
                  0
                ],
                [
                  -72.35005057991293,
                  -47.64056016915638,
                  0
                ],
                [
                  -72.33187611628826,
                  -47.62404075572055,
                  0
                ],
                [
                  -72.30642116223702,
                  -47.59340057588075,
                  0
                ],
                [
                  -72.31985631012343,
                  -47.57385275201284,
                  0
                ],
                [
                  -72.31172036490064,
                  -47.5613652914975,
                  0
                ],
                [
                  -72.28659159173253,
                  -47.520998885529,
                  0
                ],
                [
                  -72.29084556837827,
                  -47.4937130646567,
                  0
                ],
                [
                  -72.31192398445852,
                  -47.47903206852591,
                  0
                ],
                [
                  -72.32740794139211,
                  -47.47323213931426,
                  0
                ],
                [
                  -72.33729363276997,
                  -47.46462762554899,
                  0
                ],
                [
                  -72.33804880805445,
                  -47.45670661639369,
                  0
                ],
                [
                  -72.32937642199813,
                  -47.45552646171809,
                  0
                ],
                [
                  -72.28867667285571,
                  -47.44718765724281,
                  0
                ],
                [
                  -72.28026204932435,
                  -47.43346576013751,
                  0
                ],
                [
                  -72.26819406692032,
                  -47.41933348721739,
                  0
                ],
                [
                  -72.24924610486659,
                  -47.41630476241386,
                  0
                ],
                [
                  -72.22872691056614,
                  -47.40785183157004,
                  0
                ],
                [
                  -72.20800639667475,
                  -47.41620261107695,
                  0
                ],
                [
                  -72.19354903081498,
                  -47.41534861644437,
                  0
                ],
                [
                  -72.17138272071112,
                  -47.39925498555696,
                  0
                ],
                [
                  -72.15718657211156,
                  -47.39398523715962,
                  0
                ],
                [
                  -72.15646110342674,
                  -47.38230335073358,
                  0
                ],
                [
                  -72.1470612915828,
                  -47.37021171153419,
                  0
                ],
                [
                  -72.13946697478184,
                  -47.36542424512884,
                  0
                ],
                [
                  -72.14055378660723,
                  -47.3528442675734,
                  0
                ],
                [
                  -72.12819410316074,
                  -47.33186988071114,
                  0
                ],
                [
                  -72.10661035587722,
                  -47.33383319493574,
                  0
                ],
                [
                  -72.09002700631164,
                  -47.33803259310248,
                  0
                ],
                [
                  -72.06798617269392,
                  -47.34371237866319,
                  0
                ],
                [
                  -72.05277353812734,
                  -47.34389579014519,
                  0
                ],
                [
                  -72.04404985149179,
                  -47.33964537801215,
                  0
                ],
                [
                  -72.0415229570839,
                  -47.33367496288027,
                  0
                ],
                [
                  -72.038996062676,
                  -47.32770454774837,
                  0
                ],
                [
                  -72.03655330188967,
                  -47.32357193390143,
                  0
                ],
                [
                  -72.03135860907061,
                  -47.3187952983519,
                  0
                ],
                [
                  -72.02952325551277,
                  -47.31593268659591,
                  0
                ],
                [
                  -71.99712425982754,
                  -47.29641479016014,
                  0
                ],
                [
                  -71.9967062400089,
                  -47.29539609970446,
                  0
                ],
                [
                  -71.9972363256081,
                  -47.28678935274962,
                  0
                ],
                [
                  -72.00097640797557,
                  -47.27565489347983,
                  0
                ],
                [
                  -72.00384001594173,
                  -47.27163528945313,
                  0
                ],
                [
                  -72.00489969547175,
                  -47.2685017550336,
                  0
                ],
                [
                  -72.00917390412573,
                  -47.2601596551634,
                  0
                ],
                [
                  -72.00842610357597,
                  -47.24993278516537,
                  0
                ],
                [
                  -72.00124190271035,
                  -47.23606384570657,
                  0
                ],
                [
                  -71.9947202089848,
                  -47.22385655559719,
                  0
                ],
                [
                  -72.00803546738415,
                  -47.20613180525144,
                  0
                ],
                [
                  -71.91234593366539,
                  -47.23457615758515,
                  0
                ],
                [
                  -71.86336566192901,
                  -47.23594253087067,
                  0
                ],
                [
                  -71.85500883400412,
                  -47.22317357596319,
                  0
                ],
                [
                  -71.8848603014879,
                  -47.20734991539686,
                  0
                ],
                [
                  -71.87830300202096,
                  -47.18574630894733,
                  0
                ],
                [
                  -71.86294832821068,
                  -47.17124634970501,
                  0
                ],
                [
                  -71.84562149092113,
                  -47.16358088911497,
                  0
                ],
                [
                  -71.85148753107559,
                  -47.13525878656798,
                  0
                ],
                [
                  -71.86677922676431,
                  -47.10575538321259,
                  0
                ],
                [
                  -71.91438544009212,
                  -47.0928987900594,
                  0
                ],
                [
                  -71.94265399384771,
                  -47.08349382464977,
                  0
                ],
                [
                  -71.94676385140426,
                  -47.07170846300382,
                  0
                ],
                [
                  -71.9300878509985,
                  -47.06512341036628,
                  0
                ],
                [
                  -71.90814858559646,
                  -47.05774245881001,
                  0
                ],
                [
                  -71.87482581852636,
                  -47.01496588164956,
                  0
                ],
                [
                  -71.88635426910356,
                  -47.00258457137582,
                  0
                ],
                [
                  -71.89684709495818,
                  -46.99276100235147,
                  0
                ],
                [
                  -71.91261003912322,
                  -46.99611684720946,
                  0
                ],
                [
                  -71.92308170019224,
                  -46.9922253952566,
                  0
                ],
                [
                  -71.91531305807918,
                  -46.98318324572396,
                  0
                ],
                [
                  -71.93069754445763,
                  -46.97485557694239,
                  0
                ],
                [
                  -71.95287188687493,
                  -46.97131894913785,
                  0
                ],
                [
                  -71.95014259489749,
                  -46.96028096145969,
                  0
                ],
                [
                  -71.95827330644013,
                  -46.92638558673353,
                  0
                ],
                [
                  -71.96239490418606,
                  -46.90726703523197,
                  0
                ],
                [
                  -71.92690420974743,
                  -46.8699292441231,
                  0
                ],
                [
                  -71.92773435433527,
                  -46.84857868560854,
                  0
                ],
                [
                  -71.93277870228656,
                  -46.83317238475271,
                  0
                ],
                [
                  -71.94837946873041,
                  -46.81456455082028,
                  0
                ],
                [
                  -71.92704549010392,
                  -46.805881109473,
                  0
                ],
                [
                  -71.8998835545366,
                  -46.80274783527175,
                  0
                ],
                [
                  -71.85354356732816,
                  -46.80726112780338,
                  0
                ],
                [
                  -71.83142781787122,
                  -46.79961485555044,
                  0
                ],
                [
                  -71.8158896511831,
                  -46.79013699853346,
                  0
                ],
                [
                  -71.77773899106397,
                  -46.77509465811788,
                  0
                ],
                [
                  -71.73084065123065,
                  -46.73480053414571,
                  0
                ],
                [
                  -71.69156569989256,
                  -46.70931851600823,
                  0
                ],
                [
                  -71.6856151849969,
                  -46.70157172891492,
                  0
                ],
                [
                  -71.64191420329855,
                  -46.69035878578965,
                  0
                ],
                [
                  -71.64380100924976,
                  -46.63887267463954,
                  0
                ],
                [
                  -71.66117931497018,
                  -46.59423485789752,
                  0
                ],
                [
                  -71.65757323507083,
                  -46.57286129267271,
                  0
                ],
                [
                  -71.66357132376963,
                  -46.55266404735647,
                  0
                ],
                [
                  -71.67305051681123,
                  -46.53825944739468,
                  0
                ],
                [
                  -71.66896719497122,
                  -46.52773143658227,
                  0
                ],
                [
                  -71.75559026754114,
                  -46.34702759532459,
                  0
                ],
                [
                  -71.74424247311423,
                  -46.33928186022535,
                  0
                ],
                [
                  -71.73569886348736,
                  -46.32299517556102,
                  0
                ],
                [
                  -71.72389099516863,
                  -46.2944518440361,
                  0
                ],
                [
                  -71.71904942980589,
                  -46.27319911082597,
                  0
                ],
                [
                  -71.73526155417328,
                  -46.25365113339745,
                  0
                ],
                [
                  -71.75306292153735,
                  -46.22196982234082,
                  0
                ],
                [
                  -71.76772152935175,
                  -46.213618757252,
                  0
                ],
                [
                  -71.77399436733161,
                  -46.19936514641946,
                  0
                ],
                [
                  -71.79612393614741,
                  -46.18702690271468,
                  0
                ],
                [
                  -71.85559909845128,
                  -46.18679344584795,
                  0
                ],
                [
                  -71.87249306389351,
                  -46.16847574400847,
                  0
                ],
                [
                  -71.86180172021719,
                  -46.15628618021169,
                  0
                ],
                [
                  -71.89801545530304,
                  -46.1583005337533,
                  0
                ],
                [
                  -71.9073371230892,
                  -46.14163440753109,
                  0
                ],
                [
                  -71.89033177266539,
                  -46.13345473858514,
                  0
                ],
                [
                  -71.852400224445,
                  -46.12318264410318,
                  0
                ],
                [
                  -71.82427135260285,
                  -46.11618887718401,
                  0
                ],
                [
                  -71.80492604469296,
                  -46.12361572163573,
                  0
                ],
                [
                  -71.76864777566017,
                  -46.11759123343941,
                  0
                ],
                [
                  -71.7529560819247,
                  -46.10912012398683,
                  0
                ],
                [
                  -71.75425147237435,
                  -46.09900416397943,
                  0
                ],
                [
                  -71.74483899472084,
                  -46.09404606234001,
                  0
                ],
                [
                  -71.73021016985048,
                  -46.09681911263349,
                  0
                ],
                [
                  -71.71298979174033,
                  -46.09166477448545,
                  0
                ],
                [
                  -71.70598226964837,
                  -46.07410116739281,
                  0
                ],
                [
                  -71.69280982991805,
                  -46.07064873638576,
                  0
                ],
                [
                  -71.66841075150155,
                  -46.04760400740641,
                  0
                ],
                [
                  -71.64720676154887,
                  -46.01845959435619,
                  0
                ],
                [
                  -71.64010188469126,
                  -45.98423022454403,
                  0
                ],
                [
                  -71.63376998941524,
                  -45.97951857604599,
                  0
                ],
                [
                  -71.6299578800075,
                  -45.98588389920899,
                  0
                ],
                [
                  -71.61328506781977,
                  -45.97840348253545,
                  0
                ],
                [
                  -71.60888837005064,
                  -45.96514473638837,
                  0
                ],
                [
                  -71.61920494011585,
                  -45.93332723263528,
                  0
                ],
                [
                  -71.63828906601229,
                  -45.92164361773577,
                  0
                ],
                [
                  -71.64684179277772,
                  -45.89376535158001,
                  0
                ],
                [
                  -71.66046743756982,
                  -45.87990117618586,
                  0
                ],
                [
                  -71.68181311763817,
                  -45.86686782795586,
                  0
                ],
                [
                  -71.71072191667218,
                  -45.85521819053776,
                  0
                ],
                [
                  -71.73982752798263,
                  -45.85024465093213,
                  0
                ],
                [
                  -71.76019391779985,
                  -45.84113447449295,
                  0
                ],
                [
                  -71.73904052128096,
                  -45.80543279007548,
                  0
                ],
                [
                  -71.7488417006654,
                  -45.78680922958515,
                  0
                ],
                [
                  -71.75388401127185,
                  -45.76339902650964,
                  0
                ],
                [
                  -71.76800414946563,
                  -45.74109040650523,
                  0
                ],
                [
                  -71.79273409378428,
                  -45.72788992739952,
                  0
                ],
                [
                  -71.7976558040228,
                  -45.72009439060484,
                  0
                ],
                [
                  -71.78984548648423,
                  -45.71065950916773,
                  0
                ],
                [
                  -71.77794133188895,
                  -45.70930630342532,
                  0
                ],
                [
                  -71.76432596684022,
                  -45.70072426470644,
                  0
                ],
                [
                  -71.7636251624651,
                  -45.67918275186037,
                  0
                ],
                [
                  -71.79057016172091,
                  -45.66823397321333,
                  0
                ],
                [
                  -71.77678445570511,
                  -45.65470155169957,
                  0
                ],
                [
                  -71.76170731680432,
                  -45.6251948162411,
                  0
                ],
                [
                  -71.7537108522165,
                  -45.61530741456539,
                  0
                ],
                [
                  -71.73866138306825,
                  -45.60812985071416,
                  0
                ],
                [
                  -71.73969412263126,
                  -45.59822201286986,
                  0
                ],
                [
                  -71.72818490095005,
                  -45.59288840086931,
                  0
                ],
                [
                  -71.72521769108894,
                  -45.57842045182478,
                  0
                ],
                [
                  -71.73180211362865,
                  -45.57411396042914,
                  0
                ],
                [
                  -71.7438858883503,
                  -45.5749235339794,
                  0
                ],
                [
                  -71.76252952888699,
                  -45.57190881981998,
                  0
                ],
                [
                  -71.75010584063541,
                  -45.55423954926469,
                  0
                ],
                [
                  -71.72729967595077,
                  -45.53973716340557,
                  0
                ],
                [
                  -71.69115344898279,
                  -45.53841864231975,
                  0
                ],
                [
                  -71.67557612106208,
                  -45.5299269559203,
                  0
                ],
                [
                  -71.67362974799725,
                  -45.51934134566999,
                  0
                ],
                [
                  -71.6390292816654,
                  -45.52005548658514,
                  0
                ],
                [
                  -71.62303527959287,
                  -45.51714196543858,
                  0
                ],
                [
                  -71.60021071507073,
                  -45.51826211821691,
                  0
                ],
                [
                  -71.57561571111852,
                  -45.52652644212596,
                  0
                ],
                [
                  -71.5256511896654,
                  -45.51902195758515,
                  0
                ],
                [
                  -71.46791389214113,
                  -45.49764988758363,
                  0
                ],
                [
                  -71.45916119717404,
                  -45.4863849790757,
                  0
                ],
                [
                  -71.4811577816654,
                  -45.46796564258514,
                  0
                ],
                [
                  -71.51680720724805,
                  -45.42478664132438,
                  0
                ],
                [
                  -71.53287283325227,
                  -45.40434870263232,
                  0
                ],
                [
                  -71.51416108558978,
                  -45.3923399463924,
                  0
                ],
                [
                  -71.46906777383363,
                  -45.39235532612154,
                  0
                ],
                [
                  -71.44499817102067,
                  -45.39831970546515,
                  0
                ],
                [
                  -71.43155013528789,
                  -45.39484219616628,
                  0
                ],
                [
                  -71.43685815235659,
                  -45.36775883760637,
                  0
                ],
                [
                  -71.39324584738065,
                  -45.35603062649194,
                  0
                ],
                [
                  -71.34591087338957,
                  -45.33475577651316,
                  0
                ],
                [
                  -71.3113490256654,
                  -45.29950047358515,
                  0
                ],
                [
                  -71.33104037020068,
                  -45.23624308221532,
                  0
                ],
                [
                  -71.40530503048639,
                  -45.17517257055331,
                  0
                ],
                [
                  -71.44750616236668,
                  -45.15310168915887,
                  0
                ],
                [
                  -71.48585175174573,
                  -45.10756262037305,
                  0
                ],
                [
                  -71.50299270540796,
                  -45.06044376726391,
                  0
                ],
                [
                  -71.55104461000906,
                  -45.02917131933948,
                  0
                ],
                [
                  -71.54379773653201,
                  -45.01892701964174,
                  0
                ],
                [
                  -71.54854687977476,
                  -45.008271240895,
                  0
                ],
                [
                  -71.5380969724837,
                  -45.00369882001029,
                  0
                ],
                [
                  -71.557190460309,
                  -44.97543474363206,
                  0
                ],
                [
                  -71.60169389555391,
                  -44.96775603036741,
                  0
                ],
                [
                  -71.69990157250179,
                  -44.95217824341118,
                  0
                ],
                [
                  -71.74132055218672,
                  -44.95142925952336,
                  0
                ],
                [
                  -71.75305225988694,
                  -44.9239518122421,
                  0
                ],
                [
                  -71.81715333295428,
                  -44.91661251575735,
                  0
                ],
                [
                  -71.85364103159368,
                  -44.92992869068555,
                  0
                ],
                [
                  -71.87193766253881,
                  -44.94270590999544,
                  0
                ],
                [
                  -71.8974222294021,
                  -44.9419493302931,
                  0
                ],
                [
                  -71.97948358942615,
                  -44.89747213340753,
                  0
                ],
                [
                  -72.02090945488908,
                  -44.89450399084644,
                  0
                ],
                [
                  -72.03604682581889,
                  -44.89715589850698,
                  0
                ],
                [
                  -72.0411023510664,
                  -44.89069396471712,
                  0
                ],
                [
                  -72.04738023302787,
                  -44.88197913193122,
                  0
                ],
                [
                  -72.06100717729315,
                  -44.87609578080093,
                  0
                ],
                [
                  -72.05555248052768,
                  -44.8725964221953,
                  0
                ],
                [
                  -72.03520453750897,
                  -44.86573617235342,
                  0
                ],
                [
                  -72.04082939794385,
                  -44.85657884588533,
                  0
                ],
                [
                  -72.0481362203643,
                  -44.84852578956027,
                  0
                ],
                [
                  -72.05506853025426,
                  -44.84160410050119,
                  0
                ],
                [
                  -72.04735717722659,
                  -44.835980331609,
                  0
                ],
                [
                  -72.04350933641062,
                  -44.82616940503056,
                  0
                ],
                [
                  -72.03806439565169,
                  -44.82255288486981,
                  0
                ],
                [
                  -72.0293385683902,
                  -44.80005736452085,
                  0
                ],
                [
                  -72.0631624309281,
                  -44.78724464467125,
                  0
                ],
                [
                  -72.0689480417413,
                  -44.78203165146206,
                  0
                ],
                [
                  -72.06505728511435,
                  -44.77950778389666,
                  0
                ],
                [
                  -72.06132202647248,
                  -44.77025453230517,
                  0
                ],
                [
                  -72.06344663442663,
                  -44.76394655083827,
                  0
                ],
                [
                  -72.06191625326252,
                  -44.75971954706795,
                  0
                ],
                [
                  -72.05374975140582,
                  -44.75849252687481,
                  0
                ],
                [
                  -72.04589551798628,
                  -44.76038785013031,
                  0
                ],
                [
                  -72.03820064693573,
                  -44.7638808408751,
                  0
                ],
                [
                  -72.0348887814478,
                  -44.76644276419034,
                  0
                ],
                [
                  -72.02810116756818,
                  -44.76685511832576,
                  0
                ],
                [
                  -72.02413147980404,
                  -44.76082145122748,
                  0
                ],
                [
                  -72.01540086625121,
                  -44.75856819191969,
                  0
                ],
                [
                  -72.01291190816858,
                  -44.76445517823867,
                  0
                ],
                [
                  -72.00378442920768,
                  -44.76560874049535,
                  0
                ],
                [
                  -72.01109388050516,
                  -44.77153179647179,
                  0
                ],
                [
                  -72.00883345573182,
                  -44.77846966877976,
                  0
                ],
                [
                  -72.00723919953928,
                  -44.78543965635626,
                  0
                ],
                [
                  -71.99857370865232,
                  -44.78749702101003,
                  0
                ],
                [
                  -71.97957219494752,
                  -44.7845720760931,
                  0
                ],
                [
                  -71.94986574240049,
                  -44.79366426961299,
                  0
                ],
                [
                  -71.92321036181704,
                  -44.80527338320339,
                  0
                ],
                [
                  -71.91340669172634,
                  -44.78238432942133,
                  0
                ],
                [
                  -71.89721808100269,
                  -44.7885321172643,
                  0
                ],
                [
                  -71.88683303830436,
                  -44.79717140606794,
                  0
                ],
                [
                  -71.85503152740326,
                  -44.80213566402899,
                  0
                ],
                [
                  -71.81004139672244,
                  -44.79720395607438,
                  0
                ],
                [
                  -71.80205139095392,
                  -44.78921284600645,
                  0
                ],
                [
                  -71.81898719447567,
                  -44.77299007247888,
                  0
                ],
                [
                  -71.7867205256654,
                  -44.75731134558514,
                  0
                ],
                [
                  -71.73976600951794,
                  -44.772284599048,
                  0
                ],
                [
                  -71.68401545375782,
                  -44.77558250805674,
                  0
                ],
                [
                  -71.66097060754839,
                  -44.79215260821973,
                  0
                ],
                [
                  -71.6310194356654,
                  -44.78004897558515,
                  0
                ],
                [
                  -71.5922861654134,
                  -44.78266165209489,
                  0
                ],
                [
                  -71.58280675289734,
                  -44.76273367976544,
                  0
                ],
                [
                  -71.4969190936654,
                  -44.74294529858515,
                  0
                ],
                [
                  -71.47409060210585,
                  -44.74418496611679,
                  0
                ],
                [
                  -71.44136439372598,
                  -44.76151221979728,
                  0
                ],
                [
                  -71.38648808587618,
                  -44.79808534635704,
                  0
                ],
                [
                  -71.3357919776654,
                  -44.80164972458515,
                  0
                ],
                [
                  -71.33278473793956,
                  -44.81122385476979,
                  0
                ],
                [
                  -71.29157435366476,
                  -44.81618883484736,
                  0
                ],
                [
                  -71.23745837399615,
                  -44.80164025884074,
                  0
                ],
                [
                  -71.20250204913532,
                  -44.74967109354067,
                  0
                ],
                [
                  -71.19909635169574,
                  -44.71919797963727,
                  0
                ],
                [
                  -71.19456122502291,
                  -44.67730475651783,
                  0
                ],
                [
                  -71.21426927388232,
                  -44.67391590723924,
                  0
                ],
                [
                  -71.2284984578638,
                  -44.65077381602033,
                  0
                ],
                [
                  -71.22936680614637,
                  -44.63939553788881,
                  0
                ],
                [
                  -71.21121215205986,
                  -44.63537932191704,
                  0
                ],
                [
                  -71.21125870883607,
                  -44.63077770805503,
                  0
                ],
                [
                  -71.19592039056602,
                  -44.60973718969008,
                  0
                ],
                [
                  -71.1720657310175,
                  -44.60099478175685,
                  0
                ],
                [
                  -71.15370203747841,
                  -44.59568918558892,
                  0
                ],
                [
                  -71.12349945835282,
                  -44.59982112565758,
                  0
                ],
                [
                  -71.09363578938972,
                  -44.59357068386492,
                  0
                ],
                [
                  -71.09523811923333,
                  -44.57666199208364,
                  0
                ],
                [
                  -71.08965857000376,
                  -44.55784620861058,
                  0
                ],
                [
                  -71.08690843207314,
                  -44.53266202957836,
                  0
                ],
                [
                  -71.12158377978119,
                  -44.50935282269511,
                  0
                ],
                [
                  -71.13965580410945,
                  -44.50350066371742,
                  0
                ],
                [
                  -71.15677183467797,
                  -44.50134125584867,
                  0
                ],
                [
                  -71.13688043341736,
                  -44.48146298559146,
                  0
                ],
                [
                  -71.13862576090052,
                  -44.4666700906748,
                  0
                ],
                [
                  -71.15507893926089,
                  -44.45421688968852,
                  0
                ],
                [
                  -71.18161144834035,
                  -44.44172246349156,
                  0
                ],
                [
                  -71.24677498861425,
                  -44.42964754608649,
                  0
                ],
                [
                  -71.25675986811234,
                  -44.42468657734788,
                  0
                ],
                [
                  -71.28271402554881,
                  -44.42399990611945,
                  0
                ],
                [
                  -71.30482128056211,
                  -44.4219639749375,
                  0
                ],
                [
                  -71.31245149300202,
                  -44.42656889578349,
                  0
                ],
                [
                  -71.32865647309474,
                  -44.42579392803071,
                  0
                ],
                [
                  -71.33639613437015,
                  -44.41947515132209,
                  0
                ],
                [
                  -71.34902777854927,
                  -44.42137145260752,
                  0
                ],
                [
                  -71.35449216258661,
                  -44.40915315385752,
                  0
                ],
                [
                  -71.34879590928863,
                  -44.40482700514954,
                  0
                ],
                [
                  -71.36392437810683,
                  -44.39258404722091,
                  0
                ],
                [
                  -71.37987810759999,
                  -44.383830288292,
                  0
                ],
                [
                  -71.40297014533803,
                  -44.3870833104172,
                  0
                ],
                [
                  -71.42141660220811,
                  -44.38677915374213,
                  0
                ],
                [
                  -71.42942251551558,
                  -44.39197413693658,
                  0
                ],
                [
                  -71.45018048145681,
                  -44.39550671829319,
                  0
                ],
                [
                  -71.46357132714225,
                  -44.38667532278237,
                  0
                ],
                [
                  -71.47766208227783,
                  -44.39074394529132,
                  0
                ],
                [
                  -71.48898181670057,
                  -44.39872936468228,
                  0
                ],
                [
                  -71.49919993752941,
                  -44.3978310254027,
                  0
                ],
                [
                  -71.5248352112491,
                  -44.39506802199487,
                  0
                ],
                [
                  -71.54005846820691,
                  -44.40507149081313,
                  0
                ],
                [
                  -71.55521441647613,
                  -44.40723043981377,
                  0
                ],
                [
                  -71.57156792932362,
                  -44.40583204268354,
                  0
                ],
                [
                  -71.5867068977095,
                  -44.39908367499613,
                  0
                ],
                [
                  -71.61405119385175,
                  -44.39482196464316,
                  0
                ],
                [
                  -71.62433802439936,
                  -44.39812463352222,
                  0
                ],
                [
                  -71.63910936842444,
                  -44.39735177323502,
                  0
                ],
                [
                  -71.6430083676654,
                  -44.40260431458515,
                  0
                ],
                [
                  -71.64812575459281,
                  -44.40341297147636,
                  0
                ],
                [
                  -71.65531301758108,
                  -44.40794918997905,
                  0
                ],
                [
                  -71.66061242818272,
                  -44.40620839408773,
                  0
                ],
                [
                  -71.66704544664012,
                  -44.40721578659922,
                  0
                ],
                [
                  -71.66968935529678,
                  -44.40597315563604,
                  0
                ],
                [
                  -71.67769626649823,
                  -44.40158557206522,
                  0
                ],
                [
                  -71.68847803527136,
                  -44.39829935535708,
                  0
                ],
                [
                  -71.69426731444518,
                  -44.39468210682922,
                  0
                ],
                [
                  -71.69698747782863,
                  -44.38947098844457,
                  0
                ],
                [
                  -71.69401124194084,
                  -44.38695797119633,
                  0
                ],
                [
                  -71.69511069008513,
                  -44.38252174679196,
                  0
                ],
                [
                  -71.70725329970354,
                  -44.37934996755933,
                  0
                ],
                [
                  -71.7164306335096,
                  -44.37919653111217,
                  0
                ],
                [
                  -71.7202427049643,
                  -44.38420961516704,
                  0
                ],
                [
                  -71.72109595591913,
                  -44.39014341779307,
                  0
                ],
                [
                  -71.73187781792566,
                  -44.39420494215766,
                  0
                ],
                [
                  -71.73728213991636,
                  -44.39843652754041,
                  0
                ],
                [
                  -71.74062082218204,
                  -44.4008970834258,
                  0
                ],
                [
                  -71.74475359597614,
                  -44.40012077766873,
                  0
                ],
                [
                  -71.74630645529365,
                  -44.3975041284944,
                  0
                ],
                [
                  -71.75159327614507,
                  -44.39808890505434,
                  0
                ],
                [
                  -71.75769613690282,
                  -44.40203151669267,
                  0
                ],
                [
                  -71.76407654845818,
                  -44.40335078846197,
                  0
                ],
                [
                  -71.76619192707507,
                  -44.40625705913853,
                  0
                ],
                [
                  -71.76727411901888,
                  -44.40965375823126,
                  0
                ],
                [
                  -71.76927758801695,
                  -44.40898281808372,
                  0
                ],
                [
                  -71.77347680357987,
                  -44.40710465541739,
                  0
                ],
                [
                  -71.78760318075837,
                  -44.41170425230406,
                  0
                ],
                [
                  -71.795617468417,
                  -44.41474914457853,
                  0
                ],
                [
                  -71.80085314070709,
                  -44.41905877229183,
                  0
                ],
                [
                  -71.80140832824821,
                  -44.42259522485546,
                  0
                ],
                [
                  -71.80566523915749,
                  -44.41965451683988,
                  0
                ],
                [
                  -71.8109006764952,
                  -44.41792823621917,
                  0
                ],
                [
                  -71.81199829405294,
                  -44.41603281548614,
                  0
                ],
                [
                  -71.81226676743827,
                  -44.41230050283252,
                  0
                ],
                [
                  -71.8078878327313,
                  -44.40762341380209,
                  0
                ],
                [
                  -71.81002167746189,
                  -44.40405426272308,
                  0
                ],
                [
                  -71.80681716481979,
                  -44.40112434619395,
                  0
                ],
                [
                  -71.80702256536118,
                  -44.3950855657748,
                  0
                ],
                [
                  -71.81214871765899,
                  -44.39078776948717,
                  0
                ],
                [
                  -71.8182516721278,
                  -44.39099353583321,
                  0
                ],
                [
                  -71.82147765697515,
                  -44.3901823168673,
                  0
                ],
                [
                  -71.8193523820958,
                  -44.38726672851794,
                  0
                ],
                [
                  -71.82069066949484,
                  -44.38302815642562,
                  0
                ],
                [
                  -71.81561453761793,
                  -44.37928989465794,
                  0
                ],
                [
                  -71.82109713679196,
                  -44.37100811370219,
                  0
                ],
                [
                  -71.83064496737397,
                  -44.36968637885415,
                  0
                ],
                [
                  -71.83161807692272,
                  -44.36805347672085,
                  0
                ],
                [
                  -71.83005936602811,
                  -44.36419152900125,
                  0
                ],
                [
                  -71.83411967129899,
                  -44.35590697689413,
                  0
                ],
                [
                  -71.83660932094469,
                  -44.35103376141667,
                  0
                ],
                [
                  -71.8339761150066,
                  -44.34931899289689,
                  0
                ],
                [
                  -71.82373088260167,
                  -44.34782909913022,
                  0
                ],
                [
                  -71.81679492156506,
                  -44.34651564458932,
                  0
                ],
                [
                  -71.80886179015504,
                  -44.34048235083592,
                  0
                ],
                [
                  -71.80221545804494,
                  -44.34157371882594,
                  0
                ],
                [
                  -71.78816620484648,
                  -44.33448807401403,
                  0
                ],
                [
                  -71.78022580091859,
                  -44.33101257562186,
                  0
                ],
                [
                  -71.79163741619513,
                  -44.30588411127555,
                  0
                ],
                [
                  -71.80108802350016,
                  -44.29015190362365,
                  0
                ],
                [
                  -71.80649285357192,
                  -44.28940225849273,
                  0
                ],
                [
                  -71.80625469084931,
                  -44.28479304046432,
                  0
                ],
                [
                  -71.80090282881011,
                  -44.28126943005585,
                  0
                ],
                [
                  -71.80227593039447,
                  -44.27457262469652,
                  0
                ],
                [
                  -71.79981399944134,
                  -44.26893166504031,
                  0
                ],
                [
                  -71.8256660938527,
                  -44.26511049320712,
                  0
                ],
                [
                  -71.82368985230265,
                  -44.26120831226982,
                  0
                ],
                [
                  -71.81456081902506,
                  -44.26189155493776,
                  0
                ],
                [
                  -71.80575031664343,
                  -44.26226186624602,
                  0
                ],
                [
                  -71.80513666253248,
                  -44.25466341504013,
                  0
                ],
                [
                  -71.80967310963987,
                  -44.25289102193724,
                  0
                ],
                [
                  -71.8074682626611,
                  -44.2505065110558,
                  0
                ],
                [
                  -71.80334309044245,
                  -44.24397765675374,
                  0
                ],
                [
                  -71.80643883643951,
                  -44.24007006434258,
                  0
                ],
                [
                  -71.81076507203792,
                  -44.23875041895987,
                  0
                ],
                [
                  -71.80934792200304,
                  -44.23652035060814,
                  0
                ],
                [
                  -71.80616884829362,
                  -44.23536407296852,
                  0
                ],
                [
                  -71.80260058254876,
                  -44.2322720916196,
                  0
                ],
                [
                  -71.80683415987619,
                  -44.23000158607707,
                  0
                ],
                [
                  -71.80463407704745,
                  -44.22772198561529,
                  0
                ],
                [
                  -71.79483503588028,
                  -44.22595688818342,
                  0
                ],
                [
                  -71.7901786973365,
                  -44.22634424060491,
                  0
                ],
                [
                  -71.78774786569097,
                  -44.22412016639557,
                  0
                ],
                [
                  -71.77839806389898,
                  -44.22540256688968,
                  0
                ],
                [
                  -71.77840590034266,
                  -44.223069420169,
                  0
                ],
                [
                  -71.78084322806602,
                  -44.2209037607993,
                  0
                ],
                [
                  -71.78040783049512,
                  -44.21869912866978,
                  0
                ],
                [
                  -71.77807508560909,
                  -44.21741680578349,
                  0
                ],
                [
                  -71.7776572927119,
                  -44.21439441507911,
                  0
                ],
                [
                  -71.79565330699221,
                  -44.21425674301756,
                  0
                ],
                [
                  -71.79894490623319,
                  -44.19702293373935,
                  0
                ],
                [
                  -71.79498329623618,
                  -44.19265289448549,
                  0
                ],
                [
                  -71.81660083142219,
                  -44.17955568746822,
                  0
                ],
                [
                  -71.81722521926596,
                  -44.17569824033257,
                  0
                ],
                [
                  -71.8261517855483,
                  -44.165142622002,
                  0
                ],
                [
                  -71.8342499332703,
                  -44.16222930248257,
                  0
                ],
                [
                  -71.83975352769438,
                  -44.16311821314767,
                  0
                ],
                [
                  -71.84588010911273,
                  -44.15765009868155,
                  0
                ],
                [
                  -71.84031009044791,
                  -44.14402290840744,
                  0
                ],
                [
                  -71.84679390034091,
                  -44.12886030205489,
                  0
                ],
                [
                  -71.847273434639,
                  -44.11741897133773,
                  0
                ],
                [
                  -71.84611370466813,
                  -44.11274190343428,
                  0
                ],
                [
                  -71.83843623475443,
                  -44.10988507290465,
                  0
                ],
                [
                  -71.83342595153457,
                  -44.11076061048203,
                  0
                ],
                [
                  -71.81952376455561,
                  -44.11599904690782,
                  0
                ],
                [
                  -71.80476657032712,
                  -44.11459090436868,
                  0
                ],
                [
                  -71.78118780527328,
                  -44.11248515400342,
                  0
                ],
                [
                  -71.7678296711776,
                  -44.1089741979964,
                  0
                ],
                [
                  -71.74704096797278,
                  -44.09106102105905,
                  0
                ],
                [
                  -71.7434563667161,
                  -44.07826966578356,
                  0
                ],
                [
                  -71.73809417912248,
                  -44.07574022741251,
                  0
                ],
                [
                  -71.7254150486654,
                  -44.05924439858514,
                  0
                ],
                [
                  -71.71321122712044,
                  -44.03675707273599,
                  0
                ],
                [
                  -71.71027279003509,
                  -44.02548617979859,
                  0
                ],
                [
                  -71.70184516672698,
                  -44.0153140303583,
                  0
                ],
                [
                  -71.67592229073817,
                  -43.97425176587839,
                  0
                ],
                [
                  -71.65931504866539,
                  -43.96234439858515,
                  0
                ],
                [
                  -71.6483150486654,
                  -43.94604439858514,
                  0
                ],
                [
                  -71.6504150486654,
                  -43.91864439858514,
                  0
                ],
                [
                  -71.66415683693211,
                  -43.9015132055216,
                  0
                ],
                [
                  -71.67778584039891,
                  -43.90175401907887,
                  0
                ],
                [
                  -71.693434517102,
                  -43.90137012311013,
                  0
                ],
                [
                  -71.69719863996453,
                  -43.8939525782158,
                  0
                ],
                [
                  -71.70531362187016,
                  -43.89290004888302,
                  0
                ],
                [
                  -71.70095190240995,
                  -43.87659277000884,
                  0
                ],
                [
                  -71.70429823274284,
                  -43.86337102443466,
                  0
                ],
                [
                  -71.7071150486654,
                  -43.85454439858515,
                  0
                ],
                [
                  -71.71650675182748,
                  -43.85302223398907,
                  0
                ],
                [
                  -71.72866910138316,
                  -43.85705658210751,
                  0
                ],
                [
                  -71.73529701460716,
                  -43.852424494769,
                  0
                ],
                [
                  -71.75949358939378,
                  -43.84165424024649,
                  0
                ],
                [
                  -71.75561504866539,
                  -43.83457439858515,
                  0
                ],
                [
                  -71.75098065711828,
                  -43.82298749037042,
                  0
                ],
                [
                  -71.7444150486654,
                  -43.80174439858514,
                  0
                ],
                [
                  -71.74723906592132,
                  -43.78841687999131,
                  0
                ],
                [
                  -71.73296374843447,
                  -43.77879925898274,
                  0
                ],
                [
                  -71.72945058794237,
                  -43.76788370715278,
                  0
                ],
                [
                  -71.71459314776469,
                  -43.75576174130885,
                  0
                ],
                [
                  -71.69172300031394,
                  -43.72949379165685,
                  0
                ],
                [
                  -71.68165919936304,
                  -43.7263561923655,
                  0
                ],
                [
                  -71.66376412413625,
                  -43.72663676617118,
                  0
                ],
                [
                  -71.65574213636023,
                  -43.71622649490927,
                  0
                ],
                [
                  -71.65511560772872,
                  -43.70499388859795,
                  0
                ],
                [
                  -71.6401832879349,
                  -43.70680661255608,
                  0
                ],
                [
                  -71.62918423416097,
                  -43.71224914840298,
                  0
                ],
                [
                  -71.62556248756898,
                  -43.7065077869088,
                  0
                ],
                [
                  -71.60744018280278,
                  -43.70441728622528,
                  0
                ],
                [
                  -71.5970379122305,
                  -43.69795631775902,
                  0
                ],
                [
                  -71.5966130955517,
                  -43.68814530823686,
                  0
                ],
                [
                  -71.60853334336659,
                  -43.68014566273148,
                  0
                ],
                [
                  -71.58788542923403,
                  -43.67644310803082,
                  0
                ],
                [
                  -71.58128689492217,
                  -43.6615531728324,
                  0
                ],
                [
                  -71.57890087813779,
                  -43.65095492133189,
                  0
                ],
                [
                  -71.5832328971305,
                  -43.64625264265016,
                  0
                ],
                [
                  -71.5902286644777,
                  -43.63535293199824,
                  0
                ],
                [
                  -71.59950833210233,
                  -43.63219552143718,
                  0
                ],
                [
                  -71.60397578437214,
                  -43.62913995967628,
                  0
                ],
                [
                  -71.6194822773589,
                  -43.62390199077245,
                  0
                ],
                [
                  -71.63811236983466,
                  -43.62089439858515,
                  0
                ],
                [
                  -71.65501504866539,
                  -43.61934439858515,
                  0
                ],
                [
                  -71.66961223145215,
                  -43.62176923744865,
                  0
                ],
                [
                  -71.69106086696056,
                  -43.6246297995628,
                  0
                ],
                [
                  -71.70131504866539,
                  -43.62254439858515,
                  0
                ],
                [
                  -71.70534819763694,
                  -43.59943105952148,
                  0
                ],
                [
                  -71.7037150486654,
                  -43.58204439858515,
                  0
                ],
                [
                  -71.7151150486654,
                  -43.57464439858514,
                  0
                ],
                [
                  -71.73469377031304,
                  -43.57839753137529,
                  0
                ],
                [
                  -71.74072430696125,
                  -43.58291577483295,
                  0
                ],
                [
                  -71.74955658426765,
                  -43.58338916185925,
                  0
                ],
                [
                  -71.75636903484447,
                  -43.58232335089219,
                  0
                ],
                [
                  -71.7610150486654,
                  -43.57884439858515,
                  0
                ],
                [
                  -71.76361275516341,
                  -43.57500074077407,
                  0
                ],
                [
                  -71.75746879549213,
                  -43.5706348187415,
                  0
                ],
                [
                  -71.7590609854188,
                  -43.56798899505544,
                  0
                ],
                [
                  -71.76050864146855,
                  -43.56491363829801,
                  0
                ],
                [
                  -71.76469432821396,
                  -43.56259540673204,
                  0
                ],
                [
                  -71.7634150486654,
                  -43.55514439858515,
                  0
                ],
                [
                  -71.76948845540345,
                  -43.55144596918071,
                  0
                ],
                [
                  -71.7683023368333,
                  -43.54847690809255,
                  0
                ],
                [
                  -71.77216869466467,
                  -43.54518243169867,
                  0
                ],
                [
                  -71.7759150486654,
                  -43.53834439858515,
                  0
                ],
                [
                  -71.77987240218087,
                  -43.53851447390348,
                  0
                ],
                [
                  -71.78406708310844,
                  -43.54150915924183,
                  0
                ],
                [
                  -71.7945654425226,
                  -43.53809825704531,
                  0
                ],
                [
                  -71.8058590978987,
                  -43.54130707855833,
                  0
                ],
                [
                  -71.80971843399281,
                  -43.54327682866641,
                  0
                ],
                [
                  -71.82128830251132,
                  -43.54585609712542,
                  0
                ],
                [
                  -71.82940803080895,
                  -43.54919435137899,
                  0
                ],
                [
                  -71.84474196945867,
                  -43.54678881544113,
                  0
                ],
                [
                  -71.85544241797749,
                  -43.54930141875413,
                  0
                ],
                [
                  -71.87175514106168,
                  -43.55005243601328,
                  0
                ],
                [
                  -71.87575832706747,
                  -43.5366049432777,
                  0
                ],
                [
                  -71.87511504866539,
                  -43.52564439858514,
                  0
                ],
                [
                  -71.8672150486654,
                  -43.52294439858515,
                  0
                ],
                [
                  -71.8687150486654,
                  -43.51914439858515,
                  0
                ],
                [
                  -71.86197763129415,
                  -43.51374289880689,
                  0
                ],
                [
                  -71.85798913344509,
                  -43.50921058378996,
                  0
                ],
                [
                  -71.8536150486654,
                  -43.50104439858514,
                  0
                ],
                [
                  -71.8475661350811,
                  -43.48613673058831,
                  0
                ],
                [
                  -71.8469150486654,
                  -43.48004439858514,
                  0
                ],
                [
                  -71.8686250486654,
                  -43.46261439858515,
                  0
                ],
                [
                  -71.87703694340668,
                  -43.46037683854114,
                  0
                ],
                [
                  -71.8807150486654,
                  -43.45074439858514,
                  0
                ],
                [
                  -71.88729226185868,
                  -43.45004439858515,
                  0
                ],
                [
                  -71.9002054677362,
                  -43.45126594902211,
                  0
                ],
                [
                  -71.90701883882834,
                  -43.45523166311988,
                  0
                ],
                [
                  -71.92648873169797,
                  -43.45497458196711,
                  0
                ],
                [
                  -71.93201504866539,
                  -43.44934439858515,
                  0
                ],
                [
                  -71.92151778380199,
                  -43.43078538524129,
                  0
                ],
                [
                  -71.91391174316729,
                  -43.42039484282439,
                  0
                ],
                [
                  -71.9129150486654,
                  -43.41434439858514,
                  0
                ],
                [
                  -71.923847926264,
                  -43.40555018735247,
                  0
                ],
                [
                  -71.93111504866539,
                  -43.38804439858514,
                  0
                ],
                [
                  -71.92239794725178,
                  -43.38578474422844,
                  0
                ],
                [
                  -71.90952900610984,
                  -43.38678324378117,
                  0
                ],
                [
                  -71.9021625200036,
                  -43.38149693373561,
                  0
                ],
                [
                  -71.8936150486654,
                  -43.38224439858514,
                  0
                ],
                [
                  -71.89050869201265,
                  -43.37882398209256,
                  0
                ],
                [
                  -71.89647761456051,
                  -43.36844662189888,
                  0
                ],
                [
                  -71.88751504866539,
                  -43.35774439858515,
                  0
                ],
                [
                  -71.8873150486654,
                  -43.35754439858515,
                  0
                ],
                [
                  -71.89712675579251,
                  -43.34511477313491,
                  0
                ],
                [
                  -71.89517481519032,
                  -43.33845297617373,
                  0
                ],
                [
                  -71.90088724813855,
                  -43.33007894132234,
                  0
                ],
                [
                  -71.9031484697007,
                  -43.32422461702773,
                  0
                ],
                [
                  -71.89644159729987,
                  -43.32210164374537,
                  0
                ],
                [
                  -71.88696193422209,
                  -43.32892648874189,
                  0
                ],
                [
                  -71.8803150486654,
                  -43.32774439858515,
                  0
                ],
                [
                  -71.86669451822353,
                  -43.33456429920263,
                  0
                ],
                [
                  -71.8504150486654,
                  -43.33834439858514,
                  0
                ],
                [
                  -71.83650535591383,
                  -43.3350621864047,
                  0
                ],
                [
                  -71.80910365064645,
                  -43.32165284668052,
                  0
                ],
                [
                  -71.80061504866539,
                  -43.31424439858515,
                  0
                ],
                [
                  -71.79808893436001,
                  -43.30449916143619,
                  0
                ],
                [
                  -71.7855150486654,
                  -43.30074439858515,
                  0
                ],
                [
                  -71.7779398888872,
                  -43.29968128722987,
                  0
                ],
                [
                  -71.7695670396412,
                  -43.30269842534735,
                  0
                ],
                [
                  -71.7650210455786,
                  -43.30498963594465,
                  0
                ],
                [
                  -71.76320956831074,
                  -43.31188680849446,
                  0
                ],
                [
                  -71.76002800889084,
                  -43.31605300080194,
                  0
                ],
                [
                  -71.7464150486654,
                  -43.32074439858515,
                  0
                ],
                [
                  -71.7323150486654,
                  -43.31504439858514,
                  0
                ],
                [
                  -71.73024679856745,
                  -43.3090306046795,
                  0
                ],
                [
                  -71.73306905663709,
                  -43.28948281489692,
                  0
                ],
                [
                  -71.72951504866539,
                  -43.28364439858515,
                  0
                ],
                [
                  -71.7469150486654,
                  -43.25921439858514,
                  0
                ],
                [
                  -71.74655860755807,
                  -43.25060317760786,
                  0
                ],
                [
                  -71.75023703670563,
                  -43.24303852557669,
                  0
                ],
                [
                  -71.75503854344569,
                  -43.23452809740989,
                  0
                ],
                [
                  -71.7501508609222,
                  -43.22643125187516,
                  0
                ],
                [
                  -71.74021504866539,
                  -43.22344439858514,
                  0
                ],
                [
                  -71.73261014153637,
                  -43.21226833418547,
                  0
                ],
                [
                  -71.7284150486654,
                  -43.20014439858515,
                  0
                ],
                [
                  -71.7391150486654,
                  -43.17884439858515,
                  0
                ],
                [
                  -71.75103282866111,
                  -43.17564249961494,
                  0
                ],
                [
                  -71.76083148778552,
                  -43.1631274027281,
                  0
                ],
                [
                  -71.7699750486654,
                  -43.16144439858515,
                  0
                ],
                [
                  -71.77968093859525,
                  -43.16220835030545,
                  0
                ],
                [
                  -71.8126823213837,
                  -43.14272385707703,
                  0
                ],
                [
                  -71.8222580935084,
                  -43.14637744854675,
                  0
                ],
                [
                  -71.84414328514691,
                  -43.13998196364224,
                  0
                ],
                [
                  -71.8529615954812,
                  -43.14119722054791,
                  0
                ],
                [
                  -71.85731046762558,
                  -43.14015834906532,
                  0
                ],
                [
                  -71.85155815631022,
                  -43.13388438653896,
                  0
                ],
                [
                  -71.85487682071637,
                  -43.1239749218928,
                  0
                ],
                [
                  -71.87069163702172,
                  -43.12694227243277,
                  0
                ],
                [
                  -71.88126956607947,
                  -43.12062056407261,
                  0
                ],
                [
                  -71.89321506628737,
                  -43.10172737070234,
                  0
                ],
                [
                  -71.92842465230676,
                  -43.09275031738697,
                  0
                ],
                [
                  -71.93255979040252,
                  -43.04880418033392,
                  0
                ],
                [
                  -71.96259214399252,
                  -43.03812272315147,
                  0
                ],
                [
                  -71.97161621676898,
                  -43.04130004937723,
                  0
                ],
                [
                  -71.98417265395479,
                  -43.03372958212397,
                  0
                ],
                [
                  -71.9997631190489,
                  -43.03483744095188,
                  0
                ],
                [
                  -72.01469300560508,
                  -43.02060655244868,
                  0
                ],
                [
                  -72.03196548325224,
                  -43.00863528700395,
                  0
                ],
                [
                  -72.03481023733409,
                  -42.99721219429748,
                  0
                ],
                [
                  -72.04453522841102,
                  -42.98382339634835,
                  0
                ],
                [
                  -72.05252612520447,
                  -42.97715833341454,
                  0
                ],
                [
                  -72.06038631559662,
                  -42.96071468373314,
                  0
                ],
                [
                  -72.0707046258784,
                  -42.949164741099,
                  0
                ],
                [
                  -72.08742407107708,
                  -42.94859369961249,
                  0
                ],
                [
                  -72.09716529637483,
                  -42.94022283223877,
                  0
                ],
                [
                  -72.11567420358577,
                  -42.93258169515481,
                  0
                ],
                [
                  -72.10925991891473,
                  -42.92355713198432,
                  0
                ],
                [
                  -72.12254693042392,
                  -42.91605347186181,
                  0
                ],
                [
                  -72.12898319390777,
                  -42.90839900080831,
                  0
                ],
                [
                  -72.13998394606021,
                  -42.89944752162404,
                  0
                ],
                [
                  -72.12998887680762,
                  -42.88912056487135,
                  0
                ],
                [
                  -72.11928611257966,
                  -42.88554095825316,
                  0
                ],
                [
                  -72.11596217962867,
                  -42.87918480537957,
                  0
                ],
                [
                  -72.12073913634917,
                  -42.87216032740248,
                  0
                ],
                [
                  -72.13259048494562,
                  -42.86796390346521,
                  0
                ],
                [
                  -72.130476227913,
                  -42.8532876875942,
                  0
                ],
                [
                  -72.14415552432399,
                  -42.84885660200617,
                  0
                ],
                [
                  -72.14801958515476,
                  -42.83269177616501,
                  0
                ],
                [
                  -72.1566916574704,
                  -42.8270286369663,
                  0
                ],
                [
                  -72.15478104047536,
                  -42.8202275024324,
                  0
                ],
                [
                  -72.15287700670207,
                  -42.81676627114561,
                  0
                ],
                [
                  -72.1577499207815,
                  -42.80180836501824,
                  0
                ],
                [
                  -72.14037409944032,
                  -42.79815195159175,
                  0
                ],
                [
                  -72.13518290980629,
                  -42.79108662787438,
                  0
                ],
                [
                  -72.12654218239258,
                  -42.77752811163761,
                  0
                ],
                [
                  -72.13061665394375,
                  -42.7706758542549,
                  0
                ],
                [
                  -72.13070676978519,
                  -42.75861078537627,
                  0
                ],
                [
                  -72.13999076684584,
                  -42.7439691794002,
                  0
                ],
                [
                  -72.1265494442411,
                  -42.7339514512744,
                  0
                ],
                [
                  -72.12806015870873,
                  -42.72376398071309,
                  0
                ],
                [
                  -72.1343117242006,
                  -42.72189270028451,
                  0
                ],
                [
                  -72.13289025125763,
                  -42.70991443381295,
                  0
                ],
                [
                  -72.1701481750355,
                  -42.70047679352693,
                  0
                ],
                [
                  -72.16398005733895,
                  -42.68173681942225,
                  0
                ],
                [
                  -72.13062729496541,
                  -42.68523006526851,
                  0
                ],
                [
                  -72.12721504866539,
                  -42.67954439858514,
                  0
                ],
                [
                  -72.0916150486654,
                  -42.64134439858515,
                  0
                ],
                [
                  -72.1060150486654,
                  -42.62674439858515,
                  0
                ],
                [
                  -72.10881504866539,
                  -42.60654439858514,
                  0
                ],
                [
                  -72.08874120906518,
                  -42.60168611451687,
                  0
                ],
                [
                  -72.09082277081149,
                  -42.58882015249666,
                  0
                ],
                [
                  -72.07428120709417,
                  -42.57181940229523,
                  0
                ],
                [
                  -72.06214333439264,
                  -42.57536238930499,
                  0
                ],
                [
                  -72.04927145959908,
                  -42.56656397507791,
                  0
                ],
                [
                  -72.0511654332531,
                  -42.54872903282917,
                  0
                ],
                [
                  -72.02379189967657,
                  -42.51944512521519,
                  0
                ],
                [
                  -72.02515876064766,
                  -42.50966105741658,
                  0
                ],
                [
                  -72.02020788845859,
                  -42.50176355952885,
                  0
                ],
                [
                  -72.01052918348864,
                  -42.50058141987394,
                  0
                ],
                [
                  -72.0070150486654,
                  -42.48814439858515,
                  0
                ],
                [
                  -72.02736438673378,
                  -42.46722934430791,
                  0
                ],
                [
                  -72.03771504866539,
                  -42.44454439858514,
                  0
                ],
                [
                  -72.02629456328704,
                  -42.42290872464871,
                  0
                ],
                [
                  -72.02531504866539,
                  -42.40444439858515,
                  0
                ],
                [
                  -72.07519192195507,
                  -42.37963462265714,
                  0
                ],
                [
                  -72.09105250826184,
                  -42.39246986520686,
                  0
                ],
                [
                  -72.11347316293975,
                  -42.39149949763056,
                  0
                ],
                [
                  -72.12559685026103,
                  -42.3854177779349,
                  0
                ],
                [
                  -72.12150416205078,
                  -42.37481769144452,
                  0
                ],
                [
                  -72.12941728595376,
                  -42.36818990553627,
                  0
                ],
                [
                  -72.13251164886985,
                  -42.34765663523739,
                  0
                ],
                [
                  -72.12874086151776,
                  -42.33471735592847,
                  0
                ],
                [
                  -72.11784548154019,
                  -42.31864117320857,
                  0
                ],
                [
                  -72.16401528941822,
                  -42.25582925201487,
                  0
                ],
                [
                  -72.14888129179172,
                  -42.24702081329575,
                  0
                ],
                [
                  -72.15761102699949,
                  -42.2138012929879,
                  0
                ],
                [
                  -72.1500150486654,
                  -42.19254439858515,
                  0
                ],
                [
                  -72.1789150486654,
                  -42.17544439858515,
                  0
                ],
                [
                  -72.18196003871063,
                  -42.16350806444296,
                  0
                ],
                [
                  -72.1675150486654,
                  -42.14934439858514,
                  0
                ],
                [
                  -72.14023420400451,
                  -42.1499887817387,
                  0
                ],
                [
                  -72.12544758768654,
                  -42.15821479273041,
                  0
                ],
                [
                  -72.10984131926588,
                  -42.1502820817514,
                  0
                ],
                [
                  -72.0618150486654,
                  -42.15034439858515,
                  0
                ],
                [
                  -72.057883025888,
                  -42.11841695866053,
                  0
                ],
                [
                  -72.04783679440962,
                  -42.12678017339684,
                  0
                ],
                [
                  -72.0014150486654,
                  -42.14654439858515,
                  0
                ],
                [
                  -71.9755150486654,
                  -42.14524439858515,
                  0
                ],
                [
                  -71.95337192108208,
                  -42.16796333737182,
                  0
                ],
                [
                  -71.9252150486654,
                  -42.19104439858515,
                  0
                ],
                [
                  -71.91149094265172,
                  -42.18989585506689,
                  0
                ],
                [
                  -71.9027150486654,
                  -42.18444439858514,
                  0
                ],
                [
                  -71.89111840994148,
                  -42.18119180917734,
                  0
                ],
                [
                  -71.8794150486654,
                  -42.16914439858515,
                  0
                ],
                [
                  -71.87308338824634,
                  -42.1583098987976,
                  0
                ],
                [
                  -71.8629150486654,
                  -42.15994439858515,
                  0
                ],
                [
                  -71.84597839170819,
                  -42.15837620993914,
                  0
                ],
                [
                  -71.83774845646914,
                  -42.16646939569043,
                  0
                ],
                [
                  -71.81921875418786,
                  -42.15926538712126,
                  0
                ],
                [
                  -71.801473612297,
                  -42.14840113303559,
                  0
                ],
                [
                  -71.79291504866539,
                  -42.15434439858515,
                  0
                ],
                [
                  -71.77578233189503,
                  -42.14649409310746,
                  0
                ],
                [
                  -71.77256319001913,
                  -42.1360346695807,
                  0
                ],
                [
                  -71.7659627527171,
                  -42.13296473712616,
                  0
                ],
                [
                  -71.74236448161464,
                  -42.13050519220093,
                  0
                ],
                [
                  -71.72475158353637,
                  -42.12435986595884,
                  0
                ],
                [
                  -71.7229150486654,
                  -42.11004439858515,
                  0
                ],
                [
                  -71.7360750486654,
                  -42.08393439858514,
                  0
                ],
                [
                  -71.7307205859696,
                  -42.06837233120174,
                  0
                ],
                [
                  -71.72264831768223,
                  -42.06213820032832,
                  0
                ],
                [
                  -71.72596673045614,
                  -42.0403420020715,
                  0
                ],
                [
                  -71.7510552163095,
                  -42.03542071548477,
                  0
                ],
                [
                  -71.75675082058154,
                  -42.0062606370879,
                  0
                ],
                [
                  -71.76310979555984,
                  -41.99794531575483,
                  0
                ],
                [
                  -71.77508984137279,
                  -41.9849542632851,
                  0
                ],
                [
                  -71.7796950486654,
                  -41.97231439858515,
                  0
                ],
                [
                  -71.7748850486654,
                  -41.95639439858515,
                  0
                ],
                [
                  -71.76704354078608,
                  -41.94778267698624,
                  0
                ],
                [
                  -71.76978976070502,
                  -41.90966519253293,
                  0
                ],
                [
                  -71.78686181514195,
                  -41.86642759331009,
                  0
                ],
                [
                  -71.7904150486654,
                  -41.83394439858515,
                  0
                ],
                [
                  -71.7430150486654,
                  -41.82564439858515,
                  0
                ],
                [
                  -71.7510499201224,
                  -41.78651069115922,
                  0
                ],
                [
                  -71.78691504866539,
                  -41.70064439858515,
                  0
                ],
                [
                  -71.83527714974271,
                  -41.63900544617221,
                  0
                ],
                [
                  -71.85286763565038,
                  -41.64047708132465,
                  0
                ],
                [
                  -71.8765150486654,
                  -41.60194439858515,
                  0
                ],
                [
                  -71.8633050486654,
                  -41.58453439858515,
                  0
                ],
                [
                  -71.84729022855275,
                  -41.57375186835276,
                  0
                ],
                [
                  -71.8336680207478,
                  -41.57650860341175,
                  0
                ],
                [
                  -71.81486916620935,
                  -41.5795812009929,
                  0
                ],
                [
                  -71.8236150486654,
                  -41.56494439858515,
                  0
                ],
                [
                  -71.82304288992671,
                  -41.44212176013838,
                  0
                ],
                [
                  -71.8332150486654,
                  -41.43464439858515,
                  0
                ],
                [
                  -71.86465873823711,
                  -41.39784141738512,
                  0
                ],
                [
                  -71.88669656192761,
                  -41.36565234474143,
                  0
                ],
                [
                  -71.9060150486654,
                  -41.36034439858515,
                  0
                ],
                [
                  -71.88191504866539,
                  -41.32794439858515,
                  0
                ],
                [
                  -71.87337332645343,
                  -41.30950259923085,
                  0
                ],
                [
                  -71.87511504866539,
                  -41.29634439858515,
                  0
                ],
                [
                  -71.8857150486654,
                  -41.26254439858515,
                  0
                ],
                [
                  -71.8596150486654,
                  -41.25964439858515,
                  0
                ],
                [
                  -71.84621344046784,
                  -41.27085237040071,
                  0
                ],
                [
                  -71.8272150486654,
                  -41.27924439858515,
                  0
                ],
                [
                  -71.852112354763,
                  -41.21453499083509,
                  0
                ],
                [
                  -71.8812350486654,
                  -41.17267439858514,
                  0
                ],
                [
                  -71.8364150486654,
                  -41.15124439858515,
                  0
                ],
                [
                  -71.8169150486654,
                  -41.05722439858515,
                  0
                ],
                [
                  -71.8641150486654,
                  -41.01304439858514,
                  0
                ],
                [
                  -71.86749504866539,
                  -40.99904439858515,
                  0
                ],
                [
                  -71.9014150486654,
                  -40.97394439858515,
                  0
                ],
                [
                  -71.85489767036627,
                  -40.96541144603112,
                  0
                ],
                [
                  -71.8512650486654,
                  -40.95769439858515,
                  0
                ],
                [
                  -71.8512650486654,
                  -40.93837439858515,
                  0
                ],
                [
                  -71.8596850486654,
                  -40.91346439858515,
                  0
                ],
                [
                  -71.8560150486654,
                  -40.87774439858514,
                  0
                ],
                [
                  -71.90484594535525,
                  -40.84872147968126,
                  0
                ],
                [
                  -71.9054150486654,
                  -40.84094439858514,
                  0
                ],
                [
                  -71.9177150486654,
                  -40.78414439858515,
                  0
                ],
                [
                  -71.94871504866539,
                  -40.71964439858515,
                  0
                ],
                [
                  -71.8642150486654,
                  -40.66774439858515,
                  0
                ],
                [
                  -71.84714636975059,
                  -40.63752602500875,
                  0
                ],
                [
                  -71.8371150486654,
                  -40.60934439858514,
                  0
                ],
                [
                  -71.82296833611386,
                  -40.57650206473026,
                  0
                ],
                [
                  -71.85860244366539,
                  -40.54242649958515,
                  0
                ],
                [
                  -71.83879154063598,
                  -40.52776838901224,
                  0
                ],
                [
                  -71.83192059786033,
                  -40.48939187344704,
                  0
                ],
                [
                  -71.80398045466539,
                  -40.42646458458515,
                  0
                ],
                [
                  -71.73983444932132,
                  -40.44004160049232,
                  0
                ],
                [
                  -71.70290256448256,
                  -40.41918835291307,
                  0
                ],
                [
                  -71.68674310173085,
                  -40.40497236258538,
                  0
                ],
                [
                  -71.6834279649974,
                  -40.37601717258443,
                  0
                ],
                [
                  -71.64910481698429,
                  -40.36435829250973,
                  0
                ],
                [
                  -71.66603685084169,
                  -40.31368152521153,
                  0
                ],
                [
                  -71.67956982582248,
                  -40.29462288226618,
                  0
                ],
                [
                  -71.69921397728803,
                  -40.28181763707905,
                  0
                ],
                [
                  -71.7052784686654,
                  -40.28197728058515,
                  0
                ],
                [
                  -71.71611654838208,
                  -40.27839754374261,
                  0
                ],
                [
                  -71.74987522966539,
                  -40.29158909758515,
                  0
                ],
                [
                  -71.75762522123958,
                  -40.27497539036813,
                  0
                ],
                [
                  -71.80558117165761,
                  -40.22907966793933,
                  0
                ],
                [
                  -71.8235658226654,
                  -40.21014703958515,
                  0
                ],
                [
                  -71.80969582823504,
                  -40.20342876396968,
                  0
                ],
                [
                  -71.79489464478999,
                  -40.18323254091434,
                  0
                ],
                [
                  -71.81449888069908,
                  -40.17887334200582,
                  0
                ],
                [
                  -71.82299535441123,
                  -40.17185303003328,
                  0
                ],
                [
                  -71.81597925935304,
                  -40.16280033825713,
                  0
                ],
                [
                  -71.80696861174044,
                  -40.14982139894086,
                  0
                ],
                [
                  -71.80700659707283,
                  -40.1409595984094,
                  0
                ],
                [
                  -71.79467049461117,
                  -40.13687072237064,
                  0
                ],
                [
                  -71.79851040518382,
                  -40.10963512343014,
                  0
                ],
                [
                  -71.80870821527411,
                  -40.1028010154543,
                  0
                ],
                [
                  -71.82233232116387,
                  -40.10721006345959,
                  0
                ],
                [
                  -71.82762134158796,
                  -40.10610497841285,
                  0
                ],
                [
                  -71.82472402934393,
                  -40.09209751519145,
                  0
                ],
                [
                  -71.81856183615339,
                  -40.09064061077106,
                  0
                ],
                [
                  -71.81280171511251,
                  -40.08142411860814,
                  0
                ],
                [
                  -71.7974571309808,
                  -40.08833421113823,
                  0
                ],
                [
                  -71.77135570632068,
                  -40.09265274093173,
                  0
                ],
                [
                  -71.73479651436166,
                  -40.10267576567428,
                  0
                ],
                [
                  -71.69918425219745,
                  -40.12070270254618,
                  0
                ],
                [
                  -71.67628159737322,
                  -40.10701584116516,
                  0
                ],
                [
                  -71.66865006221283,
                  -40.09946967837815,
                  0
                ],
                [
                  -71.66567430533725,
                  -40.08937049502581,
                  0
                ],
                [
                  -71.67070699563017,
                  -40.08167723824442,
                  0
                ],
                [
                  -71.66407075141929,
                  -40.07652036083822,
                  0
                ],
                [
                  -71.66508764911929,
                  -40.06824671984737,
                  0
                ],
                [
                  -71.68531988772175,
                  -40.03268980623285,
                  0
                ],
                [
                  -71.67628122505228,
                  -40.02892169856518,
                  0
                ],
                [
                  -71.67034232096144,
                  -40.02324453892931,
                  0
                ],
                [
                  -71.66599291030974,
                  -39.99878689054808,
                  0
                ],
                [
                  -71.66056478882246,
                  -39.99203600702411,
                  0
                ],
                [
                  -71.64821251984958,
                  -39.97651316378627,
                  0
                ],
                [
                  -71.63768636973687,
                  -39.96910600866654,
                  0
                ],
                [
                  -71.62609408966959,
                  -39.97873139347907,
                  0
                ],
                [
                  -71.61910835873613,
                  -39.97590203208456,
                  0
                ],
                [
                  -71.61132657934013,
                  -39.95690871934863,
                  0
                ],
                [
                  -71.6186692896532,
                  -39.94047660503977,
                  0
                ],
                [
                  -71.59746618284251,
                  -39.92902511466279,
                  0
                ],
                [
                  -71.58651156683267,
                  -39.90432161315178,
                  0
                ],
                [
                  -71.59677840684913,
                  -39.88728260277708,
                  0
                ],
                [
                  -71.61004118958571,
                  -39.87157533915968,
                  0
                ],
                [
                  -71.63278032069366,
                  -39.87269204627911,
                  0
                ],
                [
                  -71.63373360586488,
                  -39.85884872282298,
                  0
                ],
                [
                  -71.64039827887824,
                  -39.85052076534316,
                  0
                ],
                [
                  -71.65640268034095,
                  -39.8516953131556,
                  0
                ],
                [
                  -71.66126403896732,
                  -39.85672425869296,
                  0
                ],
                [
                  -71.6690532896654,
                  -39.85926406458515,
                  0
                ],
                [
                  -71.68152606425599,
                  -39.85357919464921,
                  0
                ],
                [
                  -71.68617125428236,
                  -39.84504504217235,
                  0
                ],
                [
                  -71.68461545709808,
                  -39.83734740204767,
                  0
                ],
                [
                  -71.6855399608731,
                  -39.82546811463327,
                  0
                ],
                [
                  -71.6778356789613,
                  -39.8170488598365,
                  0
                ],
                [
                  -71.66411930159417,
                  -39.80758142493658,
                  0
                ],
                [
                  -71.67765480952875,
                  -39.79668639380773,
                  0
                ],
                [
                  -71.68089708870724,
                  -39.75554277537395,
                  0
                ],
                [
                  -71.70137256079067,
                  -39.74317199076867,
                  0
                ],
                [
                  -71.70982080841556,
                  -39.72635228058515,
                  0
                ],
                [
                  -71.70413873633686,
                  -39.72275940372842,
                  0
                ],
                [
                  -71.69085946027266,
                  -39.70728438249742,
                  0
                ],
                [
                  -71.69694880200232,
                  -39.69705439415124,
                  0
                ],
                [
                  -71.68319242479004,
                  -39.69605375291834,
                  0
                ],
                [
                  -71.66759060199847,
                  -39.6949300104628,
                  0
                ],
                [
                  -71.66456654622488,
                  -39.67863338154387,
                  0
                ],
                [
                  -71.68193387417939,
                  -39.67224911063755,
                  0
                ],
                [
                  -71.69073726514941,
                  -39.65661068790398,
                  0
                ],
                [
                  -71.71081518170735,
                  -39.6447395133064,
                  0
                ],
                [
                  -71.71239028562967,
                  -39.63681605075222,
                  0
                ],
                [
                  -71.69379261862171,
                  -39.63559994188796,
                  0
                ],
                [
                  -71.69134407040653,
                  -39.60349172559779,
                  0
                ],
                [
                  -71.68638845170189,
                  -39.5847236502546,
                  0
                ],
                [
                  -71.6772181666654,
                  -39.56853245658515,
                  0
                ],
                [
                  -71.65997816530736,
                  -39.59206990131123,
                  0
                ],
                [
                  -71.62731895225765,
                  -39.5947610349474,
                  0
                ],
                [
                  -71.61748073178906,
                  -39.61002431184714,
                  0
                ],
                [
                  -71.61314044404939,
                  -39.62912633291144,
                  0
                ],
                [
                  -71.58204330355073,
                  -39.63922866302356,
                  0
                ],
                [
                  -71.54178774921805,
                  -39.62763510519712,
                  0
                ],
                [
                  -71.50178909180813,
                  -39.63971751685863,
                  0
                ],
                [
                  -71.45745984771837,
                  -39.58549496876378,
                  0
                ],
                [
                  -71.4673397289425,
                  -39.56713907399767,
                  0
                ],
                [
                  -71.46381095049644,
                  -39.55832184711858,
                  0
                ],
                [
                  -71.46913182811133,
                  -39.54956462141392,
                  0
                ],
                [
                  -71.47791658821856,
                  -39.54883024874101,
                  0
                ],
                [
                  -71.49938196755967,
                  -39.55468573128245,
                  0
                ],
                [
                  -71.50801254506798,
                  -39.54623845796463,
                  0
                ],
                [
                  -71.53006174687744,
                  -39.53169316781481,
                  0
                ],
                [
                  -71.522552893395,
                  -39.52038976110091,
                  0
                ],
                [
                  -71.50876637204338,
                  -39.50612447510213,
                  0
                ],
                [
                  -71.46951573921662,
                  -39.49276661843227,
                  0
                ],
                [
                  -71.45841831410205,
                  -39.4582714939061,
                  0
                ],
                [
                  -71.44522139226801,
                  -39.45042624591037,
                  0
                ],
                [
                  -71.44570461940091,
                  -39.42442871882054,
                  0
                ],
                [
                  -71.45738654451128,
                  -39.42037148057382,
                  0
                ],
                [
                  -71.46479549816718,
                  -39.41093356319307,
                  0
                ],
                [
                  -71.45006640124355,
                  -39.41247477056623,
                  0
                ],
                [
                  -71.44085610802381,
                  -39.40983247782177,
                  0
                ],
                [
                  -71.4412824343351,
                  -39.39366250810941,
                  0
                ],
                [
                  -71.45175621866875,
                  -39.38086046485739,
                  0
                ],
                [
                  -71.43036247609967,
                  -39.37622484919783,
                  0
                ],
                [
                  -71.39280248119552,
                  -39.35630405878621,
                  0
                ],
                [
                  -71.36586614943663,
                  -39.28308647287955,
                  0
                ],
                [
                  -71.37291177445437,
                  -39.20543547049814,
                  0
                ],
                [
                  -71.40452720838962,
                  -39.15009080984832,
                  0
                ],
                [
                  -71.40571098146745,
                  -39.09889315053868,
                  0
                ],
                [
                  -71.40792710298038,
                  -39.06478848955413,
                  0
                ],
                [
                  -71.39235505994777,
                  -39.04657840173866,
                  0
                ],
                [
                  -71.41151999444655,
                  -39.01701038727455,
                  0
                ],
                [
                  -71.42369556401671,
                  -38.98147417857758,
                  0
                ],
                [
                  -71.4253642396469,
                  -38.93266663050685,
                  0
                ],
                [
                  -71.36953589329342,
                  -38.9064589885049,
                  0
                ],
                [
                  -71.33326957702423,
                  -38.87985161619472,
                  0
                ],
                [
                  -71.31677572081115,
                  -38.88388610699251,
                  0
                ],
                [
                  -71.26535145207765,
                  -38.85666155128495,
                  0
                ],
                [
                  -71.26141549726913,
                  -38.83318207543243,
                  0
                ],
                [
                  -71.2357058408579,
                  -38.81111782791516,
                  0
                ],
                [
                  -71.2140374412969,
                  -38.82148903870696,
                  0
                ],
                [
                  -71.1830349400396,
                  -38.8216395858592,
                  0
                ],
                [
                  -71.17379610308755,
                  -38.80690309133657,
                  0
                ],
                [
                  -71.14505997109515,
                  -38.8003875926552,
                  0
                ],
                [
                  -71.08355248553768,
                  -38.77003532783726,
                  0
                ],
                [
                  -71.00308675097185,
                  -38.77487650131532,
                  0
                ],
                [
                  -70.91767201443466,
                  -38.7700332580092,
                  0
                ],
                [
                  -70.88572708139641,
                  -38.7247305426921,
                  0
                ],
                [
                  -70.8736496436654,
                  -38.69148004758515,
                  0
                ],
                [
                  -70.89752970283065,
                  -38.68988938015298,
                  0
                ],
                [
                  -70.89523248055417,
                  -38.66370960204038,
                  0
                ],
                [
                  -70.88323562166539,
                  -38.64311090658514,
                  0
                ],
                [
                  -70.86800651109056,
                  -38.64046336661446,
                  0
                ],
                [
                  -70.8213181308701,
                  -38.60319001167846,
                  0
                ],
                [
                  -70.82154945475966,
                  -38.58768815534376,
                  0
                ],
                [
                  -70.83461772362763,
                  -38.58323886868426,
                  0
                ],
                [
                  -70.82893149400645,
                  -38.55037367596197,
                  0
                ],
                [
                  -70.84848322166539,
                  -38.52766575758515,
                  0
                ],
                [
                  -70.95024189942716,
                  -38.4464687253566,
                  0
                ],
                [
                  -70.97356602566539,
                  -38.42472630358515,
                  0
                ],
                [
                  -70.9908160033671,
                  -38.2969665360886,
                  0
                ],
                [
                  -71.00480777893362,
                  -38.26473606958515,
                  0
                ],
                [
                  -71.0142810742851,
                  -38.21797712774882,
                  0
                ],
                [
                  -70.99598112939147,
                  -38.20969680766734,
                  0
                ],
                [
                  -70.9901699513337,
                  -38.17475064994941,
                  0
                ],
                [
                  -71.00334356412996,
                  -38.15111938524534,
                  0
                ],
                [
                  -71.02940242706134,
                  -38.12157753068404,
                  0
                ],
                [
                  -70.98227259227501,
                  -38.11472099714443,
                  0
                ],
                [
                  -70.97881389708361,
                  -38.08886744999009,
                  0
                ],
                [
                  -71.00979120466539,
                  -38.06557509858514,
                  0
                ],
                [
                  -71.0372572286654,
                  -38.03663629658514,
                  0
                ],
                [
                  -71.0483021584937,
                  -37.9936276943895,
                  0
                ],
                [
                  -71.0614699704122,
                  -37.96919565103934,
                  0
                ],
                [
                  -71.07640669258197,
                  -37.96291006889451,
                  0
                ],
                [
                  -71.08816267334876,
                  -37.96174141670944,
                  0
                ],
                [
                  -71.1108637926672,
                  -37.95015872797764,
                  0
                ],
                [
                  -71.10421027816464,
                  -37.9254292179988,
                  0
                ],
                [
                  -71.11120531974638,
                  -37.9214294777487,
                  0
                ],
                [
                  -71.0947214216654,
                  -37.89741998858515,
                  0
                ],
                [
                  -71.11244979584869,
                  -37.88780948968124,
                  0
                ],
                [
                  -71.13123733121839,
                  -37.86315917263319,
                  0
                ],
                [
                  -71.13896020000809,
                  -37.85790003132605,
                  0
                ],
                [
                  -71.15870766703425,
                  -37.85658744343861,
                  0
                ],
                [
                  -71.1688808938083,
                  -37.86058049783509,
                  0
                ],
                [
                  -71.17833952339356,
                  -37.8608973615343,
                  0
                ],
                [
                  -71.18244396287234,
                  -37.85747937628528,
                  0
                ],
                [
                  -71.18048338918749,
                  -37.85650362942847,
                  0
                ],
                [
                  -71.17474719626875,
                  -37.85804967347615,
                  0
                ],
                [
                  -71.17200952725558,
                  -37.85764215004131,
                  0
                ],
                [
                  -71.16904523935057,
                  -37.85693773906485,
                  0
                ],
                [
                  -71.16299270389571,
                  -37.85405382151508,
                  0
                ],
                [
                  -71.16063749551853,
                  -37.84861932459346,
                  0
                ],
                [
                  -71.15733531999969,
                  -37.84310806253318,
                  0
                ],
                [
                  -71.15265007320367,
                  -37.84058240458444,
                  0
                ],
                [
                  -71.1330653336654,
                  -37.83850885558515,
                  0
                ],
                [
                  -71.12514802612745,
                  -37.82870780808335,
                  0
                ],
                [
                  -71.12277291349288,
                  -37.81997460856273,
                  0
                ],
                [
                  -71.15065868791598,
                  -37.80766194313382,
                  0
                ],
                [
                  -71.15144024842184,
                  -37.80062176378846,
                  0
                ],
                [
                  -71.15641649065485,
                  -37.79514065518573,
                  0
                ],
                [
                  -71.15787411261994,
                  -37.78721400281577,
                  0
                ],
                [
                  -71.16613231406807,
                  -37.78609047335449,
                  0
                ],
                [
                  -71.1679659901484,
                  -37.78039392158034,
                  0
                ],
                [
                  -71.15523380222528,
                  -37.7723046011793,
                  0
                ],
                [
                  -71.15619416731148,
                  -37.76439374428254,
                  0
                ],
                [
                  -71.15461641437993,
                  -37.75647071983072,
                  0
                ],
                [
                  -71.16156917153239,
                  -37.75298456900146,
                  0
                ],
                [
                  -71.1651247133827,
                  -37.74329866336436,
                  0
                ],
                [
                  -71.17382803468519,
                  -37.74256654978377,
                  0
                ],
                [
                  -71.18237515793514,
                  -37.73390372744215,
                  0
                ],
                [
                  -71.1878725286885,
                  -37.72089496329055,
                  0
                ],
                [
                  -71.18597220156337,
                  -37.71209204624223,
                  0
                ],
                [
                  -71.1937905453727,
                  -37.70675820948663,
                  0
                ],
                [
                  -71.20896879021981,
                  -37.69750487227541,
                  0
                ],
                [
                  -71.20841792720736,
                  -37.68843462000265,
                  0
                ],
                [
                  -71.19966917182084,
                  -37.6769138626733,
                  0
                ],
                [
                  -71.19873161521993,
                  -37.64637709635259,
                  0
                ],
                [
                  -71.19117366451353,
                  -37.63143570510302,
                  0
                ],
                [
                  -71.1837082376654,
                  -37.62591201358514,
                  0
                ],
                [
                  -71.17012324473983,
                  -37.61353733552336,
                  0
                ],
                [
                  -71.15972057513727,
                  -37.61692754790911,
                  0
                ],
                [
                  -71.14369938959646,
                  -37.60860249544073,
                  0
                ],
                [
                  -71.12812039992177,
                  -37.58919469028469,
                  0
                ],
                [
                  -71.12467263755107,
                  -37.58446283030566,
                  0
                ],
                [
                  -71.12908386208194,
                  -37.55442382128805,
                  0
                ],
                [
                  -71.13417852474612,
                  -37.54338131388942,
                  0
                ],
                [
                  -71.143532396288,
                  -37.5403019835752,
                  0
                ],
                [
                  -71.1301457718206,
                  -37.53015395574671,
                  0
                ],
                [
                  -71.125276015762,
                  -37.51014196004986,
                  0
                ],
                [
                  -71.1129575325155,
                  -37.4933287959171,
                  0
                ],
                [
                  -71.11465054147406,
                  -37.46383086854166,
                  0
                ],
                [
                  -71.1228850766654,
                  -37.44328750158515,
                  0
                ],
                [
                  -71.15598998694732,
                  -37.39243669666085,
                  0
                ],
                [
                  -71.18363354885894,
                  -37.38880129443044,
                  0
                ],
                [
                  -71.19389918762482,
                  -37.37512355201748,
                  0
                ],
                [
                  -71.18585727648605,
                  -37.36474401684858,
                  0
                ],
                [
                  -71.18732132685001,
                  -37.3464380773608,
                  0
                ],
                [
                  -71.201507910522,
                  -37.33400255545043,
                  0
                ],
                [
                  -71.21279871032553,
                  -37.29441271281129,
                  0
                ],
                [
                  -71.20800241566899,
                  -37.2774408767515,
                  0
                ],
                [
                  -71.18383959751507,
                  -37.27692926986519,
                  0
                ],
                [
                  -71.17453992700669,
                  -37.25760851996261,
                  0
                ],
                [
                  -71.16108970555702,
                  -37.25104235248737,
                  0
                ],
                [
                  -71.14543877733472,
                  -37.22658731677642,
                  0
                ],
                [
                  -71.1043788421813,
                  -37.21224385292395,
                  0
                ],
                [
                  -71.12806837752586,
                  -37.14889406564545,
                  0
                ],
                [
                  -71.08616085366634,
                  -37.12155335681877,
                  0
                ],
                [
                  -71.08893366066539,
                  -37.10346328358515,
                  0
                ],
                [
                  -71.1393698586654,
                  -37.06170872558515,
                  0
                ],
                [
                  -71.13312300534187,
                  -37.05193219693867,
                  0
                ],
                [
                  -71.14163501770199,
                  -37.01866430508822,
                  0
                ],
                [
                  -71.16453022049551,
                  -37.00247169544848,
                  0
                ],
                [
                  -71.16912187753239,
                  -36.99404252154666,
                  0
                ],
                [
                  -71.19085462107098,
                  -36.99223414994078,
                  0
                ],
                [
                  -71.20292078986563,
                  -36.98475677096765,
                  0
                ],
                [
                  -71.21744851413025,
                  -36.98111240422126,
                  0
                ],
                [
                  -71.21522635744546,
                  -36.97603103954648,
                  0
                ],
                [
                  -71.20000444129953,
                  -36.97782588381043,
                  0
                ],
                [
                  -71.19329027049325,
                  -36.97379561841576,
                  0
                ],
                [
                  -71.18150074972864,
                  -36.97226024465339,
                  0
                ],
                [
                  -71.16915041685154,
                  -36.97982697155575,
                  0
                ],
                [
                  -71.14635467870185,
                  -36.98491328971192,
                  0
                ],
                [
                  -71.1230647705911,
                  -36.98077014277757,
                  0
                ],
                [
                  -71.09565323075053,
                  -36.96770433512367,
                  0
                ],
                [
                  -71.07799080968294,
                  -36.91951170532356,
                  0
                ],
                [
                  -71.13043893615934,
                  -36.92416405226311,
                  0
                ],
                [
                  -71.1416895808329,
                  -36.91527697133169,
                  0
                ],
                [
                  -71.14380028395591,
                  -36.90285592393771,
                  0
                ],
                [
                  -71.13197334829657,
                  -36.88788568829357,
                  0
                ],
                [
                  -71.11636039802478,
                  -36.86868757248674,
                  0
                ],
                [
                  -71.1260914616342,
                  -36.8533742628009,
                  0
                ],
                [
                  -71.14313847477825,
                  -36.85259790453179,
                  0
                ],
                [
                  -71.16199717128052,
                  -36.85745931098875,
                  0
                ],
                [
                  -71.1727562782941,
                  -36.84209640294352,
                  0
                ],
                [
                  -71.15939578961041,
                  -36.8277100719956,
                  0
                ],
                [
                  -71.14752042481948,
                  -36.82884406122552,
                  0
                ],
                [
                  -71.12870982565939,
                  -36.81877134245657,
                  0
                ],
                [
                  -71.10631000188246,
                  -36.72057519005525,
                  0
                ],
                [
                  -71.11261149951363,
                  -36.69876372085261,
                  0
                ],
                [
                  -71.10720125441901,
                  -36.6809490161678,
                  0
                ],
                [
                  -71.08646186047459,
                  -36.68234153491605,
                  0
                ],
                [
                  -71.08009435670321,
                  -36.7064587467431,
                  0
                ],
                [
                  -71.06701060234099,
                  -36.71901876713699,
                  0
                ],
                [
                  -71.01440681568357,
                  -36.70742284914267,
                  0
                ],
                [
                  -70.99851665203055,
                  -36.67702128699728,
                  0
                ],
                [
                  -71.0364837141225,
                  -36.63218242911445,
                  0
                ],
                [
                  -71.04059187737322,
                  -36.59381110368776,
                  0
                ],
                [
                  -71.04696303638684,
                  -36.57212337680534,
                  0
                ],
                [
                  -71.0369047696077,
                  -36.55683920311349,
                  0
                ],
                [
                  -71.04381847501476,
                  -36.52069486069644,
                  0
                ],
                [
                  -71.03262141661067,
                  -36.51041016936419,
                  0
                ],
                [
                  -71.03247026774362,
                  -36.4749456955115,
                  0
                ],
                [
                  -71.0230750281981,
                  -36.47341533685994,
                  0
                ],
                [
                  -71.01260000774552,
                  -36.48874216130159,
                  0
                ],
                [
                  -70.97532627293974,
                  -36.50337335184913,
                  0
                ],
                [
                  -70.9549091232189,
                  -36.5085761502917,
                  0
                ],
                [
                  -70.92844275474383,
                  -36.48793143368893,
                  0
                ],
                [
                  -70.90753807184318,
                  -36.47694507898292,
                  0
                ],
                [
                  -70.8836047046954,
                  -36.47540149376213,
                  0
                ],
                [
                  -70.88665744000605,
                  -36.40015622405243,
                  0
                ],
                [
                  -70.8696742098837,
                  -36.41430384983909,
                  0
                ],
                [
                  -70.84518847779597,
                  -36.42211618944341,
                  0
                ],
                [
                  -70.82534707303783,
                  -36.41068590856879,
                  0
                ],
                [
                  -70.81577043690692,
                  -36.40421242506913,
                  0
                ],
                [
                  -70.8026361621943,
                  -36.42073482781109,
                  0
                ],
                [
                  -70.8070128846654,
                  -36.43342666158514,
                  0
                ],
                [
                  -70.77180717572016,
                  -36.43383430255605,
                  0
                ],
                [
                  -70.76258306915686,
                  -36.42472625581794,
                  0
                ],
                [
                  -70.75453268138801,
                  -36.41261699844722,
                  0
                ],
                [
                  -70.7444051147061,
                  -36.41073654052138,
                  0
                ],
                [
                  -70.74049299844695,
                  -36.41471949717649,
                  0
                ],
                [
                  -70.74611369789164,
                  -36.42325511343871,
                  0
                ],
                [
                  -70.73989268740903,
                  -36.42984043723941,
                  0
                ],
                [
                  -70.71262693745234,
                  -36.43128633945729,
                  0
                ],
                [
                  -70.69986227948604,
                  -36.41571365094465,
                  0
                ],
                [
                  -70.68768657663564,
                  -36.41309591908053,
                  0
                ],
                [
                  -70.6792537880788,
                  -36.39298783414903,
                  0
                ],
                [
                  -70.67831453978361,
                  -36.36721675404498,
                  0
                ],
                [
                  -70.6941429778304,
                  -36.35474710808415,
                  0
                ],
                [
                  -70.70830682861677,
                  -36.3440974350962,
                  0
                ],
                [
                  -70.70199921724736,
                  -36.33643351620898,
                  0
                ],
                [
                  -70.68291642327578,
                  -36.30318203073024,
                  0
                ],
                [
                  -70.67933933814837,
                  -36.28283565855619,
                  0
                ],
                [
                  -70.70026475009995,
                  -36.27393519034602,
                  0
                ],
                [
                  -70.67718108984316,
                  -36.25796473254095,
                  0
                ],
                [
                  -70.6614403746654,
                  -36.24460097758514,
                  0
                ],
                [
                  -70.64036932230184,
                  -36.24494924909179,
                  0
                ],
                [
                  -70.61920094615799,
                  -36.23304345209353,
                  0
                ],
                [
                  -70.6202254035399,
                  -36.22217904278327,
                  0
                ],
                [
                  -70.62380648112598,
                  -36.21524889227285,
                  0
                ],
                [
                  -70.60433429524885,
                  -36.20518487451628,
                  0
                ],
                [
                  -70.56493744463445,
                  -36.17561573836123,
                  0
                ],
                [
                  -70.5696022933201,
                  -36.15792997814117,
                  0
                ],
                [
                  -70.57664053811929,
                  -36.14776609152927,
                  0
                ],
                [
                  -70.56925108839613,
                  -36.13720486020681,
                  0
                ],
                [
                  -70.54511672466539,
                  -36.14279840658514,
                  0
                ],
                [
                  -70.52958915833005,
                  -36.14639783334152,
                  0
                ],
                [
                  -70.52045176100927,
                  -36.15353662921457,
                  0
                ],
                [
                  -70.51066761293707,
                  -36.16079770559061,
                  0
                ],
                [
                  -70.51011892221425,
                  -36.16706497501406,
                  0
                ],
                [
                  -70.49296128035974,
                  -36.18265573867976,
                  0
                ],
                [
                  -70.44896277474145,
                  -36.17583840459156,
                  0
                ],
                [
                  -70.41905216016966,
                  -36.15405478662917,
                  0
                ],
                [
                  -70.41305669708223,
                  -36.11199765682168,
                  0
                ],
                [
                  -70.41727256807275,
                  -36.08954929734121,
                  0
                ],
                [
                  -70.406136782049,
                  -36.05630632739928,
                  0
                ],
                [
                  -70.39083448655674,
                  -36.05489569759888,
                  0
                ],
                [
                  -70.37615375263255,
                  -36.04697779499507,
                  0
                ],
                [
                  -70.36583336424094,
                  -36.04084552245921,
                  0
                ],
                [
                  -70.370047123303,
                  -35.99469480952474,
                  0
                ],
                [
                  -70.39037368548861,
                  -35.97660343130809,
                  0
                ],
                [
                  -70.41930567583807,
                  -35.9711885656228,
                  0
                ],
                [
                  -70.40837531553088,
                  -35.95926945294001,
                  0
                ],
                [
                  -70.38809156186214,
                  -35.95139810633221,
                  0
                ],
                [
                  -70.35971233802314,
                  -35.92193913132403,
                  0
                ],
                [
                  -70.41192559915844,
                  -35.91940618590026,
                  0
                ],
                [
                  -70.41975737474283,
                  -35.90689924734578,
                  0
                ],
                [
                  -70.41430063064894,
                  -35.87658040478208,
                  0
                ],
                [
                  -70.38965381065667,
                  -35.87253611361584,
                  0
                ],
                [
                  -70.37600724392982,
                  -35.86801048659898,
                  0
                ],
                [
                  -70.36561302724068,
                  -35.84562318430077,
                  0
                ],
                [
                  -70.35351073494684,
                  -35.8468892231056,
                  0
                ],
                [
                  -70.32701177361507,
                  -35.82955939159865,
                  0
                ],
                [
                  -70.30693784025578,
                  -35.8161024540879,
                  0
                ],
                [
                  -70.30921924960698,
                  -35.80900664075673,
                  0
                ],
                [
                  -70.32472215744086,
                  -35.80457613701081,
                  0
                ],
                [
                  -70.3306223812887,
                  -35.79304981993371,
                  0
                ],
                [
                  -70.35302802388188,
                  -35.79782997873223,
                  0
                ],
                [
                  -70.37214941440953,
                  -35.78669919626095,
                  0
                ],
                [
                  -70.36988421403375,
                  -35.76269900662784,
                  0
                ],
                [
                  -70.3550127212565,
                  -35.75407653453208,
                  0
                ],
                [
                  -70.37117577396413,
                  -35.69912022441483,
                  0
                ],
                [
                  -70.39927280979988,
                  -35.67311986069441,
                  0
                ],
                [
                  -70.3942346466509,
                  -35.66349849707316,
                  0
                ],
                [
                  -70.41275152256615,
                  -35.63780380067525,
                  0
                ],
                [
                  -70.39218620222252,
                  -35.62311902623654,
                  0
                ],
                [
                  -70.38136379085157,
                  -35.60455509736792,
                  0
                ],
                [
                  -70.40502060907731,
                  -35.55420712234238,
                  0
                ],
                [
                  -70.40413785689164,
                  -35.53304703748984,
                  0
                ],
                [
                  -70.38725562063976,
                  -35.51895969792625,
                  0
                ],
                [
                  -70.36553478835151,
                  -35.52203781961641,
                  0
                ],
                [
                  -70.36843188601398,
                  -35.51797395479893,
                  0
                ],
                [
                  -70.38280777380416,
                  -35.50986935196741,
                  0
                ],
                [
                  -70.39183125731756,
                  -35.48618316899469,
                  0
                ],
                [
                  -70.3954871523485,
                  -35.48340354331544,
                  0
                ],
                [
                  -70.41236063816025,
                  -35.4868106803835,
                  0
                ],
                [
                  -70.44527785866539,
                  -35.46118626458514,
                  0
                ],
                [
                  -70.42974292972958,
                  -35.44480675383238,
                  0
                ],
                [
                  -70.43465446825817,
                  -35.40567029004038,
                  0
                ],
                [
                  -70.44560303008629,
                  -35.39196886165129,
                  0
                ],
                [
                  -70.41844490833878,
                  -35.37361947871825,
                  0
                ],
                [
                  -70.41239826272184,
                  -35.35269074209753,
                  0
                ],
                [
                  -70.42930853573255,
                  -35.31880247035424,
                  0
                ],
                [
                  -70.46074690448549,
                  -35.31069522753853,
                  0
                ],
                [
                  -70.4750951596654,
                  -35.31411513858514,
                  0
                ],
                [
                  -70.49453713172291,
                  -35.31920280381843,
                  0
                ],
                [
                  -70.51256704463223,
                  -35.31033265880148,
                  0
                ],
                [
                  -70.52640462786108,
                  -35.30711744912076,
                  0
                ],
                [
                  -70.5602320826654,
                  -35.29840550358514,
                  0
                ],
                [
                  -70.56752418523213,
                  -35.29435879763,
                  0
                ],
                [
                  -70.57706960799679,
                  -35.27055649345186,
                  0
                ],
                [
                  -70.57284077580162,
                  -35.25879075853081,
                  0
                ],
                [
                  -70.56127489948024,
                  -35.24539973218598,
                  0
                ],
                [
                  -70.55384124176024,
                  -35.22437732889809,
                  0
                ],
                [
                  -70.54271377166539,
                  -35.20931533358515,
                  0
                ],
                [
                  -70.4774508987047,
                  -35.20963209455436,
                  0
                ],
                [
                  -70.43854926727747,
                  -35.20300277884051,
                  0
                ],
                [
                  -70.37542360360766,
                  -35.1755971344721,
                  0
                ],
                [
                  -70.35412818070328,
                  -35.14075947276692,
                  0
                ],
                [
                  -70.35551720989936,
                  -35.09374351753103,
                  0
                ],
                [
                  -70.366362616758,
                  -35.04684893011814,
                  0
                ],
                [
                  -70.35599703247354,
                  -35.01811978227536,
                  0
                ],
                [
                  -70.32250949229997,
                  -34.9828904593553,
                  0
                ],
                [
                  -70.30657293266007,
                  -34.92469944946699,
                  0
                ],
                [
                  -70.27094034220318,
                  -34.87141921792281,
                  0
                ],
                [
                  -70.23726404301152,
                  -34.79138059510792,
                  0
                ],
                [
                  -70.30359745021163,
                  -34.77021658763118,
                  0
                ],
                [
                  -70.29265431290604,
                  -34.74639925094576,
                  0
                ],
                [
                  -70.25440682161464,
                  -34.73661987389011,
                  0
                ],
                [
                  -70.23368193491109,
                  -34.69875626367186,
                  0
                ],
                [
                  -70.20467679152205,
                  -34.67059469292874,
                  0
                ],
                [
                  -70.20366246689046,
                  -34.61840486127829,
                  0
                ],
                [
                  -70.17973523845302,
                  -34.58456163458862,
                  0
                ],
                [
                  -70.15249180435646,
                  -34.55522398313723,
                  0
                ],
                [
                  -70.11076406996884,
                  -34.48513623500387,
                  0
                ],
                [
                  -70.09616883259696,
                  -34.48996495454266,
                  0
                ],
                [
                  -70.05714546666414,
                  -34.45456931113134,
                  0
                ],
                [
                  -70.00316455756143,
                  -34.41112932594684,
                  0
                ],
                [
                  -70.00880037559546,
                  -34.35488542851584,
                  0
                ],
                [
                  -70.01880307133645,
                  -34.28376001061574,
                  0
                ],
                [
                  -69.98905247666539,
                  -34.26911432458515,
                  0
                ],
                [
                  -69.96901126425533,
                  -34.25449112300468,
                  0
                ],
                [
                  -69.94556064499226,
                  -34.27907043218654,
                  0
                ],
                [
                  -69.91396401781093,
                  -34.29641676258123,
                  0
                ],
                [
                  -69.89889445397466,
                  -34.28828667749488,
                  0
                ],
                [
                  -69.89118491706503,
                  -34.26863048292878,
                  0
                ],
                [
                  -69.87004826573536,
                  -34.2705957411325,
                  0
                ],
                [
                  -69.84749314846496,
                  -34.25807432072877,
                  0
                ],
                [
                  -69.82619714511938,
                  -34.26315631999711,
                  0
                ],
                [
                  -69.80044692469218,
                  -34.24447381155063,
                  0
                ],
                [
                  -69.79285778427796,
                  -34.20517882469614,
                  0
                ],
                [
                  -69.82321246479262,
                  -34.16225096741002,
                  0
                ],
                [
                  -69.86868896337539,
                  -34.13087213062143,
                  0
                ],
                [
                  -69.85278549891358,
                  -34.11344700879204,
                  0
                ],
                [
                  -69.85011849392137,
                  -34.10252254602202,
                  0
                ],
                [
                  -69.82580988624814,
                  -34.08628104214525,
                  0
                ],
                [
                  -69.8277567542488,
                  -34.0705640058993,
                  0
                ],
                [
                  -69.83744911795567,
                  -34.06399210533432,
                  0
                ],
                [
                  -69.8466036160823,
                  -34.05494907902744,
                  0
                ],
                [
                  -69.84190590723274,
                  -34.04201807915401,
                  0
                ],
                [
                  -69.815115901491,
                  -34.00981112375332,
                  0
                ],
                [
                  -69.83615273711895,
                  -34.00212613646332,
                  0
                ],
                [
                  -69.84141462279122,
                  -33.97929132184723,
                  0
                ],
                [
                  -69.85017172061194,
                  -33.95971610953855,
                  0
                ],
                [
                  -69.87389848301208,
                  -33.95968354268582,
                  0
                ],
                [
                  -69.88145984360133,
                  -33.96634287430557,
                  0
                ],
                [
                  -69.88281341179636,
                  -33.97285472281972,
                  0
                ],
                [
                  -69.89272963665653,
                  -33.97029288573314,
                  0
                ],
                [
                  -69.90014194733732,
                  -33.9629117462226,
                  0
                ],
                [
                  -69.88505482436045,
                  -33.92202967445717,
                  0
                ],
                [
                  -69.85340410432599,
                  -33.89489395884551,
                  0
                ],
                [
                  -69.85605740153886,
                  -33.88162128490103,
                  0
                ],
                [
                  -69.87166003465165,
                  -33.855607646286,
                  0
                ],
                [
                  -69.89458270222869,
                  -33.84448047099458,
                  0
                ],
                [
                  -69.88968695764352,
                  -33.79104554176078,
                  0
                ],
                [
                  -69.89539104701912,
                  -33.76647539262219,
                  0
                ],
                [
                  -69.8598613946654,
                  -33.72640843258515,
                  0
                ],
                [
                  -69.87598762924476,
                  -33.66545626666836,
                  0
                ],
                [
                  -69.86891613758212,
                  -33.65219093692766,
                  0
                ],
                [
                  -69.87193150419203,
                  -33.64255131533152,
                  0
                ],
                [
                  -69.87527400913616,
                  -33.61658954233776,
                  0
                ],
                [
                  -69.86655186116556,
                  -33.59803387993452,
                  0
                ],
                [
                  -69.86242735279015,
                  -33.58920573697505,
                  0
                ],
                [
                  -69.86714238695585,
                  -33.56132312260569,
                  0
                ],
                [
                  -69.86909958275118,
                  -33.5401945321634,
                  0
                ],
                [
                  -69.84725263046938,
                  -33.52432234917615,
                  0
                ],
                [
                  -69.83315079830311,
                  -33.51278468542657,
                  0
                ],
                [
                  -69.82751619786157,
                  -33.47888104452845,
                  0
                ],
                [
                  -69.81412886058648,
                  -33.4687016378646,
                  0
                ],
                [
                  -69.81996748119296,
                  -33.45900659571473,
                  0
                ],
                [
                  -69.81756693788385,
                  -33.45149356347497,
                  0
                ],
                [
                  -69.81227799455003,
                  -33.44046125975724,
                  0
                ],
                [
                  -69.81789826015371,
                  -33.43090596383076,
                  0
                ],
                [
                  -69.80733923240155,
                  -33.42598293321399,
                  0
                ],
                [
                  -69.79691608182421,
                  -33.4256197519175,
                  0
                ],
                [
                  -69.79410427640383,
                  -33.422226682215,
                  0
                ],
                [
                  -69.79801944061391,
                  -33.40352627476032,
                  0
                ],
                [
                  -69.80970184684655,
                  -33.39326728221858,
                  0
                ],
                [
                  -69.79544343434003,
                  -33.3976152689736,
                  0
                ],
                [
                  -69.77665893501364,
                  -33.38498381506817,
                  0
                ],
                [
                  -69.77158319611992,
                  -33.37556644418237,
                  0
                ],
                [
                  -69.76691644079244,
                  -33.34484674114778,
                  0
                ],
                [
                  -69.77563058277967,
                  -33.32625678074753,
                  0
                ],
                [
                  -69.79928476712077,
                  -33.28572696625976,
                  0
                ],
                [
                  -69.81354781267198,
                  -33.28553944789805,
                  0
                ],
                [
                  -69.82521796543504,
                  -33.27711979100997,
                  0
                ],
                [
                  -69.84119436275637,
                  -33.26879390235396,
                  0
                ],
                [
                  -69.86233489045824,
                  -33.27812156358985,
                  0
                ],
                [
                  -69.87457690740074,
                  -33.27382919514094,
                  0
                ],
                [
                  -69.88770038550227,
                  -33.27537397252107,
                  0
                ],
                [
                  -69.90557727719008,
                  -33.26813689151693,
                  0
                ],
                [
                  -69.91601185914273,
                  -33.24146513120384,
                  0
                ],
                [
                  -69.92222418911989,
                  -33.2437068485428,
                  0
                ],
                [
                  -69.91998046485446,
                  -33.26495930348091,
                  0
                ],
                [
                  -69.9361513494304,
                  -33.27485216834486,
                  0
                ],
                [
                  -69.95948402331368,
                  -33.28325858767816,
                  0
                ],
                [
                  -69.97793701992471,
                  -33.30634144169674,
                  0
                ],
                [
                  -70.00158701313386,
                  -33.31656628592238,
                  0
                ],
                [
                  -70.00982640166539,
                  -33.29914769058514,
                  0
                ],
                [
                  -69.99977246384867,
                  -33.28468988943618,
                  0
                ],
                [
                  -70.03524076521796,
                  -33.26486380914881,
                  0
                ],
                [
                  -70.02507789233687,
                  -33.22838787476047,
                  0
                ],
                [
                  -70.0516067966654,
                  -33.22535374458515,
                  0
                ],
                [
                  -70.05755282636876,
                  -33.20858588035262,
                  0
                ],
                [
                  -70.05550230369586,
                  -33.16198389554096,
                  0
                ],
                [
                  -70.0462873403404,
                  -33.13740721194983,
                  0
                ],
                [
                  -70.07409098846335,
                  -33.11796399299581,
                  0
                ],
                [
                  -70.06536291519355,
                  -33.10459287773725,
                  0
                ],
                [
                  -70.07000960556454,
                  -33.06202836866174,
                  0
                ],
                [
                  -70.0893449330964,
                  -33.05067761884158,
                  0
                ],
                [
                  -70.07869045888202,
                  -33.04196121921007,
                  0
                ],
                [
                  -70.07713480894968,
                  -33.03213004949489,
                  0
                ],
                [
                  -70.05121516031001,
                  -33.03254276047188,
                  0
                ],
                [
                  -70.02730477510066,
                  -33.02026192007487,
                  0
                ],
                [
                  -70.0178715099622,
                  -33.00528875468181,
                  0
                ],
                [
                  -70.0167400827914,
                  -32.97827099578476,
                  0
                ],
                [
                  -70.01788834173144,
                  -32.9680267752336,
                  0
                ],
                [
                  -69.99677801921848,
                  -32.94848534364564,
                  0
                ],
                [
                  -69.9963017711372,
                  -32.92090319408877,
                  0
                ],
                [
                  -69.98459325580517,
                  -32.89972885093153,
                  0
                ],
                [
                  -69.99712706999105,
                  -32.8805760152943,
                  0
                ],
                [
                  -70.03912056542067,
                  -32.86853852136112,
                  0
                ],
                [
                  -70.05400398332432,
                  -32.85942572873951,
                  0
                ],
                [
                  -70.05016885902288,
                  -32.83282201564873,
                  0
                ],
                [
                  -70.07862631040919,
                  -32.82102342917814,
                  0
                ],
                [
                  -70.08904152053121,
                  -32.79968120759654,
                  0
                ],
                [
                  -70.10429477146312,
                  -32.79907727255307,
                  0
                ],
                [
                  -70.10792488069843,
                  -32.77408838706057,
                  0
                ],
                [
                  -70.1185307381175,
                  -32.7585697193642,
                  0
                ],
                [
                  -70.13903918904175,
                  -32.72857134136044,
                  0
                ],
                [
                  -70.14356578564067,
                  -32.6482076677878,
                  0
                ],
                [
                  -70.1662436483175,
                  -32.62192992616074,
                  0
                ],
                [
                  -70.15253138252812,
                  -32.58870281142079,
                  0
                ],
                [
                  -70.12354210497162,
                  -32.5767229135905,
                  0
                ],
                [
                  -70.11779131816274,
                  -32.54039616278114,
                  0
                ],
                [
                  -70.13492877268061,
                  -32.49929743336843,
                  0
                ],
                [
                  -70.13209246705375,
                  -32.4871125861369,
                  0
                ],
                [
                  -70.1447680816182,
                  -32.46013196594681,
                  0
                ],
                [
                  -70.1791503243192,
                  -32.44861269140993,
                  0
                ],
                [
                  -70.19796076482892,
                  -32.43984027407407,
                  0
                ],
                [
                  -70.21697038846726,
                  -32.42600750184752,
                  0
                ],
                [
                  -70.23425253778966,
                  -32.42843851426712,
                  0
                ],
                [
                  -70.22938536293634,
                  -32.39431441482284,
                  0
                ],
                [
                  -70.221633133851,
                  -32.39033007986349,
                  0
                ],
                [
                  -70.2129282324565,
                  -32.3830216155713,
                  0
                ],
                [
                  -70.22129786347229,
                  -32.36721275318456,
                  0
                ],
                [
                  -70.21567864812829,
                  -32.34288880702609,
                  0
                ],
                [
                  -70.21447964085259,
                  -32.32851337426663,
                  0
                ],
                [
                  -70.22984126505891,
                  -32.31395626759664,
                  0
                ],
                [
                  -70.24639203945317,
                  -32.30310275156194,
                  0
                ],
                [
                  -70.2610387303744,
                  -32.28785262632654,
                  0
                ],
                [
                  -70.2762613976384,
                  -32.2910447885824,
                  0
                ],
                [
                  -70.28572472037082,
                  -32.28594800409871,
                  0
                ],
                [
                  -70.29268247745078,
                  -32.27745200006329,
                  0
                ],
                [
                  -70.31576158335433,
                  -32.26946122148167,
                  0
                ],
                [
                  -70.31854149758652,
                  -32.26063693346197,
                  0
                ],
                [
                  -70.30423436649447,
                  -32.23674686494093,
                  0
                ],
                [
                  -70.29707362275956,
                  -32.20640472537433,
                  0
                ],
                [
                  -70.30643758682696,
                  -32.17363473597394,
                  0
                ],
                [
                  -70.3113254693227,
                  -32.15612525082065,
                  0
                ],
                [
                  -70.29710143436708,
                  -32.13687581304607,
                  0
                ],
                [
                  -70.33149151131799,
                  -32.10834160856841,
                  0
                ],
                [
                  -70.34363121868327,
                  -32.0892823091878,
                  0
                ],
                [
                  -70.33036790011674,
                  -32.07026483376884,
                  0
                ],
                [
                  -70.3729267794324,
                  -32.04870234176485,
                  0
                ],
                [
                  -70.38514767959772,
                  -32.04423295844143,
                  0
                ],
                [
                  -70.37313755866539,
                  -32.03043960158514,
                  0
                ],
                [
                  -70.35587782527182,
                  -32.03000726467452,
                  0
                ],
                [
                  -70.34096551994813,
                  -32.04586141807293,
                  0
                ],
                [
                  -70.3220228704825,
                  -32.05396421134218,
                  0
                ],
                [
                  -70.3098597676654,
                  -32.04775120658515,
                  0
                ],
                [
                  -70.29085633395519,
                  -32.05213949084038,
                  0
                ],
                [
                  -70.26531199823178,
                  -32.04193545771971,
                  0
                ],
                [
                  -70.245085022079,
                  -32.02479649747849,
                  0
                ],
                [
                  -70.24182255293668,
                  -31.99676507439625,
                  0
                ],
                [
                  -70.20517700634531,
                  -31.98615236427086,
                  0
                ],
                [
                  -70.1984993544638,
                  -31.96198866923323,
                  0
                ],
                [
                  -70.21848371947931,
                  -31.94019177699732,
                  0
                ],
                [
                  -70.23175154515123,
                  -31.91654881925588,
                  0
                ],
                [
                  -70.25730543955217,
                  -31.90223993371696,
                  0
                ],
                [
                  -70.27461800534093,
                  -31.87862449335112,
                  0
                ],
                [
                  -70.31314122166539,
                  -31.88212824058515,
                  0
                ],
                [
                  -70.38701201867406,
                  -31.87206582035176,
                  0
                ],
                [
                  -70.41962719998021,
                  -31.85394701136185,
                  0
                ],
                [
                  -70.45908713144722,
                  -31.8380730550741,
                  0
                ],
                [
                  -70.44093125459173,
                  -31.79768895058515,
                  0
                ],
                [
                  -70.4529227674552,
                  -31.71277772578476,
                  0
                ],
                [
                  -70.47210485385943,
                  -31.68739363059481,
                  0
                ],
                [
                  -70.50666822088553,
                  -31.68112577541905,
                  0
                ],
                [
                  -70.49609517141783,
                  -31.6485161788568,
                  0
                ],
                [
                  -70.52685036976328,
                  -31.6192669973879,
                  0
                ],
                [
                  -70.55750794866283,
                  -31.59924001401458,
                  0
                ],
                [
                  -70.55146529398206,
                  -31.55143554929464,
                  0
                ],
                [
                  -70.54669284859955,
                  -31.50099089566689,
                  0
                ],
                [
                  -70.53921622573765,
                  -31.44316383324395,
                  0
                ],
                [
                  -70.52694597655143,
                  -31.41766016762101,
                  0
                ],
                [
                  -70.5269918193934,
                  -31.36559071864775,
                  0
                ],
                [
                  -70.53567268131206,
                  -31.31966841292323,
                  0
                ],
                [
                  -70.53405909820611,
                  -31.3016333527812,
                  0
                ],
                [
                  -70.5231162577725,
                  -31.27518788302271,
                  0
                ],
                [
                  -70.51022820408652,
                  -31.23437104622191,
                  0
                ],
                [
                  -70.51322590393684,
                  -31.18022528241084,
                  0
                ],
                [
                  -70.50804316367324,
                  -31.16447144992979,
                  0
                ],
                [
                  -70.49605460635276,
                  -31.14289225544625,
                  0
                ],
                [
                  -70.4877832233817,
                  -31.12213489872796,
                  0
                ],
                [
                  -70.46600521355026,
                  -31.11199043447031,
                  0
                ],
                [
                  -70.4554890492253,
                  -31.09040529251314,
                  0
                ],
                [
                  -70.4376435434535,
                  -31.09750953542675,
                  0
                ],
                [
                  -70.43126989769627,
                  -31.11978591405392,
                  0
                ],
                [
                  -70.41538145984767,
                  -31.14282200552271,
                  0
                ],
                [
                  -70.41501604749294,
                  -31.16111199831044,
                  0
                ],
                [
                  -70.4049687928603,
                  -31.16810776084261,
                  0
                ],
                [
                  -70.38392752605768,
                  -31.1589776595826,
                  0
                ],
                [
                  -70.35755072412323,
                  -31.13892120744635,
                  0
                ],
                [
                  -70.36238480304903,
                  -31.10955619498591,
                  0
                ],
                [
                  -70.34713417085351,
                  -31.08991564746433,
                  0
                ],
                [
                  -70.3250777216002,
                  -31.06355320809266,
                  0
                ],
                [
                  -70.31970562788241,
                  -31.05118516885357,
                  0
                ],
                [
                  -70.31808086384397,
                  -31.04792570308007,
                  0
                ],
                [
                  -70.29551512424453,
                  -31.04959999374298,
                  0
                ],
                [
                  -70.26608937671733,
                  -31.04936051423307,
                  0
                ],
                [
                  -70.26734361231726,
                  -31.03114301829685,
                  0
                ],
                [
                  -70.27435661619691,
                  -31.01830754186987,
                  0
                ],
                [
                  -70.29047672151141,
                  -31.01506869462091,
                  0
                ],
                [
                  -70.29549366391106,
                  -30.99692644546843,
                  0
                ],
                [
                  -70.2919159145957,
                  -30.95974575866012,
                  0
                ],
                [
                  -70.31093663541627,
                  -30.95091853518499,
                  0
                ],
                [
                  -70.31128432104657,
                  -30.93506327633502,
                  0
                ],
                [
                  -70.3152491364098,
                  -30.92486035737092,
                  0
                ],
                [
                  -70.2799496225956,
                  -30.84323875249399,
                  0
                ],
                [
                  -70.2753146679863,
                  -30.80579682667125,
                  0
                ],
                [
                  -70.28602342726805,
                  -30.79685006669404,
                  0
                ],
                [
                  -70.28312055243418,
                  -30.78565431839301,
                  0
                ],
                [
                  -70.27207955887717,
                  -30.78395044318249,
                  0
                ],
                [
                  -70.26151510832167,
                  -30.74276074368045,
                  0
                ],
                [
                  -70.24143325598878,
                  -30.73145990777853,
                  0
                ],
                [
                  -70.25410248995762,
                  -30.70986314550693,
                  0
                ],
                [
                  -70.25101366793959,
                  -30.68195783902048,
                  0
                ],
                [
                  -70.24059550447515,
                  -30.67656315338377,
                  0
                ],
                [
                  -70.23766365540547,
                  -30.6653356104011,
                  0
                ],
                [
                  -70.24645864015879,
                  -30.65188919352464,
                  0
                ],
                [
                  -70.23540176115814,
                  -30.62455272218907,
                  0
                ],
                [
                  -70.2248684065461,
                  -30.60712842701344,
                  0
                ],
                [
                  -70.20275464854487,
                  -30.56957960928973,
                  0
                ],
                [
                  -70.1844387693328,
                  -30.54988245084218,
                  0
                ],
                [
                  -70.17240518278906,
                  -30.51170725121236,
                  0
                ],
                [
                  -70.18707881449045,
                  -30.48947216870924,
                  0
                ],
                [
                  -70.12531510802769,
                  -30.45686575754906,
                  0
                ],
                [
                  -70.11320547456555,
                  -30.42880362342907,
                  0
                ],
                [
                  -70.12408998089222,
                  -30.40430069579284,
                  0
                ],
                [
                  -70.12932804619976,
                  -30.3983022012986,
                  0
                ],
                [
                  -70.13886340339702,
                  -30.3830021181081,
                  0
                ],
                [
                  -70.1435859699606,
                  -30.37050256349849,
                  0
                ],
                [
                  -70.15310801139094,
                  -30.36263084281472,
                  0
                ],
                [
                  -70.15182490658265,
                  -30.34834934658233,
                  0
                ],
                [
                  -70.14837641111718,
                  -30.34400974115792,
                  0
                ],
                [
                  -70.13307038951146,
                  -30.34381223263948,
                  0
                ],
                [
                  -70.10866943142008,
                  -30.35559850767807,
                  0
                ],
                [
                  -70.10278046698397,
                  -30.36845021479722,
                  0
                ],
                [
                  -70.0830975206859,
                  -30.37856308651286,
                  0
                ],
                [
                  -70.06010630704439,
                  -30.39635346591603,
                  0
                ],
                [
                  -70.05195503459076,
                  -30.39053206502377,
                  0
                ],
                [
                  -70.03057069276731,
                  -30.39350151246337,
                  0
                ],
                [
                  -70.02081751761206,
                  -30.39978198572298,
                  0
                ],
                [
                  -70.00090074862233,
                  -30.38925975380776,
                  0
                ],
                [
                  -69.98929941573859,
                  -30.3799040200335,
                  0
                ],
                [
                  -69.96809913312228,
                  -30.38710905853133,
                  0
                ],
                [
                  -69.953674579729,
                  -30.38652065845556,
                  0
                ],
                [
                  -69.94316459027509,
                  -30.37782906108747,
                  0
                ],
                [
                  -69.93321924492315,
                  -30.36036752938571,
                  0
                ],
                [
                  -69.9172810629327,
                  -30.35126423251091,
                  0
                ],
                [
                  -69.90586003375759,
                  -30.35604699493139,
                  0
                ],
                [
                  -69.89500364868435,
                  -30.35449565580549,
                  0
                ],
                [
                  -69.89110319552664,
                  -30.34926496697824,
                  0
                ],
                [
                  -69.90134954743725,
                  -30.34045314977518,
                  0
                ],
                [
                  -69.9017146275643,
                  -30.32920481636619,
                  0
                ],
                [
                  -69.9026236426654,
                  -30.31271499158515,
                  0
                ],
                [
                  -69.88981402404121,
                  -30.27930469413077,
                  0
                ],
                [
                  -69.87816731654044,
                  -30.26899109532842,
                  0
                ],
                [
                  -69.87580630175937,
                  -30.25840797563821,
                  0
                ],
                [
                  -69.88503920567852,
                  -30.23624067656893,
                  0
                ],
                [
                  -69.8860613466654,
                  -30.22104100058515,
                  0
                ],
                [
                  -69.87935109287739,
                  -30.21715131177027,
                  0
                ],
                [
                  -69.8695464592828,
                  -30.21259313043382,
                  0
                ],
                [
                  -69.85225797694856,
                  -30.22152568196956,
                  0
                ],
                [
                  -69.83481885316044,
                  -30.22012939576189,
                  0
                ],
                [
                  -69.82395528646215,
                  -30.19834282392679,
                  0
                ],
                [
                  -69.81460567229216,
                  -30.17883349932197,
                  0
                ],
                [
                  -69.82375586221337,
                  -30.1638866432473,
                  0
                ],
                [
                  -69.80879165913295,
                  -30.15740096150511,
                  0
                ],
                [
                  -69.80516548132995,
                  -30.14844410281016,
                  0
                ],
                [
                  -69.81643100634645,
                  -30.13313346123555,
                  0
                ],
                [
                  -69.81725299951553,
                  -30.12585223740901,
                  0
                ],
                [
                  -69.82750332675678,
                  -30.12348536435601,
                  0
                ],
                [
                  -69.84336241152792,
                  -30.12878799411907,
                  0
                ],
                [
                  -69.8495519476654,
                  -30.12667983558515,
                  0
                ],
                [
                  -69.87146515589734,
                  -30.10910758230572,
                  0
                ],
                [
                  -69.9049822884042,
                  -30.10558858472314,
                  0
                ],
                [
                  -69.9379783755448,
                  -30.11661846276638,
                  0
                ],
                [
                  -69.94363014359507,
                  -30.09116584597893,
                  0
                ],
                [
                  -69.95990750548714,
                  -30.08646065749958,
                  0
                ],
                [
                  -69.95609586187317,
                  -30.0797623117435,
                  0
                ],
                [
                  -69.95776124773325,
                  -30.07196974009803,
                  0
                ],
                [
                  -69.93312440523604,
                  -30.05312936816138,
                  0
                ],
                [
                  -69.9086057586949,
                  -30.02816605695293,
                  0
                ],
                [
                  -69.92491494191437,
                  -30.00362051750569,
                  0
                ],
                [
                  -69.91492189677668,
                  -29.9807469346449,
                  0
                ],
                [
                  -69.89957737621116,
                  -29.96381012007257,
                  0
                ],
                [
                  -69.88745461392001,
                  -29.93865100292379,
                  0
                ],
                [
                  -69.90575681168052,
                  -29.93391288951277,
                  0
                ],
                [
                  -69.90043076598876,
                  -29.920492466406,
                  0
                ],
                [
                  -69.88582158087847,
                  -29.9053966464413,
                  0
                ],
                [
                  -69.88599981882096,
                  -29.89129930781942,
                  0
                ],
                [
                  -69.88712988965761,
                  -29.87786003531139,
                  0
                ],
                [
                  -69.87237094239305,
                  -29.85903449432813,
                  0
                ],
                [
                  -69.88230639040005,
                  -29.85157295632205,
                  0
                ],
                [
                  -69.89676212175235,
                  -29.84805670800164,
                  0
                ],
                [
                  -69.8900882166806,
                  -29.8168819856545,
                  0
                ],
                [
                  -69.89530668537697,
                  -29.81224419209686,
                  0
                ],
                [
                  -69.91115878743126,
                  -29.80096679847273,
                  0
                ],
                [
                  -69.89597383883873,
                  -29.77689202831328,
                  0
                ],
                [
                  -69.8896852321903,
                  -29.75818993713843,
                  0
                ],
                [
                  -69.88561756336173,
                  -29.74429009038519,
                  0
                ],
                [
                  -69.87670863075427,
                  -29.73126823575227,
                  0
                ],
                [
                  -69.87863632280173,
                  -29.72307937488405,
                  0
                ],
                [
                  -69.88443198960759,
                  -29.7169059310649,
                  0
                ],
                [
                  -69.8782306393309,
                  -29.70724661243763,
                  0
                ],
                [
                  -69.8867469246739,
                  -29.69535888126092,
                  0
                ],
                [
                  -69.8941028175901,
                  -29.68985598827875,
                  0
                ],
                [
                  -69.9095881983742,
                  -29.69632191372352,
                  0
                ],
                [
                  -69.90961516187451,
                  -29.68909452014842,
                  0
                ],
                [
                  -69.91817863334342,
                  -29.68673601867283,
                  0
                ],
                [
                  -69.92060727219966,
                  -29.67059622579609,
                  0
                ],
                [
                  -69.9308797145738,
                  -29.66184100516902,
                  0
                ],
                [
                  -69.9374998901922,
                  -29.64635005441855,
                  0
                ],
                [
                  -69.93465693496832,
                  -29.61489516357585,
                  0
                ],
                [
                  -69.92584951599842,
                  -29.5780688478723,
                  0
                ],
                [
                  -69.9522392630462,
                  -29.53585651864253,
                  0
                ],
                [
                  -69.94843283790303,
                  -29.53253223639748,
                  0
                ],
                [
                  -69.94091347526215,
                  -29.5130969284614,
                  0
                ],
                [
                  -69.94887901266736,
                  -29.50040215104179,
                  0
                ],
                [
                  -69.94357538345909,
                  -29.49041255562002,
                  0
                ],
                [
                  -69.95420282906127,
                  -29.47351850127169,
                  0
                ],
                [
                  -69.95367856690417,
                  -29.46688642485232,
                  0
                ],
                [
                  -69.95488861899761,
                  -29.46296503278798,
                  0
                ],
                [
                  -69.96569762082363,
                  -29.45904697115558,
                  0
                ],
                [
                  -69.97166676583856,
                  -29.45389221163461,
                  0
                ],
                [
                  -69.97820055495542,
                  -29.45168740364499,
                  0
                ],
                [
                  -69.97118323718796,
                  -29.44339572738723,
                  0
                ],
                [
                  -69.96957077189519,
                  -29.43222594981723,
                  0
                ],
                [
                  -69.96521655310586,
                  -29.4300484153219,
                  0
                ],
                [
                  -69.96384848885201,
                  -29.42471232799663,
                  0
                ],
                [
                  -69.96675880136351,
                  -29.42043740221094,
                  0
                ],
                [
                  -69.96523905306161,
                  -29.40845704835697,
                  0
                ],
                [
                  -69.97179850619038,
                  -29.40564410075315,
                  0
                ],
                [
                  -69.98435276834604,
                  -29.4005146819334,
                  0
                ],
                [
                  -69.99363095543818,
                  -29.39669554720925,
                  0
                ],
                [
                  -70.0085555835499,
                  -29.39090886840773,
                  0
                ],
                [
                  -70.02140840755757,
                  -29.38450646387131,
                  0
                ],
                [
                  -70.0156279762025,
                  -29.3803185583196,
                  0
                ],
                [
                  -70.01253677502008,
                  -29.37341810509308,
                  0
                ],
                [
                  -70.01369474598114,
                  -29.36404409309722,
                  0
                ],
                [
                  -70.01431675559749,
                  -29.35759771344954,
                  0
                ],
                [
                  -70.01047897791196,
                  -29.35405503095937,
                  0
                ],
                [
                  -70.0101437958658,
                  -29.34795405409667,
                  0
                ],
                [
                  -70.01455522869173,
                  -29.34362682483748,
                  0
                ],
                [
                  -70.00982663589663,
                  -29.33841797369627,
                  0
                ],
                [
                  -70.0150501969573,
                  -29.33144627454776,
                  0
                ],
                [
                  -70.01476908114223,
                  -29.32488699741409,
                  0
                ],
                [
                  -70.00686647618726,
                  -29.3162006867828,
                  0
                ],
                [
                  -69.99444913088766,
                  -29.30129140905469,
                  0
                ],
                [
                  -69.99841128948721,
                  -29.29116897942718,
                  0
                ],
                [
                  -69.99391343644419,
                  -29.28619155133217,
                  0
                ],
                [
                  -69.98265915395052,
                  -29.28017771569224,
                  0
                ],
                [
                  -69.96337836773098,
                  -29.27185358491066,
                  0
                ],
                [
                  -69.9432506153586,
                  -29.26352924763141,
                  0
                ],
                [
                  -69.93461518032214,
                  -29.24392470868831,
                  0
                ],
                [
                  -69.93541292151058,
                  -29.2308253035557,
                  0
                ],
                [
                  -69.94491342131425,
                  -29.22482866798245,
                  0
                ],
                [
                  -69.94992698478853,
                  -29.21365066218246,
                  0
                ],
                [
                  -69.94392998827595,
                  -29.20222877560035,
                  0
                ],
                [
                  -69.95265724743766,
                  -29.19006607840896,
                  0
                ],
                [
                  -69.93230533535018,
                  -29.19145914304018,
                  0
                ],
                [
                  -69.92378622498546,
                  -29.18783745051577,
                  0
                ],
                [
                  -69.91182980117325,
                  -29.17862271850755,
                  0
                ],
                [
                  -69.89920983558821,
                  -29.16660289338633,
                  0
                ],
                [
                  -69.89764483599856,
                  -29.16205031449605,
                  0
                ],
                [
                  -69.8881748189825,
                  -29.15700475610657,
                  0
                ],
                [
                  -69.88730339621175,
                  -29.15036530742369,
                  0
                ],
                [
                  -69.8776555332434,
                  -29.14152470126143,
                  0
                ],
                [
                  -69.86834360517676,
                  -29.14117046500692,
                  0
                ],
                [
                  -69.86296069456759,
                  -29.13814716175057,
                  0
                ],
                [
                  -69.85744601875392,
                  -29.13564913207221,
                  0
                ],
                [
                  -69.84424276496112,
                  -29.13538652368046,
                  0
                ],
                [
                  -69.83950917269705,
                  -29.13117828949888,
                  0
                ],
                [
                  -69.80847386031989,
                  -29.13282492279166,
                  0
                ],
                [
                  -69.80086122155816,
                  -29.13241518139229,
                  0
                ],
                [
                  -69.78760214177727,
                  -29.12756644592887,
                  0
                ],
                [
                  -69.78678765968489,
                  -29.11897358378312,
                  0
                ],
                [
                  -69.79049033040785,
                  -29.11284709561746,
                  0
                ],
                [
                  -69.78368604480754,
                  -29.10490987210565,
                  0
                ],
                [
                  -69.78422213253218,
                  -29.09697264859384,
                  0
                ],
                [
                  -69.79042805258374,
                  -29.08465544143241,
                  0
                ],
                [
                  -69.79088583785013,
                  -29.07213893755111,
                  0
                ],
                [
                  -69.78658230854914,
                  -29.06424618454349,
                  0
                ],
                [
                  -69.78987915258814,
                  -29.05429593178395,
                  0
                ],
                [
                  -69.78233078011259,
                  -29.03741010710561,
                  0
                ],
                [
                  -69.77803915934047,
                  -29.01841604338579,
                  0
                ],
                [
                  -69.76669662774387,
                  -29.00301858951081,
                  0
                ],
                [
                  -69.765041752021,
                  -28.99225135967545,
                  0
                ],
                [
                  -69.74901922400775,
                  -28.98567317642224,
                  0
                ],
                [
                  -69.75558280796363,
                  -28.96269327870249,
                  0
                ],
                [
                  -69.74481882036712,
                  -28.94139779991395,
                  0
                ],
                [
                  -69.75901831070395,
                  -28.90128241433023,
                  0
                ],
                [
                  -69.74433851511925,
                  -28.88308471134806,
                  0
                ],
                [
                  -69.73615706695828,
                  -28.85680695072862,
                  0
                ],
                [
                  -69.72559691205187,
                  -28.84292919466742,
                  0
                ],
                [
                  -69.70444768564118,
                  -28.81221056011334,
                  0
                ],
                [
                  -69.69295380446857,
                  -28.78620298101724,
                  0
                ],
                [
                  -69.68921889940545,
                  -28.75950837494369,
                  0
                ],
                [
                  -69.72025480384016,
                  -28.73987982487213,
                  0
                ],
                [
                  -69.72253963248563,
                  -28.68811123184704,
                  0
                ],
                [
                  -69.6897211548078,
                  -28.61899055897142,
                  0
                ],
                [
                  -69.66538968896428,
                  -28.59366237231604,
                  0
                ],
                [
                  -69.64462301574899,
                  -28.54598889498416,
                  0
                ],
                [
                  -69.65010256518694,
                  -28.50033677355333,
                  0
                ],
                [
                  -69.67032503676535,
                  -28.47279009576157,
                  0
                ],
                [
                  -69.66290922096357,
                  -28.44755757749411,
                  0
                ],
                [
                  -69.63791387675495,
                  -28.44363861361212,
                  0
                ],
                [
                  -69.62990138249766,
                  -28.4308969569038,
                  0
                ],
                [
                  -69.64475430298829,
                  -28.4108444604903,
                  0
                ],
                [
                  -69.64667002586461,
                  -28.39585930601023,
                  0
                ],
                [
                  -69.62578408339978,
                  -28.3894168250582,
                  0
                ],
                [
                  -69.59563476823382,
                  -28.39859316380259,
                  0
                ],
                [
                  -69.57856521050853,
                  -28.37755906901702,
                  0
                ],
                [
                  -69.57684789951188,
                  -28.35586328099168,
                  0
                ],
                [
                  -69.51628914586021,
                  -28.33149161654639,
                  0
                ],
                [
                  -69.4968879685358,
                  -28.28967427899919,
                  0
                ],
                [
                  -69.49567880485,
                  -28.2694425248936,
                  0
                ],
                [
                  -69.47285510486017,
                  -28.25329002493334,
                  0
                ],
                [
                  -69.47025258681228,
                  -28.21067049914089,
                  0
                ],
                [
                  -69.45213421976503,
                  -28.18718773887488,
                  0
                ],
                [
                  -69.42012079366539,
                  -28.21268813658514,
                  0
                ],
                [
                  -69.38900345074741,
                  -28.22950017201164,
                  0
                ],
                [
                  -69.3748689577815,
                  -28.20958159413394,
                  0
                ],
                [
                  -69.3743900899544,
                  -28.18742681892812,
                  0
                ],
                [
                  -69.35490560889802,
                  -28.18257633611808,
                  0
                ],
                [
                  -69.31902443768425,
                  -28.15790789261862,
                  0
                ],
                [
                  -69.29203506331346,
                  -28.10448882984286,
                  0
                ],
                [
                  -69.29363655078008,
                  -28.07117589922236,
                  0
                ],
                [
                  -69.25935883360411,
                  -28.04592598414191,
                  0
                ],
                [
                  -69.25364318225802,
                  -28.01320539062518,
                  0
                ],
                [
                  -69.24008255853805,
                  -27.98407159958515,
                  0
                ],
                [
                  -69.21571466666539,
                  -27.96856866958515,
                  0
                ],
                [
                  -69.17488584563623,
                  -27.97706082792472,
                  0
                ],
                [
                  -69.14949597910893,
                  -27.95282671420939,
                  0
                ],
                [
                  -69.14348921411117,
                  -27.93162962209745,
                  0
                ],
                [
                  -69.11633828608413,
                  -27.89440404826402,
                  0
                ],
                [
                  -69.12469695341213,
                  -27.86877474391349,
                  0
                ],
                [
                  -69.10590469271374,
                  -27.85436395522802,
                  0
                ],
                [
                  -69.09147860306979,
                  -27.81189936864443,
                  0
                ],
                [
                  -69.0765214828337,
                  -27.71605743376078,
                  0
                ],
                [
                  -69.0400443759949,
                  -27.70442106364342,
                  0
                ],
                [
                  -69.03755223899756,
                  -27.68111531377713,
                  0
                ],
                [
                  -69.05502674745902,
                  -27.66249946707651,
                  0
                ],
                [
                  -69.03736229006383,
                  -27.60128311622724,
                  0
                ],
                [
                  -68.99556040787908,
                  -27.58289238527189,
                  0
                ],
                [
                  -68.97141131192154,
                  -27.56230890444678,
                  0
                ],
                [
                  -68.96621876333523,
                  -27.5372125849993,
                  0
                ],
                [
                  -68.93456534472193,
                  -27.52637178291925,
                  0
                ],
                [
                  -68.94800940660303,
                  -27.47762823035845,
                  0
                ],
                [
                  -68.97862755194339,
                  -27.4452837250559,
                  0
                ],
                [
                  -68.96393492552315,
                  -27.43509175093878,
                  0
                ],
                [
                  -68.92992612454209,
                  -27.45081680162209,
                  0
                ],
                [
                  -68.92016522913202,
                  -27.41086861173654,
                  0
                ],
                [
                  -68.88471756628023,
                  -27.4047935717183,
                  0
                ],
                [
                  -68.88687499185171,
                  -27.3861544263835,
                  0
                ],
                [
                  -68.88702899500967,
                  -27.36123396927622,
                  0
                ],
                [
                  -68.87053822486753,
                  -27.32810090407072,
                  0
                ],
                [
                  -68.82553476874197,
                  -27.30200273945325,
                  0
                ],
                [
                  -68.80375576983725,
                  -27.30163376059231,
                  0
                ],
                [
                  -68.8661253470617,
                  -27.25401030548313,
                  0
                ],
                [
                  -68.84697873441826,
                  -27.21363592354806,
                  0
                ],
                [
                  -68.84771337877133,
                  -27.18517769875636,
                  0
                ],
                [
                  -68.83901086157186,
                  -27.16773927674971,
                  0
                ],
                [
                  -68.84078210594583,
                  -27.16032775221304,
                  0
                ],
                [
                  -68.83515567329592,
                  -27.15373896965854,
                  0
                ],
                [
                  -68.81604277616073,
                  -27.14961147992071,
                  0
                ],
                [
                  -68.80463356109772,
                  -27.1520528795543,
                  0
                ],
                [
                  -68.79383635613291,
                  -27.12978314795172,
                  0
                ],
                [
                  -68.77732784915608,
                  -27.10375270849685,
                  0
                ],
                [
                  -68.7511165876088,
                  -27.11593131094239,
                  0
                ],
                [
                  -68.7184323586654,
                  -27.10670913258515,
                  0
                ],
                [
                  -68.69220029032263,
                  -27.10650613655724,
                  0
                ],
                [
                  -68.66596822197985,
                  -27.10630314052933,
                  0
                ],
                [
                  -68.66528782445184,
                  -27.1240053682787,
                  0
                ],
                [
                  -68.65837877162913,
                  -27.12648687759871,
                  0
                ],
                [
                  -68.6575066007727,
                  -27.13721159504222,
                  0
                ],
                [
                  -68.64281632427088,
                  -27.14549446159962,
                  0
                ],
                [
                  -68.6356159398433,
                  -27.16375608914083,
                  0
                ],
                [
                  -68.61824374951006,
                  -27.1737897893067,
                  0
                ],
                [
                  -68.59737001326027,
                  -27.16259480392887,
                  0
                ],
                [
                  -68.5731920236903,
                  -27.17887166939903,
                  0
                ],
                [
                  -68.56911266027447,
                  -27.16670217788483,
                  0
                ],
                [
                  -68.55948503909195,
                  -27.14548299134356,
                  0
                ],
                [
                  -68.54947689300471,
                  -27.13760119350943,
                  0
                ],
                [
                  -68.55304069634036,
                  -27.11895576090345,
                  0
                ],
                [
                  -68.53816805947663,
                  -27.1127538596599,
                  0
                ],
                [
                  -68.51652224061675,
                  -27.13137671692204,
                  0
                ],
                [
                  -68.4939517121291,
                  -27.13930085652925,
                  0
                ],
                [
                  -68.46360600919836,
                  -27.11276854094601,
                  0
                ],
                [
                  -68.4713431157945,
                  -27.08602985605777,
                  0
                ],
                [
                  -68.44520539573485,
                  -27.09676276340902,
                  0
                ],
                [
                  -68.40447915289869,
                  -27.07021779618174,
                  0
                ],
                [
                  -68.36606468413198,
                  -27.04984395980401,
                  0
                ],
                [
                  -68.3302906756654,
                  -27.04500747158515,
                  0
                ],
                [
                  -68.28580385968637,
                  -27.04203984937098,
                  0
                ],
                [
                  -68.30990652033933,
                  -26.97797583805292,
                  0
                ],
                [
                  -68.28883352048162,
                  -26.9638103161929,
                  0
                ],
                [
                  -68.28662262669886,
                  -26.93741852087976,
                  0
                ],
                [
                  -68.28391557604911,
                  -26.92590402351054,
                  0
                ],
                [
                  -68.25606627036025,
                  -26.91866123400677,
                  0
                ],
                [
                  -68.30109328359204,
                  -26.86478070814197,
                  0
                ],
                [
                  -68.55024649413414,
                  -26.53226252404189,
                  0
                ],
                [
                  -68.57712765404989,
                  -26.48804165388129,
                  0
                ],
                [
                  -68.57573239004911,
                  -26.47619751712763,
                  0
                ],
                [
                  -68.57326384574965,
                  -26.41801700503307,
                  0
                ],
                [
                  -68.55905953899197,
                  -26.33557378976297,
                  0
                ],
                [
                  -68.55323786010936,
                  -26.29080649601217,
                  0
                ],
                [
                  -68.37444325078455,
                  -26.18512209125376,
                  0
                ],
                [
                  -68.44296939905948,
                  -25.8247938125171,
                  0
                ],
                [
                  -68.46972869083623,
                  -25.69932192765685,
                  0
                ],
                [
                  -68.5341318097407,
                  -25.62480909122252,
                  0
                ],
                [
                  -68.52828768566096,
                  -25.59208399953853,
                  0
                ],
                [
                  -68.50696401470819,
                  -25.57682047835669,
                  0
                ],
                [
                  -68.5289753483846,
                  -25.54706045618475,
                  0
                ],
                [
                  -68.53400383210892,
                  -25.50476351707835,
                  0
                ],
                [
                  -68.56721923131039,
                  -25.48007621348532,
                  0
                ],
                [
                  -68.58030346073662,
                  -25.42100915919555,
                  0
                ],
                [
                  -68.55969379489808,
                  -25.41724958300673,
                  0
                ],
                [
                  -68.52132933138174,
                  -25.38351042638772,
                  0
                ],
                [
                  -68.51561959505902,
                  -25.34810964102136,
                  0
                ],
                [
                  -68.51809518146526,
                  -25.32753269261325,
                  0
                ],
                [
                  -68.54157309968137,
                  -25.3114997838985,
                  0
                ],
                [
                  -68.53912428170489,
                  -25.30176775809669,
                  0
                ],
                [
                  -68.52496327305215,
                  -25.2878919972255,
                  0
                ],
                [
                  -68.53060695565082,
                  -25.24201838535388,
                  0
                ],
                [
                  -68.50175303914187,
                  -25.21590699453654,
                  0
                ],
                [
                  -68.49962544233217,
                  -25.1693062840803,
                  0
                ],
                [
                  -68.46718716781103,
                  -25.15000713599405,
                  0
                ],
                [
                  -68.45762347997982,
                  -25.13248159634571,
                  0
                ],
                [
                  -68.44139915529423,
                  -25.13530642658673,
                  0
                ],
                [
                  -68.42476951845218,
                  -25.13417241407846,
                  0
                ],
                [
                  -68.40899441651071,
                  -25.14773209861106,
                  0
                ],
                [
                  -68.34054510124726,
                  -25.11095967329087,
                  0
                ],
                [
                  -68.35147146195901,
                  -25.09426387288644,
                  0
                ],
                [
                  -68.36572814109795,
                  -25.06022578148725,
                  0
                ],
                [
                  -68.37675732763232,
                  -25.02758950709152,
                  0
                ],
                [
                  -68.38320732632937,
                  -25.03945819407689,
                  0
                ],
                [
                  -68.40214601912837,
                  -25.02718700027265,
                  0
                ],
                [
                  -68.40508595298267,
                  -24.96987917621271,
                  0
                ],
                [
                  -68.42469943888511,
                  -24.95564634188891,
                  0
                ],
                [
                  -68.42682875304484,
                  -24.93160046214656,
                  0
                ],
                [
                  -68.4298385119549,
                  -24.90464554406764,
                  0
                ],
                [
                  -68.48081732854034,
                  -24.89453112888894,
                  0
                ],
                [
                  -68.49368894378426,
                  -24.87430715181513,
                  0
                ],
                [
                  -68.51321456066627,
                  -24.87217260674018,
                  0
                ],
                [
                  -68.52982614892444,
                  -24.85380073271448,
                  0
                ],
                [
                  -68.53141130038263,
                  -24.83065568041257,
                  0
                ],
                [
                  -68.54790287700767,
                  -24.80325787931196,
                  0
                ],
                [
                  -68.56204299127627,
                  -24.79347063438744,
                  0
                ],
                [
                  -68.55911522360559,
                  -24.76480215237838,
                  0
                ],
                [
                  -68.54493389219631,
                  -24.75282419009019,
                  0
                ],
                [
                  -68.54096632040986,
                  -24.72415597991759,
                  0
                ],
                [
                  -68.51793590123063,
                  -24.70919245872098,
                  0
                ],
                [
                  -68.49199145342686,
                  -24.67495471399092,
                  0
                ],
                [
                  -68.48396068830367,
                  -24.64017126744712,
                  0
                ],
                [
                  -68.4992421521714,
                  -24.61560415263198,
                  0
                ],
                [
                  -68.49067383838764,
                  -24.5997725869227,
                  0
                ],
                [
                  -68.48685848452878,
                  -24.60292906166086,
                  0
                ],
                [
                  -68.47605985898325,
                  -24.62112910327817,
                  0
                ],
                [
                  -68.45943317618942,
                  -24.62608264823496,
                  0
                ],
                [
                  -68.44655310162696,
                  -24.6056790897846,
                  0
                ],
                [
                  -68.43284044745764,
                  -24.60344233992031,
                  0
                ],
                [
                  -68.42794460718653,
                  -24.58238153280274,
                  0
                ],
                [
                  -68.40240988699647,
                  -24.53424780033376,
                  0
                ],
                [
                  -68.38724730221237,
                  -24.48649575013189,
                  0
                ],
                [
                  -68.37902437486981,
                  -24.49352747784319,
                  0
                ],
                [
                  -68.36481740726177,
                  -24.49375223515146,
                  0
                ],
                [
                  -68.3588436230403,
                  -24.49011749875962,
                  0
                ],
                [
                  -68.35288009486464,
                  -24.49192402089582,
                  0
                ],
                [
                  -68.32948362800356,
                  -24.49145285345464,
                  0
                ],
                [
                  -68.31510424572116,
                  -24.49141842166084,
                  0
                ],
                [
                  -68.3078944545549,
                  -24.49124809626806,
                  0
                ],
                [
                  -68.28597389773647,
                  -24.44569316819114,
                  0
                ],
                [
                  -68.28003170578079,
                  -24.44399791489243,
                  0
                ],
                [
                  -68.26814732187134,
                  -24.43606895218029,
                  0
                ],
                [
                  -68.26781604509127,
                  -24.43201565589182,
                  0
                ],
                [
                  -68.26515881144265,
                  -24.42935801083926,
                  0
                ],
                [
                  -68.26532971438779,
                  -24.42540488197633,
                  0
                ],
                [
                  -68.26267950014719,
                  -24.42022400527729,
                  0
                ],
                [
                  -68.26086976181989,
                  -24.41031845301387,
                  0
                ],
                [
                  -68.25924496525379,
                  -24.4045852744416,
                  0
                ],
                [
                  -68.25485747734534,
                  -24.40169412487493,
                  0
                ],
                [
                  -68.25334103006668,
                  -24.40229607203561,
                  0
                ],
                [
                  -68.24972764811294,
                  -24.40186579683945,
                  0
                ],
                [
                  -68.24883612120443,
                  -24.40175917752521,
                  0
                ],
                [
                  -68.24781488323814,
                  -24.39982135613755,
                  0
                ],
                [
                  -68.24772858026878,
                  -24.39767640906455,
                  0
                ],
                [
                  -68.24732927868902,
                  -24.39699939510804,
                  0
                ],
                [
                  -68.24709741463126,
                  -24.39616151209562,
                  0
                ],
                [
                  -68.24504681703014,
                  -24.3958276968765,
                  0
                ],
                [
                  -68.00172943801533,
                  -24.30057593802352,
                  0
                ],
                [
                  -67.32261830668189,
                  -24.03549280368225,
                  0
                ],
                [
                  -67.31116366664587,
                  -24.00008072540289,
                  0
                ],
                [
                  -67.21928297064588,
                  -23.71485734023739,
                  0
                ],
                [
                  -67.00217213953958,
                  -23.0341280941814,
                  0
                ],
                [
                  -66.99056479773563,
                  -23.00075820458514,
                  0
                ],
                [
                  -67.18105535697619,
                  -22.81324108147181,
                  0
                ],
                [
                  -67.56391949468339,
                  -22.9007307882312,
                  0
                ],
                [
                  -67.62592235613593,
                  -22.8942307652847,
                  0
                ],
                [
                  -67.79832922631118,
                  -22.8779148188811,
                  0
                ],
                [
                  -67.82022296883889,
                  -22.85938719239534,
                  0
                ],
                [
                  -67.82358996596427,
                  -22.84370481467341,
                  0
                ],
                [
                  -67.85062708069125,
                  -22.84438884190495,
                  0
                ],
                [
                  -67.86531303181673,
                  -22.8279990540552,
                  0
                ],
                [
                  -67.8761581886654,
                  -22.83363662258515,
                  0
                ],
                [
                  -67.88372878616538,
                  -22.82501708681439,
                  0
                ],
                [
                  -67.8774043246137,
                  -22.80074373099651,
                  0
                ],
                [
                  -67.86926011600006,
                  -22.78322111437332,
                  0
                ],
                [
                  -67.86574759373694,
                  -22.74363348655924,
                  0
                ],
                [
                  -67.88384960777647,
                  -22.7275356989317,
                  0
                ],
                [
                  -67.88188098096359,
                  -22.70574176764702,
                  0
                ],
                [
                  -67.86547789476732,
                  -22.69599432660451,
                  0
                ],
                [
                  -67.86914544942279,
                  -22.63354301772911,
                  0
                ],
                [
                  -67.8558301541269,
                  -22.62452301137638,
                  0
                ],
                [
                  -67.85457614055461,
                  -22.60504833086527,
                  0
                ],
                [
                  -67.83016369522814,
                  -22.58129773718973,
                  0
                ],
                [
                  -67.84220086420838,
                  -22.54910046831233,
                  0
                ],
                [
                  -67.83416739233618,
                  -22.53258714490984,
                  0
                ],
                [
                  -67.8742154004437,
                  -22.51814033020491,
                  0
                ],
                [
                  -67.88611636005456,
                  -22.49912737498723,
                  0
                ],
                [
                  -67.8929138370279,
                  -22.48714835292171,
                  0
                ],
                [
                  -67.89292458684136,
                  -22.45611293853533,
                  0
                ],
                [
                  -67.87938338196199,
                  -22.4376015371015,
                  0
                ],
                [
                  -67.892518502907,
                  -22.43396731333199,
                  0
                ],
                [
                  -67.89514197079824,
                  -22.41183775672955,
                  0
                ],
                [
                  -67.91223007506933,
                  -22.39400226244145,
                  0
                ],
                [
                  -67.92471821978613,
                  -22.3882112296168,
                  0
                ],
                [
                  -67.93546982652309,
                  -22.38010581619416,
                  0
                ],
                [
                  -67.93046707971149,
                  -22.35235340600796,
                  0
                ],
                [
                  -67.93321244458139,
                  -22.31031871264322,
                  0
                ],
                [
                  -67.92763942342863,
                  -22.27523839697096,
                  0
                ],
                [
                  -67.92070348224868,
                  -22.24404053751192,
                  0
                ],
                [
                  -67.9209658080382,
                  -22.21644391649371,
                  0
                ],
                [
                  -67.9337388101027,
                  -22.19656870244112,
                  0
                ],
                [
                  -67.93287338654004,
                  -22.18384534955995,
                  0
                ],
                [
                  -67.95199366653969,
                  -22.16998433812689,
                  0
                ],
                [
                  -67.9548950159529,
                  -22.15231936273944,
                  0
                ],
                [
                  -67.93135235733646,
                  -22.11802524371873,
                  0
                ],
                [
                  -67.944580225881,
                  -22.08820000848825,
                  0
                ],
                [
                  -67.96197831985056,
                  -22.0764067255303,
                  0
                ],
                [
                  -67.95924247896323,
                  -22.05282188697213,
                  0
                ],
                [
                  -68.0032070835113,
                  -22.03898110720372,
                  0
                ],
                [
                  -68.01195129968583,
                  -22.02320002900081,
                  0
                ],
                [
                  -68.0637878452522,
                  -21.98422244142412,
                  0
                ],
                [
                  -68.05850937983959,
                  -21.77532637877698,
                  0
                ],
                [
                  -68.07114416254797,
                  -21.75732404880765,
                  0
                ],
                [
                  -68.08794917068137,
                  -21.74319482974399,
                  0
                ],
                [
                  -68.10246775854442,
                  -21.7020292719275,
                  0
                ],
                [
                  -68.17632178165152,
                  -21.61287683314863,
                  0
                ],
                [
                  -68.17858693496056,
                  -21.50234819020725,
                  0
                ],
                [
                  -68.17601618839801,
                  -21.30082897546795,
                  0
                ],
                [
                  -68.20189528651544,
                  -21.25856862050827,
                  0
                ],
                [
                  -68.21777800722856,
                  -21.22543088268375,
                  0
                ],
                [
                  -68.29289438108708,
                  -21.09298081744463,
                  0
                ],
                [
                  -68.35408553590072,
                  -21.00599937874803,
                  0
                ],
                [
                  -68.39017843637662,
                  -20.97273784063739,
                  0
                ],
                [
                  -68.40229553573705,
                  -20.95421234789253,
                  0
                ],
                [
                  -68.39998786109707,
                  -20.94911400217171,
                  0
                ],
                [
                  -68.40162128872434,
                  -20.94125519354566,
                  0
                ],
                [
                  -68.40831310236962,
                  -20.94133301652656,
                  0
                ],
                [
                  -68.4118027704223,
                  -20.93865028220773,
                  0
                ],
                [
                  -68.42907943766829,
                  -20.94371040695698,
                  0
                ],
                [
                  -68.45768677393266,
                  -20.94370954763191,
                  0
                ],
                [
                  -68.47153809571294,
                  -20.94127070814005,
                  0
                ],
                [
                  -68.47624688657822,
                  -20.94787278061726,
                  0
                ],
                [
                  -68.48475925430391,
                  -20.94726304670504,
                  0
                ],
                [
                  -68.48827648149116,
                  -20.95063883725938,
                  0
                ],
                [
                  -68.49422251624418,
                  -20.94197483489493,
                  0
                ],
                [
                  -68.5100213066654,
                  -20.94021214358515,
                  0
                ],
                [
                  -68.50808634425053,
                  -20.93750711841133,
                  0
                ],
                [
                  -68.52043787755362,
                  -20.92836045887082,
                  0
                ],
                [
                  -68.52001641720689,
                  -20.92525122721212,
                  0
                ],
                [
                  -68.52804097661475,
                  -20.90983016335846,
                  0
                ],
                [
                  -68.5428585009724,
                  -20.905216861314,
                  0
                ],
                [
                  -68.54253743881668,
                  -20.88432640177736,
                  0
                ],
                [
                  -68.54976647448993,
                  -20.87250034941998,
                  0
                ],
                [
                  -68.54943989005929,
                  -20.86589683103266,
                  0
                ],
                [
                  -68.54221637666096,
                  -20.86067429706261,
                  0
                ],
                [
                  -68.54427047409852,
                  -20.84665895416358,
                  0
                ],
                [
                  -68.53942764256834,
                  -20.82113371679982,
                  0
                ],
                [
                  -68.5328605787958,
                  -20.77672581290983,
                  0
                ],
                [
                  -68.54649166414389,
                  -20.76502373423061,
                  0
                ],
                [
                  -68.54509248783133,
                  -20.73387928129458,
                  0
                ],
                [
                  -68.52533798944228,
                  -20.72695367854722,
                  0
                ],
                [
                  -68.5184165669482,
                  -20.70229520480098,
                  0
                ],
                [
                  -68.49845248995655,
                  -20.67729303772396,
                  0
                ],
                [
                  -68.49671601095193,
                  -20.67165241320825,
                  0
                ],
                [
                  -68.47799781296274,
                  -20.67298154975029,
                  0
                ],
                [
                  -68.4565690882742,
                  -20.66488858152238,
                  0
                ],
                [
                  -68.45866330829851,
                  -20.65784640733604,
                  0
                ],
                [
                  -68.44320705256698,
                  -20.64879414927187,
                  0
                ],
                [
                  -68.43523260580906,
                  -20.64058057154369,
                  0
                ],
                [
                  -68.45292144490094,
                  -20.63186369934884,
                  0
                ],
                [
                  -68.45979531331234,
                  -20.62058962454427,
                  0
                ],
                [
                  -68.48195248328842,
                  -20.60411664918116,
                  0
                ],
                [
                  -68.5100213066654,
                  -20.60193821758515,
                  0
                ],
                [
                  -68.51517354544328,
                  -20.58915686291316,
                  0
                ],
                [
                  -68.51972021596497,
                  -20.57815574703305,
                  0
                ],
                [
                  -68.53578740916213,
                  -20.5659679986358,
                  0
                ],
                [
                  -68.57313295387392,
                  -20.56909977691804,
                  0
                ],
                [
                  -68.57850450607779,
                  -20.55751997020832,
                  0
                ],
                [
                  -68.59572309679069,
                  -20.54757889902557,
                  0
                ],
                [
                  -68.62453054126685,
                  -20.52830738114857,
                  0
                ],
                [
                  -68.63604298299089,
                  -20.52245127533885,
                  0
                ],
                [
                  -68.65642290481635,
                  -20.51844065628941,
                  0
                ],
                [
                  -68.66516129254568,
                  -20.51134202393497,
                  0
                ],
                [
                  -68.74032914590036,
                  -20.4534119847185,
                  0
                ],
                [
                  -68.7412550027937,
                  -20.36956962221475,
                  0
                ],
                [
                  -68.68808585144059,
                  -20.3630096541167,
                  0
                ],
                [
                  -68.67950736274584,
                  -20.35779448956891,
                  0
                ],
                [
                  -68.67069432341118,
                  -20.35827160048827,
                  0
                ],
                [
                  -68.65765146786082,
                  -20.34887103419027,
                  0
                ],
                [
                  -68.65530121864231,
                  -20.33484336311439,
                  0
                ],
                [
                  -68.66021499515774,
                  -20.31765820806108,
                  0
                ],
                [
                  -68.67788828473452,
                  -20.292482004224,
                  0
                ],
                [
                  -68.69248248677849,
                  -20.29185328793854,
                  0
                ],
                [
                  -68.69489727502008,
                  -20.28629577447257,
                  0
                ],
                [
                  -68.68908698146794,
                  -20.27302320962801,
                  0
                ],
                [
                  -68.69808183514517,
                  -20.2481762477059,
                  0
                ],
                [
                  -68.70913295927012,
                  -20.24725253233591,
                  0
                ],
                [
                  -68.7114379036225,
                  -20.22846097149841,
                  0
                ],
                [
                  -68.70724407263279,
                  -20.21945328420089,
                  0
                ],
                [
                  -68.69486580489583,
                  -20.21919541107392,
                  0
                ],
                [
                  -68.69525673646226,
                  -20.21019056320402,
                  0
                ],
                [
                  -68.70778982493603,
                  -20.20491662187083,
                  0
                ],
                [
                  -68.70624254146894,
                  -20.19224490486589,
                  0
                ],
                [
                  -68.70544446651263,
                  -20.17990870381596,
                  0
                ],
                [
                  -68.68984124432626,
                  -20.17606450679227,
                  0
                ],
                [
                  -68.70014702979145,
                  -20.15793781631994,
                  0
                ],
                [
                  -68.69378480801285,
                  -20.143469535075,
                  0
                ],
                [
                  -68.69729268438674,
                  -20.12745684239703,
                  0
                ],
                [
                  -68.71367642156802,
                  -20.12822044706405,
                  0
                ],
                [
                  -68.71941737222247,
                  -20.13536163475946,
                  0
                ],
                [
                  -68.73585923250927,
                  -20.12966505019206,
                  0
                ],
                [
                  -68.74243099464363,
                  -20.12242393588721,
                  0
                ],
                [
                  -68.75475201073306,
                  -20.12300097378265,
                  0
                ],
                [
                  -68.76173502695639,
                  -20.13062612867458,
                  0
                ],
                [
                  -68.77118556771853,
                  -20.12975632422994,
                  0
                ],
                [
                  -68.7617825637051,
                  -20.07658909466002,
                  0
                ],
                [
                  -68.68955732432809,
                  -20.06890680908239,
                  0
                ],
                [
                  -68.64077356806456,
                  -20.05040814910784,
                  0
                ],
                [
                  -68.56430333546298,
                  -20.05097911223028,
                  0
                ],
                [
                  -68.51589114810423,
                  -19.92545577427421,
                  0
                ],
                [
                  -68.5254555272892,
                  -19.90837289925923,
                  0
                ],
                [
                  -68.5415999719099,
                  -19.89090321880598,
                  0
                ],
                [
                  -68.53610080926006,
                  -19.87395010246443,
                  0
                ],
                [
                  -68.53060164661022,
                  -19.86627903511732,
                  0
                ],
                [
                  -68.5237158622074,
                  -19.84242841118565,
                  0
                ],
                [
                  -68.59781123706577,
                  -19.8284542536351,
                  0
                ],
                [
                  -68.61777447009426,
                  -19.79806979321117,
                  0
                ],
                [
                  -68.61552998227977,
                  -19.78935357979867,
                  0
                ],
                [
                  -68.65450501211708,
                  -19.76700034187412,
                  0
                ],
                [
                  -68.65482215752411,
                  -19.75935361223566,
                  0
                ],
                [
                  -68.66418689290344,
                  -19.75325546123753,
                  0
                ],
                [
                  -68.67503807193917,
                  -19.75136757989512,
                  0
                ],
                [
                  -68.69411433276855,
                  -19.74754440531359,
                  0
                ],
                [
                  -68.69211400321697,
                  -19.74123003336394,
                  0
                ],
                [
                  -68.67959872393003,
                  -19.72800828844522,
                  0
                ],
                [
                  -68.6765422887058,
                  -19.72137019807815,
                  0
                ],
                [
                  -68.6359817833292,
                  -19.70452836319823,
                  0
                ],
                [
                  -68.62050777742253,
                  -19.70628002095191,
                  0
                ],
                [
                  -68.59453026043694,
                  -19.65286423845481,
                  0
                ],
                [
                  -68.59799166553155,
                  -19.64514755905282,
                  0
                ],
                [
                  -68.59478731900259,
                  -19.63044671886763,
                  0
                ],
                [
                  -68.56892115444603,
                  -19.60721630674838,
                  0
                ],
                [
                  -68.54488421174699,
                  -19.59289443922962,
                  0
                ],
                [
                  -68.50202168366967,
                  -19.53380781198485,
                  0
                ],
                [
                  -68.46656172920737,
                  -19.48286949252094,
                  0
                ],
                [
                  -68.43520497168312,
                  -19.45760692640792,
                  0
                ],
                [
                  -68.43803302695679,
                  -19.4410975461477,
                  0
                ],
                [
                  -68.4116620418621,
                  -19.43311967484536,
                  0
                ],
                [
                  -68.40998173002549,
                  -19.42328990821218,
                  0
                ],
                [
                  -68.40007633639449,
                  -19.41462752908411,
                  0
                ],
                [
                  -68.44939722699729,
                  -19.36678003516715,
                  0
                ],
                [
                  -68.49420912269396,
                  -19.33082770320593,
                  0
                ],
                [
                  -68.54334658637248,
                  -19.29577307669438,
                  0
                ],
                [
                  -68.61839305770118,
                  -19.27507693387509,
                  0
                ],
                [
                  -68.62365818305422,
                  -19.25695354529139,
                  0
                ],
                [
                  -68.63999440778589,
                  -19.23359182774065,
                  0
                ],
                [
                  -68.6797721156296,
                  -19.18731479284758,
                  0
                ],
                [
                  -68.73680460981495,
                  -19.15343877865151,
                  0
                ],
                [
                  -68.74640316878217,
                  -19.1396092994183,
                  0
                ],
                [
                  -68.77450816178516,
                  -19.118398378837,
                  0
                ],
                [
                  -68.80752636661485,
                  -19.08416376268388,
                  0
                ],
                [
                  -68.87015486590249,
                  -19.06003513782999,
                  0
                ],
                [
                  -68.88910506495377,
                  -19.04585948208192,
                  0
                ],
                [
                  -68.90104768901823,
                  -19.0107801781955,
                  0
                ],
                [
                  -68.91710285397872,
                  -18.97492447648905,
                  0
                ],
                [
                  -68.94459687388905,
                  -18.93836662487203,
                  0
                ],
                [
                  -68.93534777049628,
                  -18.92671214646469,
                  0
                ],
                [
                  -68.92167562882683,
                  -18.90376698761485,
                  0
                ],
                [
                  -68.90964850351685,
                  -18.8948286825742,
                  0
                ],
                [
                  -68.9244429151177,
                  -18.83796090588034,
                  0
                ],
                [
                  -68.97624211631053,
                  -18.7390762005543,
                  0
                ],
                [
                  -68.98314724127009,
                  -18.69688280757158,
                  0
                ],
                [
                  -68.98948523034183,
                  -18.66812526676314,
                  0
                ],
                [
                  -69.00651582574545,
                  -18.6393677259547,
                  0
                ],
                [
                  -69.03075187155069,
                  -18.63046113537159,
                  0
                ],
                [
                  -69.03154643424391,
                  -18.62311544628728,
                  0
                ],
                [
                  -69.03321485546324,
                  -18.61807847995787,
                  0
                ],
                [
                  -69.02501317853016,
                  -18.60836467380881,
                  0
                ],
                [
                  -69.00778731648315,
                  -18.6060858170583,
                  0
                ],
                [
                  -69.01235792119087,
                  -18.57379568692523,
                  0
                ],
                [
                  -68.99677707550339,
                  -18.4834174499861,
                  0
                ],
                [
                  -69.0256910430732,
                  -18.44855546103563,
                  0
                ],
                [
                  -69.03527606842714,
                  -18.4386684778003,
                  0
                ],
                [
                  -69.04279814990656,
                  -18.38610200182953,
                  0
                ],
                [
                  -69.04779295291645,
                  -18.34147302631392,
                  0
                ],
                [
                  -69.03140254326127,
                  -18.32494867167082,
                  0
                ],
                [
                  -69.06948564027049,
                  -18.28901136496932,
                  0
                ],
                [
                  -69.06631946793176,
                  -18.25444596292076,
                  0
                ],
                [
                  -69.06068577105492,
                  -18.23394019105215,
                  0
                ],
                [
                  -69.08563467604112,
                  -18.21236927510478,
                  0
                ],
                [
                  -69.09913726375879,
                  -18.20822533365703,
                  0
                ],
                [
                  -69.11839740873201,
                  -18.18845466857833,
                  0
                ],
                [
                  -69.13518030883995,
                  -18.17022846691887,
                  0
                ],
                [
                  -69.1416818567058,
                  -18.1523945080693,
                  0
                ],
                [
                  -69.1276934973761,
                  -18.1345662611548,
                  0
                ],
                [
                  -69.10095912140645,
                  -18.11900855181725,
                  0
                ],
                [
                  -69.09499450703592,
                  -18.10614866452794,
                  0
                ],
                [
                  -69.08851654008836,
                  -18.10030567589941,
                  0
                ],
                [
                  -69.07628101588519,
                  -18.09837167970082,
                  0
                ],
                [
                  -69.07626272857131,
                  -18.08981066350061,
                  0
                ],
                [
                  -69.06720599494055,
                  -18.07849370801635,
                  0
                ],
                [
                  -69.05404129224178,
                  -18.06149761332656,
                  0
                ],
                [
                  -69.06966666173535,
                  -18.03579503979527,
                  0
                ],
                [
                  -69.08241439555913,
                  -18.0405407748706,
                  0
                ],
                [
                  -69.0918720966654,
                  -18.02338759858515,
                  0
                ],
                [
                  -69.11749713493445,
                  -18.00598957172839,
                  0
                ],
                [
                  -69.12338197689867,
                  -17.99836805051845,
                  0
                ],
                [
                  -69.16419996155338,
                  -17.9976406063497,
                  0
                ],
                [
                  -69.1994141011094,
                  -17.9874983340654,
                  0
                ],
                [
                  -69.21722679793224,
                  -17.97675507126219,
                  0
                ],
                [
                  -69.22654440043334,
                  -17.97920669792783,
                  0
                ],
                [
                  -69.23503949475509,
                  -17.9847876777499,
                  0
                ],
                [
                  -69.25132938633806,
                  -17.97305567721402,
                  0
                ],
                [
                  -69.25692667158918,
                  -17.95193515967713,
                  0
                ],
                [
                  -69.28080760489631,
                  -17.96683536182751,
                  0
                ],
                [
                  -69.2861821041677,
                  -17.96139321151281,
                  0
                ],
                [
                  -69.2982108726221,
                  -17.93554633288019,
                  0
                ],
                [
                  -69.29970146186277,
                  -17.90814409235179,
                  0
                ],
                [
                  -69.30448208382242,
                  -17.90108920483414,
                  0
                ],
                [
                  -69.30281772665649,
                  -17.87616226079241,
                  0
                ],
                [
                  -69.29417172036955,
                  -17.85587172796176,
                  0
                ],
                [
                  -69.3054763726341,
                  -17.82380368265073,
                  0
                ],
                [
                  -69.30660490377986,
                  -17.8042450579478,
                  0
                ],
                [
                  -69.31143472173204,
                  -17.78860045733757,
                  0
                ],
                [
                  -69.33203738748124,
                  -17.76147991454707,
                  0
                ],
                [
                  -69.33166609465579,
                  -17.74924105306403,
                  0
                ],
                [
                  -69.3349513366818,
                  -17.72983739745406,
                  0
                ],
                [
                  -69.34012484869572,
                  -17.72930516779616,
                  0
                ],
                [
                  -69.35803145470743,
                  -17.70903150953838,
                  0
                ],
                [
                  -69.41291120272476,
                  -17.6579995496366,
                  0
                ],
                [
                  -69.46719060505565,
                  -17.60467935179285,
                  0
                ]
              ]
            ]
          }
        ]
      },
      "properties": {
        "name": "Chile 1998-present",
        "styleUrl": "#failed1",
        "ADMIN": "Chile",
        "ISO_A3": "CHL"
      }
    }
  ]
}
