{
        "type": "FeatureCollection",
        "features": [
            {
                "type": "Feature",
                "properties": {
                    "Name": "Sección B - (Límite pendiente desde 1998)",
                    "description": {
                        "es": "Acuerdo entre la República de Chile y la República Argentina para precisar el recorrido del Límite desde el Monte Fitz Roy hasta el Cerro Daudet - Buenos Aires Diciembre 1998",
                        "en": "Agreement between the Republic of Chile and the Republic of Argentina to specify the boundary line from Mount Fitz Roy to Cerro Daudet - Buenos Aires, December 1998",
                        "fr": "Accord entre la République du Chili et la République d'Argentine pour préciser le tracé de la frontière entre le mont Fitz Roy et le Cerro Daudet - Buenos Aires, décembre 1998",
                        "de": "Vereinbarung zwischen der Republik Chile und der Republik Argentinien zur Festlegung der Grenzlinie vom Monte Fitz Roy bis zum Cerro Daudet - Buenos Aires, Dezember 1998",
                        "it": "Accordo tra la Repubblica del Cile e la Repubblica Argentina per precisare il tracciato del confine dal Monte Fitz Roy al Cerro Daudet - Buenos Aires, dicembre 1998",
                        "zh": "智利共和国与阿根廷共和国关于明确从菲茨罗伊山到多代山边界线的协议 - 布宜诺斯艾利斯，1998年12月",
                        "pt": "Acordo entre a República do Chile e a República da Argentina para precisar o traçado da fronteira do Monte Fitz Roy ao Cerro Daudet - Buenos Aires, dezembro de 1998",
                        "ca": "Acord entre la República de Xile i la República Argentina per precisar el traçat de la frontera des del Mont Fitz Roy fins al Cerro Daudet - Buenos Aires, desembre de 1998",
                        "ja": "チリ共和国とアルゼンチン共和国がフィッツ・ロイ山からダウデット山までの国境線を明確にするための協定 - ブエノスアイレス、1998年12月",
                        "ko": "칠레 공화국과 아르헨티나 공화국 간 피츠 로이 산에서 세로 다우데트까지의 국경선을 명확히 하기 위한 협정 - 부에노스아이레스, 1998년 12월",
                        "ga": "Comhaontú idir Poblacht na Sile agus Poblacht na hAirgintíne chun an líne teorann ó Shliabh Fitz Roy go Cerro Daudet a shonrú - Buenos Aires, Nollaig 1998",
                        "hi": "चिली गणराज्य और अर्जेंटीना गणराज्य के बीच फिट्ज़ रॉय पर्वत से सेरो डौडेट तक की सीमा रेखा को स्पष्ट करने के लिए समझौता - ब्यूनस आयर्स, दिसंबर 1998"
                    },
                    "fill": "#808080",
                    "stroke": "#808080"
                },
                "geometry": {
                    "type": "Polygon",
                    "coordinates": [
                        [
                            [
                                -73.6333322,
                                -49.7916683,
                                0
                            ],
                            [
                                -72.9833343,
                                -49.7916633,
                                0
                            ],
                            [
                                -72.9833407,
                                -49.1666605,
                                0
                            ],
                            [
                                -73.6333332,
                                -49.1666668,
                                0
                            ],
                            [
                                -73.6333322,
                                -49.7916683,
                                0
                            ]
                        ]
                    ]
                }
            },
            {
                "type": "Feature",
                "properties": {
                    "title": "Traza en base a los hitos de 1898 acordado por los peritos",
                    "description": {
                        "es": "Traza siguiendo los cordones montañosos naturales que rodean a los hitos acordados por los peritos Francisco Pascasio Moreno de Argentina y Diego Barrios Arana de Chile en las actas de 1898. Autores de la recreación del límite histórico: [[:es:Cedomir Marangunic|Cedomir Marangunic Damianovic]] y [[:es:Juan Ignacio Ipinza|Juan Ignacio Ipinza Mayor]].",
                        "en": "Trace following the natural mountain ridges surrounding the milestones agreed upon by the experts Francisco Pascasio Moreno from Argentina and Diego Barrios Arana from Chile in the 1898 agreements. Authors of the historical boundary recreation: [[:es:Cedomir Marangunic|Cedomir Marangunic Damianovic]] and [[:es:Juan Ignacio Ipinza|Juan Ignacio Ipinza Mayor]].",
                        "fr": "Trace suivant les crêtes montagneuses naturelles entourant les bornes convenues par les experts Francisco Pascasio Moreno d'Argentine et Diego Barrios Arana du Chili dans les accords de 1898. Auteurs de la reconstitution de la frontière historique : Cedomir Marangunic Damianovic et Juan Ignacio Ipinza Mayor.",
                        "de": "Linie, die den natürlichen Bergkämmen folgt, die die von den Experten Francisco Pascasio Moreno aus Argentinien und Diego Barrios Arana aus Chile in den Vereinbarungen von 1898 festgelegten Meilensteine umgeben. Autoren der Rekonstruktion der historischen Grenze: Cedomir Marangunic Damianovic und Juan Ignacio Ipinza Mayor.",
                        "it": "Tracciato che segue le creste montuose naturali che circondano i punti di riferimento concordati dagli esperti Francisco Pascasio Moreno dell'Argentina e Diego Barrios Arana del Cile negli accordi del 1898. Autori della ricostruzione del confine storico: Cedomir Marangunic Damianovic e Juan Ignacio Ipinza Mayor.",
                        "zh": "沿自然山脊的轨迹，环绕由阿根廷的弗朗西斯科·帕斯卡西奥·莫雷诺和智利的迭戈·巴里奥斯·阿拉纳在1898年协议中商定的里程碑。历史边界重建的作者：塞多米尔·马兰古尼克·达米亚诺维奇和胡安·伊格纳西奥·伊平萨·马约尔。",
                        "pt": "Traçado que segue as cristas montanhosas naturais que cercam os marcos acordados pelos peritos Francisco Pascasio Moreno da Argentina e Diego Barrios Arana do Chile nos acordos de 1898. Autores da recriação da fronteira histórica: Cedomir Marangunic Damianovic e Juan Ignacio Ipinza Mayor.",
                        "ca": "Traça que segueix les crestes muntanyoses naturals que envolten els fites acordades pels perits Francisco Pascasio Moreno de l'Argentina i Diego Barrios Arana de Xile en els acords de 1898. Autors de la recreació de la frontera històrica: Cedomir Marangunic Damianovic i Juan Ignacio Ipinza Mayor."
                    },
                    "stroke": "#fc7f3b"
                },
                "geometry": {
                    "type": "MultiLineString",
                    "coordinates": [
                        [
                            [
                                -73.0352941,
                                -49.4225133,
                                0
                            ],
                            [
                                -73.0353032,
                                -49.4225716,
                                0
                            ],
                            [
                                -73.0358282,
                                -49.4227047,
                                0
                            ],
                            [
                                -73.0388138,
                                -49.4263138,
                                0
                            ],
                            [
                                -73.0403714,
                                -49.4275519,
                                0
                            ],
                            [
                                -73.0409696,
                                -49.4285183,
                                0
                            ],
                            [
                                -73.041384,
                                -49.4290373,
                                0
                            ],
                            [
                                -73.0415436,
                                -49.4298445,
                                0
                            ],
                            [
                                -73.0412649,
                                -49.430652,
                                0
                            ],
                            [
                                -73.0393215,
                                -49.4339039,
                                0
                            ],
                            [
                                -73.0375867,
                                -49.4366764,
                                0
                            ],
                            [
                                -73.0367469,
                                -49.4383471,
                                0
                            ],
                            [
                                -73.0364155,
                                -49.4388985,
                                0
                            ],
                            [
                                -73.0353399,
                                -49.4399603,
                                0
                            ],
                            [
                                -73.035425,
                                -49.4401365,
                                0
                            ],
                            [
                                -73.0349661,
                                -49.4408517,
                                0
                            ],
                            [
                                -73.0334728,
                                -49.4417408,
                                0
                            ],
                            [
                                -73.0322727,
                                -49.4422902,
                                0
                            ],
                            [
                                -73.0316622,
                                -49.4429079,
                                0
                            ],
                            [
                                -73.0317931,
                                -49.443145,
                                0
                            ],
                            [
                                -73.0316542,
                                -49.4436456,
                                0
                            ],
                            [
                                -73.032277,
                                -49.4449832,
                                0
                            ],
                            [
                                -73.0324556,
                                -49.445383,
                                0
                            ],
                            [
                                -73.0322311,
                                -49.4460353,
                                0
                            ],
                            [
                                -73.0323878,
                                -49.4466274,
                                0
                            ],
                            [
                                -73.0321621,
                                -49.4473004,
                                0
                            ],
                            [
                                -73.0319907,
                                -49.447508,
                                0
                            ],
                            [
                                -73.0281342,
                                -49.4476211,
                                0
                            ],
                            [
                                -73.0236505,
                                -49.4475872,
                                0
                            ],
                            [
                                -73.021835,
                                -49.4471834,
                                0
                            ],
                            [
                                -73.0207828,
                                -49.4475366,
                                0
                            ],
                            [
                                -73.0186081,
                                -49.4476804,
                                0
                            ],
                            [
                                -73.0164898,
                                -49.4477876,
                                0
                            ],
                            [
                                -73.0166511,
                                -49.448255,
                                0
                            ],
                            [
                                -73.0170053,
                                -49.4486802,
                                0
                            ],
                            [
                                -73.0174058,
                                -49.4490399,
                                0
                            ],
                            [
                                -73.0173039,
                                -49.4496231,
                                0
                            ],
                            [
                                -73.0174232,
                                -49.4500106,
                                0
                            ],
                            [
                                -73.0173098,
                                -49.4508627,
                                0
                            ],
                            [
                                -73.017553,
                                -49.451206,
                                0
                            ],
                            [
                                -73.0178494,
                                -49.4514595,
                                0
                            ],
                            [
                                -73.0175631,
                                -49.4526604,
                                0
                            ],
                            [
                                -73.0177133,
                                -49.453798,
                                0
                            ],
                            [
                                -73.0173671,
                                -49.4553899,
                                0
                            ],
                            [
                                -73.017871,
                                -49.4557859,
                                0
                            ],
                            [
                                -73.0177997,
                                -49.4564131,
                                0
                            ],
                            [
                                -73.0171175,
                                -49.4577742,
                                0
                            ],
                            [
                                -73.0168936,
                                -49.4587063,
                                0
                            ],
                            [
                                -73.0167522,
                                -49.4606124,
                                0
                            ],
                            [
                                -73.0171026,
                                -49.4611478,
                                0
                            ],
                            [
                                -73.0182687,
                                -49.4622172,
                                0
                            ],
                            [
                                -73.0187558,
                                -49.4628335,
                                0
                            ],
                            [
                                -73.0188179,
                                -49.4634581,
                                0
                            ],
                            [
                                -73.0185192,
                                -49.4642646,
                                0
                            ],
                            [
                                -73.0171685,
                                -49.4653234,
                                0
                            ],
                            [
                                -73.0164773,
                                -49.465967,
                                0
                            ],
                            [
                                -73.0156581,
                                -49.4669124,
                                0
                            ],
                            [
                                -73.0155385,
                                -49.4671771,
                                0
                            ],
                            [
                                -73.015919,
                                -49.4681306,
                                0
                            ],
                            [
                                -73.0166498,
                                -49.4685662,
                                0
                            ],
                            [
                                -73.0165748,
                                -49.46914,
                                0
                            ],
                            [
                                -73.0162886,
                                -49.4706905,
                                0
                            ],
                            [
                                -73.0154976,
                                -49.4719393,
                                0
                            ],
                            [
                                -73.0148179,
                                -49.4732552,
                                0
                            ],
                            [
                                -73.0135946,
                                -49.4731569,
                                0
                            ],
                            [
                                -73.0127554,
                                -49.4732528,
                                0
                            ],
                            [
                                -73.0129336,
                                -49.4744107,
                                0
                            ],
                            [
                                -73.0131442,
                                -49.4755798,
                                0
                            ],
                            [
                                -73.0133398,
                                -49.4766689,
                                0
                            ],
                            [
                                -73.0130721,
                                -49.4776724,
                                0
                            ],
                            [
                                -73.0118986,
                                -49.478259,
                                0
                            ],
                            [
                                -73.0118502,
                                -49.4793221,
                                0
                            ],
                            [
                                -73.0119643,
                                -49.4797571,
                                0
                            ],
                            [
                                -73.014448,
                                -49.4837584,
                                0
                            ],
                            [
                                -73.0151131,
                                -49.4845404,
                                0
                            ],
                            [
                                -73.0149309,
                                -49.4855255,
                                0
                            ],
                            [
                                -73.0147166,
                                -49.4861983,
                                0
                            ],
                            [
                                -73.0143615,
                                -49.4873168,
                                0
                            ],
                            [
                                -73.0136308,
                                -49.4877728,
                                0
                            ],
                            [
                                -73.0132027,
                                -49.4880676,
                                0
                            ],
                            [
                                -73.0153184,
                                -49.4906695,
                                0
                            ],
                            [
                                -73.0155159,
                                -49.4922433,
                                0
                            ],
                            [
                                -73.0160132,
                                -49.4929161,
                                0
                            ],
                            [
                                -73.0165013,
                                -49.4932321,
                                0
                            ],
                            [
                                -73.0168892,
                                -49.4938948,
                                0
                            ],
                            [
                                -73.0170194,
                                -49.4953622,
                                0
                            ],
                            [
                                -73.0167269,
                                -49.4980554,
                                0
                            ],
                            [
                                -73.0162303,
                                -49.4992574,
                                0
                            ],
                            [
                                -73.0170344,
                                -49.5011314,
                                0
                            ],
                            [
                                -73.0176532,
                                -49.5020305,
                                0
                            ],
                            [
                                -73.0176548,
                                -49.5033042,
                                0
                            ],
                            [
                                -73.0190547,
                                -49.5037807,
                                0
                            ],
                            [
                                -73.0194696,
                                -49.5053085,
                                0
                            ],
                            [
                                -73.0195332,
                                -49.5060086,
                                0
                            ],
                            [
                                -73.0197258,
                                -49.507531,
                                0
                            ],
                            [
                                -73.0197039,
                                -49.5080526,
                                0
                            ],
                            [
                                -73.0198778,
                                -49.5085926,
                                0
                            ],
                            [
                                -73.0211498,
                                -49.509471,
                                0
                            ],
                            [
                                -73.0231687,
                                -49.5115323,
                                0
                            ],
                            [
                                -73.0335133,
                                -49.5470784,
                                0
                            ],
                            [
                                -73.0185594,
                                -49.5738317,
                                0
                            ],
                            [
                                -73.0242776,
                                -49.5742867,
                                0
                            ],
                            [
                                -73.0312377,
                                -49.5768189,
                                0
                            ],
                            [
                                -73.0360505,
                                -49.5786413,
                                0
                            ],
                            [
                                -73.0379042,
                                -49.5789608,
                                0
                            ],
                            [
                                -73.0393442,
                                -49.579336,
                                0
                            ],
                            [
                                -73.0403585,
                                -49.57961,
                                0
                            ],
                            [
                                -73.0417584,
                                -49.5789271,
                                0
                            ],
                            [
                                -73.0437348,
                                -49.5792558,
                                0
                            ],
                            [
                                -73.0453065,
                                -49.5797146,
                                0
                            ],
                            [
                                -73.0461152,
                                -49.5800262,
                                0
                            ],
                            [
                                -73.0468488,
                                -49.5810734,
                                0
                            ],
                            [
                                -73.0491185,
                                -49.5825772,
                                0
                            ],
                            [
                                -73.0514889,
                                -49.583178,
                                0
                            ],
                            [
                                -73.0537118,
                                -49.5838672,
                                0
                            ],
                            [
                                -73.0571138,
                                -49.5841221,
                                0
                            ],
                            [
                                -73.0592457,
                                -49.5850965,
                                0
                            ],
                            [
                                -73.060243,
                                -49.5859685,
                                0
                            ],
                            [
                                -73.0608429,
                                -49.586443,
                                0
                            ],
                            [
                                -73.0618434,
                                -49.5863418,
                                0
                            ],
                            [
                                -73.0626859,
                                -49.5872534,
                                0
                            ],
                            [
                                -73.0631411,
                                -49.5876407,
                                0
                            ],
                            [
                                -73.0643607,
                                -49.5885517,
                                0
                            ],
                            [
                                -73.0647771,
                                -49.5889425,
                                0
                            ],
                            [
                                -73.0644988,
                                -49.5896716,
                                0
                            ],
                            [
                                -73.0647533,
                                -49.5903866,
                                0
                            ],
                            [
                                -73.0680236,
                                -49.5904491,
                                0
                            ],
                            [
                                -73.0702036,
                                -49.5909174,
                                0
                            ],
                            [
                                -73.0697255,
                                -49.591934,
                                0
                            ],
                            [
                                -73.0691146,
                                -49.5935436,
                                0
                            ],
                            [
                                -73.0695902,
                                -49.5944371,
                                0
                            ],
                            [
                                -73.0711969,
                                -49.5950981,
                                0
                            ],
                            [
                                -73.0716572,
                                -49.5962786,
                                0
                            ],
                            [
                                -73.0726022,
                                -49.5968351,
                                0
                            ],
                            [
                                -73.0720678,
                                -49.5990797,
                                0
                            ],
                            [
                                -73.0722721,
                                -49.5998586,
                                0
                            ],
                            [
                                -73.071389,
                                -49.6005534,
                                0
                            ],
                            [
                                -73.0706332,
                                -49.6022113,
                                0
                            ],
                            [
                                -73.0703047,
                                -49.6028166,
                                0
                            ],
                            [
                                -73.069346,
                                -49.6036391,
                                0
                            ],
                            [
                                -73.0684216,
                                -49.6041283,
                                0
                            ],
                            [
                                -73.0681311,
                                -49.6059722,
                                0
                            ],
                            [
                                -73.0682482,
                                -49.6076404,
                                0
                            ],
                            [
                                -73.0680657,
                                -49.6087871,
                                0
                            ],
                            [
                                -73.0678329,
                                -49.6098862,
                                0
                            ],
                            [
                                -73.0680422,
                                -49.6112165,
                                0
                            ],
                            [
                                -73.0681225,
                                -49.6119568,
                                0
                            ],
                            [
                                -73.0677704,
                                -49.6130249,
                                0
                            ],
                            [
                                -73.0673223,
                                -49.6132192,
                                0
                            ],
                            [
                                -73.0668385,
                                -49.61448,
                                0
                            ],
                            [
                                -73.0662746,
                                -49.6151011,
                                0
                            ],
                            [
                                -73.0652145,
                                -49.6166624,
                                0
                            ],
                            [
                                -73.0647137,
                                -49.6172928,
                                0
                            ],
                            [
                                -73.0632472,
                                -49.6184273,
                                0
                            ],
                            [
                                -73.0621337,
                                -49.6202302,
                                0
                            ],
                            [
                                -73.0615932,
                                -49.6209604,
                                0
                            ],
                            [
                                -73.0612362,
                                -49.6212919,
                                0
                            ],
                            [
                                -73.0601805,
                                -49.6232183,
                                0
                            ],
                            [
                                -73.0613958,
                                -49.6252659,
                                0
                            ],
                            [
                                -73.0615739,
                                -49.6257632,
                                0
                            ],
                            [
                                -73.0613896,
                                -49.6262789,
                                0
                            ],
                            [
                                -73.0626739,
                                -49.6263278,
                                0
                            ],
                            [
                                -73.0643711,
                                -49.6264661,
                                0
                            ],
                            [
                                -73.0657901,
                                -49.6266342,
                                0
                            ],
                            [
                                -73.0674036,
                                -49.6276985,
                                0
                            ],
                            [
                                -73.0694182,
                                -49.629747,
                                0
                            ],
                            [
                                -73.0719312,
                                -49.6318157,
                                0
                            ],
                            [
                                -73.0735,
                                -49.6325003,
                                0
                            ],
                            [
                                -73.0732661,
                                -49.6334708,
                                0
                            ],
                            [
                                -73.0735743,
                                -49.6339711,
                                0
                            ],
                            [
                                -73.073542,
                                -49.6343379,
                                0
                            ],
                            [
                                -73.0730842,
                                -49.6346181,
                                0
                            ],
                            [
                                -73.073539,
                                -49.6350777,
                                0
                            ],
                            [
                                -73.0743811,
                                -49.6354985,
                                0
                            ],
                            [
                                -73.0751727,
                                -49.6354941,
                                0
                            ],
                            [
                                -73.0755887,
                                -49.6360464,
                                0
                            ],
                            [
                                -73.0764079,
                                -49.6368929,
                                0
                            ],
                            [
                                -73.0771874,
                                -49.6372555,
                                0
                            ],
                            [
                                -73.079132,
                                -49.6377071,
                                0
                            ],
                            [
                                -73.0834377,
                                -49.6374712,
                                0
                            ],
                            [
                                -73.0857396,
                                -49.6370854,
                                0
                            ],
                            [
                                -73.0859186,
                                -49.6370016,
                                0
                            ],
                            [
                                -73.0858827,
                                -49.636737,
                                0
                            ],
                            [
                                -73.089061,
                                -49.6351983,
                                0
                            ],
                            [
                                -73.0915551,
                                -49.634745,
                                0
                            ],
                            [
                                -73.0939085,
                                -49.6349233,
                                0
                            ],
                            [
                                -73.095736,
                                -49.6356066,
                                0
                            ],
                            [
                                -73.0970521,
                                -49.6358263,
                                0
                            ],
                            [
                                -73.0995927,
                                -49.6351664,
                                0
                            ],
                            [
                                -73.1018598,
                                -49.6346138,
                                0
                            ],
                            [
                                -73.1039709,
                                -49.6349988,
                                0
                            ],
                            [
                                -73.104743,
                                -49.6347241,
                                0
                            ],
                            [
                                -73.10505,
                                -49.6342061,
                                0
                            ],
                            [
                                -73.1059763,
                                -49.6345345,
                                0
                            ],
                            [
                                -73.1075923,
                                -49.6345723,
                                0
                            ],
                            [
                                -73.1098805,
                                -49.63411,
                                0
                            ],
                            [
                                -73.1121141,
                                -49.6335666,
                                0
                            ],
                            [
                                -73.1127493,
                                -49.6333759,
                                0
                            ],
                            [
                                -73.1136994,
                                -49.6331736,
                                0
                            ],
                            [
                                -73.1158763,
                                -49.6334696,
                                0
                            ],
                            [
                                -73.1172799,
                                -49.6340741,
                                0
                            ],
                            [
                                -73.121256,
                                -49.6336325,
                                0
                            ],
                            [
                                -73.1232671,
                                -49.6342969,
                                0
                            ],
                            [
                                -73.1252145,
                                -49.6365567,
                                0
                            ],
                            [
                                -73.1255906,
                                -49.6365181,
                                0
                            ],
                            [
                                -73.1374758,
                                -49.6499303,
                                0
                            ],
                            [
                                -73.1439233,
                                -49.6543561,
                                0
                            ],
                            [
                                -73.1452311,
                                -49.6556933,
                                0
                            ],
                            [
                                -73.1483184,
                                -49.6570575,
                                0
                            ],
                            [
                                -73.1487989,
                                -49.6572784,
                                0
                            ],
                            [
                                -73.1484875,
                                -49.6572936,
                                0
                            ],
                            [
                                -73.1482932,
                                -49.6572835,
                                0
                            ],
                            [
                                -73.1473758,
                                -49.6572345,
                                0
                            ],
                            [
                                -73.1456993,
                                -49.6572661,
                                0
                            ],
                            [
                                -73.1446155,
                                -49.6577288,
                                0
                            ],
                            [
                                -73.1426022,
                                -49.6578121,
                                0
                            ],
                            [
                                -73.1389624,
                                -49.6582199,
                                0
                            ],
                            [
                                -73.1357193,
                                -49.6582631,
                                0
                            ],
                            [
                                -73.1338606,
                                -49.6578962,
                                0
                            ],
                            [
                                -73.1321608,
                                -49.6578943,
                                0
                            ],
                            [
                                -73.1310148,
                                -49.6575626,
                                0
                            ],
                            [
                                -73.1281252,
                                -49.6582795,
                                0
                            ],
                            [
                                -73.1253573,
                                -49.659122,
                                0
                            ],
                            [
                                -73.1227013,
                                -49.6595162,
                                0
                            ],
                            [
                                -73.1147348,
                                -49.659701,
                                0
                            ],
                            [
                                -73.1130405,
                                -49.6685923,
                                0
                            ],
                            [
                                -73.1141344,
                                -49.6694848,
                                0
                            ],
                            [
                                -73.1138497,
                                -49.6699401,
                                0
                            ],
                            [
                                -73.1140794,
                                -49.6709099,
                                0
                            ],
                            [
                                -73.1143884,
                                -49.6716524,
                                0
                            ],
                            [
                                -73.1145596,
                                -49.672176,
                                0
                            ],
                            [
                                -73.1145462,
                                -49.6731299,
                                0
                            ],
                            [
                                -73.1172141,
                                -49.6749177,
                                0
                            ],
                            [
                                -73.1182924,
                                -49.6777172,
                                0
                            ],
                            [
                                -73.1166315,
                                -49.6787735,
                                0
                            ],
                            [
                                -73.1153117,
                                -49.6807585,
                                0
                            ],
                            [
                                -73.1151904,
                                -49.6814965,
                                0
                            ],
                            [
                                -73.1130081,
                                -49.6823766,
                                0
                            ],
                            [
                                -73.1112858,
                                -49.6843371,
                                0
                            ],
                            [
                                -73.1152554,
                                -49.6874579,
                                0
                            ],
                            [
                                -73.1192783,
                                -49.6909957,
                                0
                            ],
                            [
                                -73.1204451,
                                -49.6922006,
                                0
                            ],
                            [
                                -73.1218033,
                                -49.6939597,
                                0
                            ],
                            [
                                -73.1245078,
                                -49.6976119,
                                0
                            ],
                            [
                                -73.1283193,
                                -49.7015541,
                                0
                            ],
                            [
                                -73.140399,
                                -49.7020409,
                                0
                            ],
                            [
                                -73.1440387,
                                -49.7038641,
                                0
                            ],
                            [
                                -73.1468082,
                                -49.7060939,
                                0
                            ],
                            [
                                -73.152091,
                                -49.7088339,
                                0
                            ],
                            [
                                -73.1581337,
                                -49.7101838,
                                0
                            ],
                            [
                                -73.1633202,
                                -49.7108371,
                                0
                            ],
                            [
                                -73.1656814,
                                -49.7109069,
                                0
                            ],
                            [
                                -73.16904,
                                -49.7110525,
                                0
                            ],
                            [
                                -73.1835841,
                                -49.7110876,
                                0
                            ],
                            [
                                -73.1797911,
                                -49.7154484,
                                0
                            ],
                            [
                                -73.1787131,
                                -49.7177657,
                                0
                            ],
                            [
                                -73.1781786,
                                -49.7198107,
                                0
                            ],
                            [
                                -73.1779129,
                                -49.7215929,
                                0
                            ],
                            [
                                -73.1777375,
                                -49.7238094,
                                0
                            ],
                            [
                                -73.177763,
                                -49.7248358,
                                0
                            ],
                            [
                                -73.1782905,
                                -49.7256621,
                                0
                            ],
                            [
                                -73.1753363,
                                -49.7284483,
                                0
                            ],
                            [
                                -73.1735589,
                                -49.7298019,
                                0
                            ],
                            [
                                -73.1721788,
                                -49.731573,
                                0
                            ],
                            [
                                -73.1699046,
                                -49.733253,
                                0
                            ],
                            [
                                -73.1691053,
                                -49.7346121,
                                0
                            ],
                            [
                                -73.1688639,
                                -49.7361252,
                                0
                            ],
                            [
                                -73.1695849,
                                -49.7380484,
                                0
                            ],
                            [
                                -73.1682918,
                                -49.7389237,
                                0
                            ],
                            [
                                -73.1682134,
                                -49.7401605,
                                0
                            ],
                            [
                                -73.1672706,
                                -49.7407158,
                                0
                            ],
                            [
                                -73.1659874,
                                -49.7418891,
                                0
                            ],
                            [
                                -73.1651614,
                                -49.7423447,
                                0
                            ],
                            [
                                -73.1643881,
                                -49.7434641,
                                0
                            ],
                            [
                                -73.1646315,
                                -49.7443729,
                                0
                            ],
                            [
                                -73.1666473,
                                -49.7471476,
                                0
                            ],
                            [
                                -73.1680962,
                                -49.7503282,
                                0
                            ],
                            [
                                -73.1735199,
                                -49.7560264,
                                0
                            ],
                            [
                                -73.1735806,
                                -49.756316,
                                0
                            ],
                            [
                                -73.1730055,
                                -49.7566152,
                                0
                            ],
                            [
                                -73.1719243,
                                -49.7568268,
                                0
                            ],
                            [
                                -73.1716802,
                                -49.7573997,
                                0
                            ],
                            [
                                -73.1716022,
                                -49.7579688,
                                0
                            ],
                            [
                                -73.1710353,
                                -49.7596427,
                                0
                            ],
                            [
                                -73.1706904,
                                -49.7601228,
                                0
                            ],
                            [
                                -73.1704259,
                                -49.760539,
                                0
                            ],
                            [
                                -73.1705981,
                                -49.7612671,
                                0
                            ],
                            [
                                -73.1709799,
                                -49.7617105,
                                0
                            ],
                            [
                                -73.1716072,
                                -49.7629392,
                                0
                            ],
                            [
                                -73.17296,
                                -49.7647096,
                                0
                            ],
                            [
                                -73.1726138,
                                -49.7661904,
                                0
                            ],
                            [
                                -73.1724746,
                                -49.7671682,
                                0
                            ],
                            [
                                -73.1725289,
                                -49.7680862,
                                0
                            ],
                            [
                                -73.1727828,
                                -49.7690175,
                                0
                            ],
                            [
                                -73.1737559,
                                -49.7695817,
                                0
                            ],
                            [
                                -73.1751979,
                                -49.7701985,
                                0
                            ],
                            [
                                -73.1780148,
                                -49.7715937,
                                0
                            ],
                            [
                                -73.1793541,
                                -49.772351,
                                0
                            ],
                            [
                                -73.181237,
                                -49.7719894,
                                0
                            ],
                            [
                                -73.1826509,
                                -49.7709288,
                                0
                            ],
                            [
                                -73.1842441,
                                -49.7703621,
                                0
                            ],
                            [
                                -73.1858443,
                                -49.7711817,
                                0
                            ],
                            [
                                -73.1872146,
                                -49.7720414,
                                0
                            ],
                            [
                                -73.1860486,
                                -49.7755345,
                                0
                            ],
                            [
                                -73.1842387,
                                -49.7809391,
                                0
                            ],
                            [
                                -73.184458,
                                -49.7846247,
                                0
                            ],
                            [
                                -73.1873904,
                                -49.78622,
                                0
                            ],
                            [
                                -73.1880792,
                                -49.7913222,
                                0
                            ],
                            [
                                -73.1889163,
                                -49.7940225,
                                0
                            ],
                            [
                                -73.1904699,
                                -49.7986302,
                                0
                            ],
                            [
                                -73.1920907,
                                -49.7994066,
                                0
                            ],
                            [
                                -73.2054276,
                                -49.8017904,
                                0
                            ],
                            [
                                -73.2181321,
                                -49.8080689,
                                0
                            ],
                            [
                                -73.3203651,
                                -49.8655284,
                                0
                            ],
                            [
                                -73.3381695,
                                -49.8718245,
                                0
                            ],
                            [
                                -73.3398072,
                                -49.8704296,
                                0
                            ],
                            [
                                -73.3423152,
                                -49.8694362,
                                0
                            ],
                            [
                                -73.3434398,
                                -49.8695161,
                                0
                            ],
                            [
                                -73.3450786,
                                -49.869137,
                                0
                            ],
                            [
                                -73.3463941,
                                -49.8692263,
                                0
                            ],
                            [
                                -73.3481288,
                                -49.8685388,
                                0
                            ],
                            [
                                -73.3491208,
                                -49.8684243,
                                0
                            ],
                            [
                                -73.3514116,
                                -49.8680582,
                                0
                            ],
                            [
                                -73.3523752,
                                -49.8687501,
                                0
                            ],
                            [
                                -73.3552366,
                                -49.8694978,
                                0
                            ],
                            [
                                -73.3570507,
                                -49.8692699,
                                0
                            ],
                            [
                                -73.3587665,
                                -49.8696212,
                                0
                            ],
                            [
                                -73.3615056,
                                -49.8701121,
                                0
                            ],
                            [
                                -73.3611069,
                                -49.8709288,
                                0
                            ],
                            [
                                -73.3654156,
                                -49.8722322,
                                0
                            ],
                            [
                                -73.3676693,
                                -49.8721689,
                                0
                            ],
                            [
                                -73.3697022,
                                -49.8727781,
                                0
                            ],
                            [
                                -73.3706594,
                                -49.8732154,
                                0
                            ],
                            [
                                -73.3729866,
                                -49.8735463,
                                0
                            ],
                            [
                                -73.3743083,
                                -49.872476,
                                0
                            ],
                            [
                                -73.3829501,
                                -49.8682636,
                                0
                            ],
                            [
                                -73.3914957,
                                -49.8682796,
                                0
                            ],
                            [
                                -73.3938247,
                                -49.8687826,
                                0
                            ],
                            [
                                -73.4031524,
                                -49.8691412,
                                0
                            ],
                            [
                                -73.4053141,
                                -49.8680335,
                                0
                            ],
                            [
                                -73.4134369,
                                -49.8688327,
                                0
                            ],
                            [
                                -73.4165638,
                                -49.8693715,
                                0
                            ],
                            [
                                -73.4209807,
                                -49.8683989,
                                0
                            ],
                            [
                                -73.4271978,
                                -49.8694389,
                                0
                            ],
                            [
                                -73.432778,
                                -49.8683888,
                                0
                            ],
                            [
                                -73.4340911,
                                -49.868874,
                                0
                            ],
                            [
                                -73.4355941,
                                -49.8695115,
                                0
                            ],
                            [
                                -73.4534062,
                                -49.875577,
                                0
                            ],
                            [
                                -73.4584186,
                                -49.8766453,
                                0
                            ],
                            [
                                -73.4591894,
                                -49.8784172,
                                0
                            ],
                            [
                                -73.4638029,
                                -49.8789602,
                                0
                            ],
                            [
                                -73.4673875,
                                -49.8804755,
                                0
                            ],
                            [
                                -73.4699253,
                                -49.8821109,
                                0
                            ],
                            [
                                -73.4723984,
                                -49.8835132,
                                0
                            ],
                            [
                                -73.4745532,
                                -49.8860103,
                                0
                            ],
                            [
                                -73.4763737,
                                -49.8894581,
                                0
                            ],
                            [
                                -73.472693,
                                -49.8946085,
                                0
                            ],
                            [
                                -73.4690716,
                                -49.9025585,
                                0
                            ],
                            [
                                -73.4795625,
                                -49.9071606,
                                0
                            ],
                            [
                                -73.4809033,
                                -49.9230092,
                                0
                            ],
                            [
                                -73.4647591,
                                -49.9437145,
                                0
                            ],
                            [
                                -73.4652102,
                                -49.9462532,
                                0
                            ],
                            [
                                -73.4643997,
                                -49.949274,
                                0
                            ],
                            [
                                -73.4650574,
                                -49.9512232,
                                0
                            ],
                            [
                                -73.465131,
                                -49.9543732,
                                0
                            ],
                            [
                                -73.4643808,
                                -49.9556112,
                                0
                            ],
                            [
                                -73.4614446,
                                -49.9563937,
                                0
                            ],
                            [
                                -73.4590009,
                                -49.9570103,
                                0
                            ],
                            [
                                -73.4575165,
                                -49.9584227,
                                0
                            ],
                            [
                                -73.4547524,
                                -49.9594068,
                                0
                            ],
                            [
                                -73.4513561,
                                -49.9603809,
                                0
                            ],
                            [
                                -73.4500774,
                                -49.9613314,
                                0
                            ],
                            [
                                -73.44801,
                                -49.9627086,
                                0
                            ],
                            [
                                -73.4470316,
                                -49.9630712,
                                0
                            ],
                            [
                                -73.4457124,
                                -49.9641141,
                                0
                            ],
                            [
                                -73.4451083,
                                -49.967596,
                                0
                            ],
                            [
                                -73.445879,
                                -49.9688243,
                                0
                            ],
                            [
                                -73.4461589,
                                -49.9709192,
                                0
                            ],
                            [
                                -73.4455457,
                                -49.9722673,
                                0
                            ],
                            [
                                -73.4449536,
                                -49.9732956,
                                0
                            ],
                            [
                                -73.4450844,
                                -49.9739945,
                                0
                            ],
                            [
                                -73.4448296,
                                -49.9748387,
                                0
                            ],
                            [
                                -73.4450994,
                                -49.9761778,
                                0
                            ],
                            [
                                -73.4456344,
                                -49.9768302,
                                0
                            ],
                            [
                                -73.4451647,
                                -49.9773033,
                                0
                            ],
                            [
                                -73.4445662,
                                -49.9781536,
                                0
                            ],
                            [
                                -73.4444824,
                                -49.9789693,
                                0
                            ],
                            [
                                -73.4438626,
                                -49.9799745,
                                0
                            ],
                            [
                                -73.4420594,
                                -49.9807381,
                                0
                            ],
                            [
                                -73.441289,
                                -49.9819426,
                                0
                            ],
                            [
                                -73.4420249,
                                -49.9825471,
                                0
                            ],
                            [
                                -73.4449163,
                                -49.9834255,
                                0
                            ],
                            [
                                -73.4470792,
                                -49.9841622,
                                0
                            ],
                            [
                                -73.4477806,
                                -49.9850879,
                                0
                            ],
                            [
                                -73.4470853,
                                -49.9860184,
                                0
                            ],
                            [
                                -73.4463341,
                                -49.9869057,
                                0
                            ],
                            [
                                -73.4444609,
                                -49.9894224,
                                0
                            ],
                            [
                                -73.4437658,
                                -49.9900965,
                                0
                            ],
                            [
                                -73.4431625,
                                -49.9937066,
                                0
                            ],
                            [
                                -73.4428606,
                                -49.9962747,
                                0
                            ],
                            [
                                -73.4425407,
                                -49.9970531,
                                0
                            ],
                            [
                                -73.4355854,
                                -50.0099444,
                                0
                            ],
                            [
                                -73.4363403,
                                -50.011328,
                                0
                            ],
                            [
                                -73.439543,
                                -50.0133947,
                                0
                            ],
                            [
                                -73.4409355,
                                -50.0166186,
                                0
                            ],
                            [
                                -73.4400654,
                                -50.0197099,
                                0
                            ],
                            [
                                -73.4394604,
                                -50.0204533,
                                0
                            ],
                            [
                                -73.4385408,
                                -50.0230642,
                                0
                            ],
                            [
                                -73.4369472,
                                -50.0249341,
                                0
                            ],
                            [
                                -73.4360188,
                                -50.0268514,
                                0
                            ],
                            [
                                -73.434606,
                                -50.0277769,
                                0
                            ],
                            [
                                -73.4343891,
                                -50.0305919,
                                0
                            ],
                            [
                                -73.4385484,
                                -50.0411964,
                                0
                            ],
                            [
                                -73.4498579,
                                -50.0446508,
                                0
                            ],
                            [
                                -73.4535698,
                                -50.0477773,
                                0
                            ],
                            [
                                -73.4601401,
                                -50.0525817,
                                0
                            ],
                            [
                                -73.4615376,
                                -50.0537424,
                                0
                            ],
                            [
                                -73.463209,
                                -50.0546753,
                                0
                            ],
                            [
                                -73.4705736,
                                -50.0539345,
                                0
                            ],
                            [
                                -73.475207,
                                -50.0537096,
                                0
                            ],
                            [
                                -73.4792964,
                                -50.0534331,
                                0
                            ],
                            [
                                -73.4818788,
                                -50.0525025,
                                0
                            ],
                            [
                                -73.4845832,
                                -50.0519803,
                                0
                            ],
                            [
                                -73.4889356,
                                -50.051988,
                                0
                            ],
                            [
                                -73.4914429,
                                -50.0515565,
                                0
                            ],
                            [
                                -73.4931724,
                                -50.0510573,
                                0
                            ],
                            [
                                -73.4966297,
                                -50.0515081,
                                0
                            ],
                            [
                                -73.5006614,
                                -50.0592485,
                                0
                            ],
                            [
                                -73.4969799,
                                -50.0610692,
                                0
                            ],
                            [
                                -73.4954987,
                                -50.0625395,
                                0
                            ],
                            [
                                -73.4940538,
                                -50.0635614,
                                0
                            ],
                            [
                                -73.4931125,
                                -50.0638314,
                                0
                            ],
                            [
                                -73.4904969,
                                -50.065634,
                                0
                            ],
                            [
                                -73.4851744,
                                -50.0683627,
                                0
                            ],
                            [
                                -73.4720209,
                                -50.0891441,
                                0
                            ],
                            [
                                -73.4673654,
                                -50.0912715,
                                0
                            ],
                            [
                                -73.4665197,
                                -50.0921762,
                                0
                            ],
                            [
                                -73.466502,
                                -50.0942574,
                                0
                            ],
                            [
                                -73.4652552,
                                -50.097252,
                                0
                            ],
                            [
                                -73.4638838,
                                -50.0991871,
                                0
                            ],
                            [
                                -73.4633168,
                                -50.1002407,
                                0
                            ],
                            [
                                -73.4634667,
                                -50.1023937,
                                0
                            ],
                            [
                                -73.4615859,
                                -50.1024862,
                                0
                            ],
                            [
                                -73.4595939,
                                -50.1033958,
                                0
                            ],
                            [
                                -73.4589382,
                                -50.1046071,
                                0
                            ],
                            [
                                -73.4572086,
                                -50.1068522,
                                0
                            ],
                            [
                                -73.459879,
                                -50.1110906,
                                0
                            ],
                            [
                                -73.4526316,
                                -50.1173877,
                                0
                            ],
                            [
                                -73.4430844,
                                -50.1228944,
                                0
                            ],
                            [
                                -73.4238547,
                                -50.1423121,
                                0
                            ],
                            [
                                -73.4238561,
                                -50.1452533,
                                0
                            ],
                            [
                                -73.4213906,
                                -50.1492955,
                                0
                            ],
                            [
                                -73.418814,
                                -50.1514844,
                                0
                            ],
                            [
                                -73.4152771,
                                -50.1530751,
                                0
                            ],
                            [
                                -73.4117713,
                                -50.1535951,
                                0
                            ],
                            [
                                -73.4072906,
                                -50.1542359,
                                0
                            ],
                            [
                                -73.4029413,
                                -50.1545009,
                                0
                            ],
                            [
                                -73.4002665,
                                -50.1552184,
                                0
                            ],
                            [
                                -73.397129,
                                -50.1574351,
                                0
                            ],
                            [
                                -73.3942996,
                                -50.160365,
                                0
                            ],
                            [
                                -73.3912951,
                                -50.1631072,
                                0
                            ],
                            [
                                -73.3909242,
                                -50.1655139,
                                0
                            ],
                            [
                                -73.3907634,
                                -50.1660195,
                                0
                            ],
                            [
                                -73.3847429,
                                -50.1664899,
                                0
                            ],
                            [
                                -73.3839633,
                                -50.1656385,
                                0
                            ],
                            [
                                -73.3829366,
                                -50.1646899,
                                0
                            ],
                            [
                                -73.3796096,
                                -50.1638723,
                                0
                            ],
                            [
                                -73.3720938,
                                -50.1628251,
                                0
                            ],
                            [
                                -73.3710128,
                                -50.1631908,
                                0
                            ],
                            [
                                -73.3699937,
                                -50.1636569,
                                0
                            ],
                            [
                                -73.3694645,
                                -50.1652823,
                                0
                            ],
                            [
                                -73.3702026,
                                -50.1659307,
                                0
                            ],
                            [
                                -73.3701214,
                                -50.1662839,
                                0
                            ],
                            [
                                -73.3694439,
                                -50.1663329,
                                0
                            ],
                            [
                                -73.3670075,
                                -50.1663452,
                                0
                            ],
                            [
                                -73.3666284,
                                -50.1663155,
                                0
                            ],
                            [
                                -73.3660375,
                                -50.1664834,
                                0
                            ],
                            [
                                -73.3658358,
                                -50.1683055,
                                0
                            ],
                            [
                                -73.3658679,
                                -50.168444,
                                0
                            ],
                            [
                                -73.3661009,
                                -50.1687437,
                                0
                            ],
                            [
                                -73.3646961,
                                -50.1692599,
                                0
                            ],
                            [
                                -73.3632323,
                                -50.1696236,
                                0
                            ],
                            [
                                -73.3622572,
                                -50.1702022,
                                0
                            ],
                            [
                                -73.3610623,
                                -50.17123,
                                0
                            ],
                            [
                                -73.3606954,
                                -50.1715759,
                                0
                            ],
                            [
                                -73.3585897,
                                -50.1726284,
                                0
                            ],
                            [
                                -73.3570376,
                                -50.1728967,
                                0
                            ],
                            [
                                -73.3563301,
                                -50.1732319,
                                0
                            ],
                            [
                                -73.3553955,
                                -50.1742989,
                                0
                            ],
                            [
                                -73.3539099,
                                -50.1746223,
                                0
                            ],
                            [
                                -73.3526679,
                                -50.1746127,
                                0
                            ],
                            [
                                -73.3506622,
                                -50.1748308,
                                0
                            ],
                            [
                                -73.3489471,
                                -50.175441,
                                0
                            ],
                            [
                                -73.3481895,
                                -50.1756203,
                                0
                            ],
                            [
                                -73.3465049,
                                -50.1781465,
                                0
                            ],
                            [
                                -73.3466012,
                                -50.1817647,
                                0
                            ],
                            [
                                -73.3469883,
                                -50.1825247,
                                0
                            ],
                            [
                                -73.3464477,
                                -50.1846258,
                                0
                            ],
                            [
                                -73.3464063,
                                -50.1861169,
                                0
                            ],
                            [
                                -73.3458393,
                                -50.1864091,
                                0
                            ],
                            [
                                -73.3460917,
                                -50.1879772,
                                0
                            ],
                            [
                                -73.3739402,
                                -50.2201599,
                                0
                            ],
                            [
                                -73.3770473,
                                -50.2237134,
                                0
                            ],
                            [
                                -73.379763,
                                -50.2262017,
                                0
                            ],
                            [
                                -73.3829871,
                                -50.2406944,
                                0
                            ],
                            [
                                -73.3802282,
                                -50.2581744,
                                0
                            ],
                            [
                                -73.3747291,
                                -50.2917104,
                                0
                            ],
                            [
                                -73.3753479,
                                -50.2926298,
                                0
                            ],
                            [
                                -73.3758598,
                                -50.293566,
                                0
                            ],
                            [
                                -73.3755627,
                                -50.2943855,
                                0
                            ],
                            [
                                -73.3757725,
                                -50.2953041,
                                0
                            ],
                            [
                                -73.3756195,
                                -50.2958519,
                                0
                            ],
                            [
                                -73.375113,
                                -50.2964406,
                                0
                            ],
                            [
                                -73.3718625,
                                -50.2993372,
                                0
                            ],
                            [
                                -73.3690463,
                                -50.3008045,
                                0
                            ],
                            [
                                -73.3669694,
                                -50.3007871,
                                0
                            ],
                            [
                                -73.3648374,
                                -50.3008837,
                                0
                            ],
                            [
                                -73.3632697,
                                -50.300996,
                                0
                            ],
                            [
                                -73.3619039,
                                -50.3016995,
                                0
                            ],
                            [
                                -73.3603849,
                                -50.309336,
                                0
                            ],
                            [
                                -73.3589826,
                                -50.3286751,
                                0
                            ],
                            [
                                -73.3599464,
                                -50.3318685,
                                0
                            ],
                            [
                                -73.3599525,
                                -50.3323702,
                                0
                            ],
                            [
                                -73.3611841,
                                -50.3326461,
                                0
                            ],
                            [
                                -73.3613054,
                                -50.3331378,
                                0
                            ],
                            [
                                -73.3606077,
                                -50.3336197,
                                0
                            ],
                            [
                                -73.3564173,
                                -50.333873,
                                0
                            ],
                            [
                                -73.3502613,
                                -50.3350076,
                                0
                            ],
                            [
                                -73.3497012,
                                -50.3362419,
                                0
                            ],
                            [
                                -73.3489062,
                                -50.3367562,
                                0
                            ],
                            [
                                -73.3470895,
                                -50.3371689,
                                0
                            ],
                            [
                                -73.3445671,
                                -50.3369338,
                                0
                            ],
                            [
                                -73.3413974,
                                -50.3371632,
                                0
                            ],
                            [
                                -73.3358133,
                                -50.3362721,
                                0
                            ],
                            [
                                -73.3327559,
                                -50.3360779,
                                0
                            ],
                            [
                                -73.3281006,
                                -50.3398841,
                                0
                            ],
                            [
                                -73.3262066,
                                -50.3418863,
                                0
                            ],
                            [
                                -73.3229506,
                                -50.3430293,
                                0
                            ],
                            [
                                -73.3217567,
                                -50.3433254,
                                0
                            ],
                            [
                                -73.321239,
                                -50.3429169,
                                0
                            ],
                            [
                                -73.3199907,
                                -50.3425577,
                                0
                            ],
                            [
                                -73.3147834,
                                -50.3399476,
                                0
                            ],
                            [
                                -73.3121879,
                                -50.3430688,
                                0
                            ],
                            [
                                -73.3104057,
                                -50.3482029,
                                0
                            ],
                            [
                                -73.3094241,
                                -50.3524266,
                                0
                            ],
                            [
                                -73.3059022,
                                -50.3644094,
                                0
                            ],
                            [
                                -73.3038369,
                                -50.3738083,
                                0
                            ],
                            [
                                -73.2994072,
                                -50.3856079,
                                0
                            ],
                            [
                                -73.2927206,
                                -50.3962708,
                                0
                            ],
                            [
                                -73.2894545,
                                -50.4037883,
                                0
                            ],
                            [
                                -73.2930384,
                                -50.404212,
                                0
                            ],
                            [
                                -73.2988279,
                                -50.4051604,
                                0
                            ],
                            [
                                -73.301544,
                                -50.4058201,
                                0
                            ],
                            [
                                -73.3037113,
                                -50.4063154,
                                0
                            ],
                            [
                                -73.306023,
                                -50.4066733,
                                0
                            ],
                            [
                                -73.3136153,
                                -50.4138954,
                                0
                            ],
                            [
                                -73.3061501,
                                -50.4249448,
                                0
                            ],
                            [
                                -73.2898908,
                                -50.4447451,
                                0
                            ],
                            [
                                -73.2913089,
                                -50.4463822,
                                0
                            ],
                            [
                                -73.2916539,
                                -50.4471935,
                                0
                            ],
                            [
                                -73.2906806,
                                -50.4508522,
                                0
                            ],
                            [
                                -73.2893253,
                                -50.4523761,
                                0
                            ],
                            [
                                -73.2894404,
                                -50.4533171,
                                0
                            ],
                            [
                                -73.2895183,
                                -50.4544207,
                                0
                            ],
                            [
                                -73.2881158,
                                -50.4553512,
                                0
                            ],
                            [
                                -73.2875708,
                                -50.4577494,
                                0
                            ],
                            [
                                -73.2855132,
                                -50.4636531,
                                0
                            ],
                            [
                                -73.2842166,
                                -50.4793338,
                                0
                            ],
                            [
                                -73.2848756,
                                -50.4812313,
                                0
                            ],
                            [
                                -73.2853373,
                                -50.4820738,
                                0
                            ],
                            [
                                -73.2859888,
                                -50.4827908,
                                0
                            ],
                            [
                                -73.2863916,
                                -50.483001,
                                0
                            ],
                            [
                                -73.2873843,
                                -50.4839393,
                                0
                            ],
                            [
                                -73.2882702,
                                -50.48567,
                                0
                            ],
                            [
                                -73.2884225,
                                -50.4862272,
                                0
                            ],
                            [
                                -73.2878515,
                                -50.487617,
                                0
                            ],
                            [
                                -73.284041,
                                -50.489487,
                                0
                            ],
                            [
                                -73.2836337,
                                -50.4899656,
                                0
                            ],
                            [
                                -73.2827628,
                                -50.4903447,
                                0
                            ],
                            [
                                -73.2828214,
                                -50.4912929,
                                0
                            ],
                            [
                                -73.2822278,
                                -50.4919479,
                                0
                            ],
                            [
                                -73.2817592,
                                -50.4926782,
                                0
                            ],
                            [
                                -73.2814855,
                                -50.4928497,
                                0
                            ],
                            [
                                -73.2813689,
                                -50.4931163,
                                0
                            ],
                            [
                                -73.2804955,
                                -50.493628,
                                0
                            ],
                            [
                                -73.2801207,
                                -50.4940505,
                                0
                            ],
                            [
                                -73.2797391,
                                -50.4944519,
                                0
                            ],
                            [
                                -73.2796233,
                                -50.4946165,
                                0
                            ],
                            [
                                -73.278832,
                                -50.4950315,
                                0
                            ],
                            [
                                -73.2785618,
                                -50.4949377,
                                0
                            ],
                            [
                                -73.2781716,
                                -50.495169,
                                0
                            ],
                            [
                                -73.2770161,
                                -50.4959538,
                                0
                            ],
                            [
                                -73.2758839,
                                -50.4964797,
                                0
                            ],
                            [
                                -73.2749478,
                                -50.4967885,
                                0
                            ],
                            [
                                -73.2743991,
                                -50.4967211,
                                0
                            ],
                            [
                                -73.2734804,
                                -50.496586,
                                0
                            ],
                            [
                                -73.2733639,
                                -50.4965894,
                                0
                            ],
                            [
                                -73.2629346,
                                -50.4988736,
                                0
                            ],
                            [
                                -73.2626599,
                                -50.4992695,
                                0
                            ],
                            [
                                -73.2614801,
                                -50.4997615,
                                0
                            ],
                            [
                                -73.2607897,
                                -50.5002935,
                                0
                            ],
                            [
                                -73.2604554,
                                -50.5006911,
                                0
                            ],
                            [
                                -73.2599786,
                                -50.5012782,
                                0
                            ],
                            [
                                -73.2597941,
                                -50.5017575,
                                0
                            ],
                            [
                                -73.2599513,
                                -50.502004,
                                0
                            ],
                            [
                                -73.2595131,
                                -50.5027121,
                                0
                            ],
                            [
                                -73.2593908,
                                -50.5030228,
                                0
                            ],
                            [
                                -73.2593668,
                                -50.5032372,
                                0
                            ],
                            [
                                -73.2586565,
                                -50.504332,
                                0
                            ],
                            [
                                -73.2579866,
                                -50.5049062,
                                0
                            ],
                            [
                                -73.2573214,
                                -50.5052766,
                                0
                            ],
                            [
                                -73.2564065,
                                -50.5062559,
                                0
                            ],
                            [
                                -73.2556843,
                                -50.5069168,
                                0
                            ],
                            [
                                -73.2550093,
                                -50.507183,
                                0
                            ],
                            [
                                -73.2541585,
                                -50.5074325,
                                0
                            ],
                            [
                                -73.2537701,
                                -50.5075755,
                                0
                            ],
                            [
                                -73.2523144,
                                -50.508486,
                                0
                            ],
                            [
                                -73.2501699,
                                -50.5107003,
                                0
                            ],
                            [
                                -73.2495468,
                                -50.511385,
                                0
                            ],
                            [
                                -73.248079,
                                -50.5124428,
                                0
                            ],
                            [
                                -73.2483655,
                                -50.5129991,
                                0
                            ],
                            [
                                -73.2489102,
                                -50.5132804,
                                0
                            ],
                            [
                                -73.2491034,
                                -50.5135509,
                                0
                            ],
                            [
                                -73.2487888,
                                -50.5142878,
                                0
                            ],
                            [
                                -73.248364,
                                -50.5149641,
                                0
                            ],
                            [
                                -73.2298153,
                                -50.5566106,
                                0
                            ],
                            [
                                -73.2298794,
                                -50.557258,
                                0
                            ],
                            [
                                -73.2298426,
                                -50.5578068,
                                0
                            ],
                            [
                                -73.22944,
                                -50.5582213,
                                0
                            ],
                            [
                                -73.229442,
                                -50.5586702,
                                0
                            ],
                            [
                                -73.2293535,
                                -50.5590293,
                                0
                            ],
                            [
                                -73.2295206,
                                -50.5597998,
                                0
                            ],
                            [
                                -73.2297581,
                                -50.5602882,
                                0
                            ],
                            [
                                -73.2300597,
                                -50.5607144,
                                0
                            ],
                            [
                                -73.2297957,
                                -50.5616623,
                                0
                            ],
                            [
                                -73.2288732,
                                -50.5618718,
                                0
                            ],
                            [
                                -73.2279313,
                                -50.5619171,
                                0
                            ],
                            [
                                -73.2271513,
                                -50.5618361,
                                0
                            ],
                            [
                                -73.2253332,
                                -50.5623966,
                                0
                            ],
                            [
                                -73.147387,
                                -50.5680691,
                                0
                            ],
                            [
                                -73.1452285,
                                -50.5689372,
                                0
                            ],
                            [
                                -73.1438864,
                                -50.5701578,
                                0
                            ],
                            [
                                -73.1418962,
                                -50.5724881,
                                0
                            ],
                            [
                                -73.140122,
                                -50.5743014,
                                0
                            ],
                            [
                                -73.1390584,
                                -50.5750132,
                                0
                            ],
                            [
                                -73.138552,
                                -50.5752169,
                                0
                            ],
                            [
                                -73.1372863,
                                -50.5755019,
                                0
                            ],
                            [
                                -73.135943,
                                -50.5757076,
                                0
                            ],
                            [
                                -73.1345914,
                                -50.5759947,
                                0
                            ],
                            [
                                -73.1340747,
                                -50.5764562,
                                0
                            ],
                            [
                                -73.1336432,
                                -50.5767722,
                                0
                            ],
                            [
                                -73.1339915,
                                -50.5773399,
                                0
                            ],
                            [
                                -73.1351243,
                                -50.5779372,
                                0
                            ],
                            [
                                -73.1351655,
                                -50.5787041,
                                0
                            ],
                            [
                                -73.1350152,
                                -50.5792254,
                                0
                            ],
                            [
                                -73.134726,
                                -50.5798067,
                                0
                            ],
                            [
                                -73.1342105,
                                -50.5809562,
                                0
                            ],
                            [
                                -73.1333026,
                                -50.582029,
                                0
                            ],
                            [
                                -73.1329962,
                                -50.5825303,
                                0
                            ],
                            [
                                -73.132971,
                                -50.5833095,
                                0
                            ],
                            [
                                -73.1332639,
                                -50.5835656,
                                0
                            ],
                            [
                                -73.1334341,
                                -50.5834789,
                                0
                            ],
                            [
                                -73.1336801,
                                -50.5833699,
                                0
                            ],
                            [
                                -73.1339447,
                                -50.5835042,
                                0
                            ],
                            [
                                -73.1347467,
                                -50.5838205,
                                0
                            ],
                            [
                                -73.1351134,
                                -50.5838415,
                                0
                            ],
                            [
                                -73.1353592,
                                -50.5838265,
                                0
                            ],
                            [
                                -73.1360195,
                                -50.5841251,
                                0
                            ],
                            [
                                -73.1362145,
                                -50.5843963,
                                0
                            ],
                            [
                                -73.1364823,
                                -50.5846106,
                                0
                            ],
                            [
                                -73.1364562,
                                -50.5848316,
                                0
                            ],
                            [
                                -73.1366198,
                                -50.5850993,
                                0
                            ],
                            [
                                -73.136933,
                                -50.5854077,
                                0
                            ],
                            [
                                -73.1370855,
                                -50.5856659,
                                0
                            ],
                            [
                                -73.1373756,
                                -50.5858159,
                                0
                            ],
                            [
                                -73.1377075,
                                -50.5862251,
                                0
                            ],
                            [
                                -73.1378892,
                                -50.5865465,
                                0
                            ],
                            [
                                -73.137801,
                                -50.5868547,
                                0
                            ],
                            [
                                -73.1377886,
                                -50.5872965,
                                0
                            ],
                            [
                                -73.1379116,
                                -50.5878746,
                                0
                            ],
                            [
                                -73.1382134,
                                -50.5884469,
                                0
                            ],
                            [
                                -73.1383064,
                                -50.5888712,
                                0
                            ],
                            [
                                -73.1379688,
                                -50.5890195,
                                0
                            ],
                            [
                                -73.1365326,
                                -50.5888624,
                                0
                            ],
                            [
                                -73.1351774,
                                -50.5889548,
                                0
                            ],
                            [
                                -73.1344028,
                                -50.5890331,
                                0
                            ],
                            [
                                -73.1340793,
                                -50.5890753,
                                0
                            ],
                            [
                                -73.1336363,
                                -50.5894524,
                                0
                            ],
                            [
                                -73.1330032,
                                -50.5897772,
                                0
                            ],
                            [
                                -73.132549,
                                -50.5898967,
                                0
                            ],
                            [
                                -73.1320811,
                                -50.5900521,
                                0
                            ],
                            [
                                -73.129766,
                                -50.5907834,
                                0
                            ],
                            [
                                -73.1277153,
                                -50.591714,
                                0
                            ],
                            [
                                -73.127789,
                                -50.592463,
                                0
                            ],
                            [
                                -73.1279841,
                                -50.5931566,
                                0
                            ],
                            [
                                -73.1279642,
                                -50.5937938,
                                0
                            ],
                            [
                                -73.1276015,
                                -50.5948038,
                                0
                            ],
                            [
                                -73.127126,
                                -50.5957793,
                                0
                            ],
                            [
                                -73.1271474,
                                -50.5964375,
                                0
                            ],
                            [
                                -73.1273712,
                                -50.5973672,
                                0
                            ],
                            [
                                -73.1274763,
                                -50.5976328,
                                0
                            ],
                            [
                                -73.1275076,
                                -50.5979823,
                                0
                            ],
                            [
                                -73.1279172,
                                -50.5985692,
                                0
                            ],
                            [
                                -73.1282094,
                                -50.5988331,
                                0
                            ],
                            [
                                -73.128009,
                                -50.5994619,
                                0
                            ],
                            [
                                -73.1273484,
                                -50.6004138,
                                0
                            ],
                            [
                                -73.126942,
                                -50.6008421,
                                0
                            ],
                            [
                                -73.1264968,
                                -50.6012402,
                                0
                            ],
                            [
                                -73.1262364,
                                -50.6016096,
                                0
                            ],
                            [
                                -73.1258202,
                                -50.6018595,
                                0
                            ],
                            [
                                -73.1254502,
                                -50.6022778,
                                0
                            ],
                            [
                                -73.1251629,
                                -50.6031664,
                                0
                            ],
                            [
                                -73.1249826,
                                -50.6036236,
                                0
                            ],
                            [
                                -73.1243178,
                                -50.6041802,
                                0
                            ],
                            [
                                -73.1178342,
                                -50.6052647,
                                0
                            ],
                            [
                                -73.1184059,
                                -50.6087201,
                                0
                            ],
                            [
                                -73.1190104,
                                -50.6096649,
                                0
                            ],
                            [
                                -73.1197555,
                                -50.6104212,
                                0
                            ],
                            [
                                -73.120173,
                                -50.6109526,
                                0
                            ],
                            [
                                -73.1203688,
                                -50.6121093,
                                0
                            ],
                            [
                                -73.1203521,
                                -50.614504,
                                0
                            ],
                            [
                                -73.120194,
                                -50.6156858,
                                0
                            ],
                            [
                                -73.1203012,
                                -50.6160064,
                                0
                            ],
                            [
                                -73.12086,
                                -50.6165736,
                                0
                            ],
                            [
                                -73.1213912,
                                -50.6167144,
                                0
                            ],
                            [
                                -73.1219517,
                                -50.6171164,
                                0
                            ],
                            [
                                -73.1227073,
                                -50.6183318,
                                0
                            ],
                            [
                                -73.12337,
                                -50.6187925,
                                0
                            ],
                            [
                                -73.1245862,
                                -50.6198427,
                                0
                            ],
                            [
                                -73.1251425,
                                -50.6202402,
                                0
                            ],
                            [
                                -73.1259595,
                                -50.6207615,
                                0
                            ],
                            [
                                -73.1268248,
                                -50.6216287,
                                0
                            ],
                            [
                                -73.1279482,
                                -50.6222904,
                                0
                            ],
                            [
                                -73.1296769,
                                -50.6235971,
                                0
                            ],
                            [
                                -73.1312671,
                                -50.6246651,
                                0
                            ],
                            [
                                -73.1314327,
                                -50.624713,
                                0
                            ],
                            [
                                -73.1317359,
                                -50.6250504,
                                0
                            ],
                            [
                                -73.1327361,
                                -50.6250958,
                                0
                            ],
                            [
                                -73.1335984,
                                -50.625884,
                                0
                            ],
                            [
                                -73.1342712,
                                -50.6264632,
                                0
                            ],
                            [
                                -73.1345582,
                                -50.6270551,
                                0
                            ],
                            [
                                -73.1348117,
                                -50.6279847,
                                0
                            ],
                            [
                                -73.1352283,
                                -50.6314796,
                                0
                            ],
                            [
                                -73.1356179,
                                -50.6329847,
                                0
                            ],
                            [
                                -73.1360264,
                                -50.6354316,
                                0
                            ],
                            [
                                -73.13654,
                                -50.6355053,
                                0
                            ],
                            [
                                -73.1360222,
                                -50.6366293,
                                0
                            ],
                            [
                                -73.1351726,
                                -50.6386515,
                                0
                            ],
                            [
                                -73.1296699,
                                -50.6369581,
                                0
                            ],
                            [
                                -73.1207345,
                                -50.6367668,
                                0
                            ],
                            [
                                -73.1132171,
                                -50.6398834,
                                0
                            ],
                            [
                                -73.1046959,
                                -50.6377997,
                                0
                            ],
                            [
                                -73.0942375,
                                -50.6421509,
                                0
                            ],
                            [
                                -73.0878532,
                                -50.6416518,
                                0
                            ],
                            [
                                -73.0877904,
                                -50.6425115,
                                0
                            ],
                            [
                                -73.0880704,
                                -50.6427294,
                                0
                            ],
                            [
                                -73.0878923,
                                -50.6444543,
                                0
                            ],
                            [
                                -73.0879956,
                                -50.6450295,
                                0
                            ],
                            [
                                -73.088573,
                                -50.6456146,
                                0
                            ],
                            [
                                -73.0912276,
                                -50.6476822,
                                0
                            ],
                            [
                                -73.0911615,
                                -50.6501138,
                                0
                            ],
                            [
                                -73.0885905,
                                -50.6586889,
                                0
                            ],
                            [
                                -73.0847557,
                                -50.669291,
                                0
                            ],
                            [
                                -73.080808,
                                -50.6789192,
                                0
                            ],
                            [
                                -73.0780246,
                                -50.6838496,
                                0
                            ],
                            [
                                -73.0774105,
                                -50.6846698,
                                0
                            ],
                            [
                                -73.078031,
                                -50.6861988,
                                0
                            ],
                            [
                                -73.0771765,
                                -50.6884516,
                                0
                            ],
                            [
                                -73.0781397,
                                -50.6895509,
                                0
                            ],
                            [
                                -73.078188,
                                -50.6912951,
                                0
                            ],
                            [
                                -73.0770285,
                                -50.6925454,
                                0
                            ],
                            [
                                -73.0785446,
                                -50.6933298,
                                0
                            ],
                            [
                                -73.079382,
                                -50.6938965,
                                0
                            ],
                            [
                                -73.0798657,
                                -50.6982592,
                                0
                            ],
                            [
                                -73.07705,
                                -50.6999357,
                                0
                            ],
                            [
                                -73.076322,
                                -50.7031526,
                                0
                            ],
                            [
                                -73.0756211,
                                -50.704638,
                                0
                            ],
                            [
                                -73.0773814,
                                -50.7080257,
                                0
                            ],
                            [
                                -73.0740997,
                                -50.7135286,
                                0
                            ],
                            [
                                -73.0733915,
                                -50.7216961,
                                0
                            ],
                            [
                                -73.0761853,
                                -50.7308189,
                                0
                            ],
                            [
                                -73.0757439,
                                -50.7377932,
                                0
                            ],
                            [
                                -73.0741267,
                                -50.7450478,
                                0
                            ],
                            [
                                -73.0752631,
                                -50.7464795,
                                0
                            ],
                            [
                                -73.0761604,
                                -50.74763,
                                0
                            ],
                            [
                                -73.0765284,
                                -50.7489007,
                                0
                            ],
                            [
                                -73.0767118,
                                -50.7501474,
                                0
                            ],
                            [
                                -73.0771487,
                                -50.7515,
                                0
                            ],
                            [
                                -73.078683,
                                -50.7525611,
                                0
                            ],
                            [
                                -73.0799785,
                                -50.753202,
                                0
                            ],
                            [
                                -73.0807309,
                                -50.7547429,
                                0
                            ],
                            [
                                -73.0827829,
                                -50.7556269,
                                0
                            ],
                            [
                                -73.0844136,
                                -50.7574675,
                                0
                            ],
                            [
                                -73.0855469,
                                -50.7590955,
                                0
                            ],
                            [
                                -73.0863763,
                                -50.76064,
                                0
                            ],
                            [
                                -73.0879416,
                                -50.7619331,
                                0
                            ],
                            [
                                -73.0895214,
                                -50.7633132,
                                0
                            ],
                            [
                                -73.0910053,
                                -50.7651681,
                                0
                            ],
                            [
                                -73.0935999,
                                -50.7674382,
                                0
                            ],
                            [
                                -73.0947063,
                                -50.7691346,
                                0
                            ],
                            [
                                -73.0949502,
                                -50.7696784,
                                0
                            ],
                            [
                                -73.0951612,
                                -50.7706532,
                                0
                            ],
                            [
                                -73.0948935,
                                -50.770987,
                                0
                            ],
                            [
                                -73.0947048,
                                -50.7715283,
                                0
                            ],
                            [
                                -73.0952926,
                                -50.7716954,
                                0
                            ],
                            [
                                -73.0957628,
                                -50.7717526,
                                0
                            ],
                            [
                                -73.0960961,
                                -50.7718816,
                                0
                            ],
                            [
                                -73.0959764,
                                -50.7727691,
                                0
                            ]
                        ],
                        [
                            [
                                -73.043212,
                                -49.271266,
                                0
                            ],
                            [
                                -73.04278,
                                -49.271605,
                                0
                            ],
                            [
                                -73.042613,
                                -49.271669,
                                0
                            ],
                            [
                                -73.042557,
                                -49.271779,
                                0
                            ],
                            [
                                -73.04235,
                                -49.273064,
                                0
                            ],
                            [
                                -73.041826,
                                -49.274675,
                                0
                            ],
                            [
                                -73.041445,
                                -49.275077,
                                0
                            ],
                            [
                                -73.041436,
                                -49.275525,
                                0
                            ],
                            [
                                -73.041119,
                                -49.275698,
                                0
                            ],
                            [
                                -73.0405995,
                                -49.2760142,
                                0
                            ],
                            [
                                -73.0403917,
                                -49.2761555,
                                0
                            ],
                            [
                                -73.0401781,
                                -49.2764498,
                                0
                            ],
                            [
                                -73.039831,
                                -49.2770065,
                                0
                            ],
                            [
                                -73.0401716,
                                -49.2775789,
                                0
                            ],
                            [
                                -73.0398358,
                                -49.2783717,
                                0
                            ],
                            [
                                -73.039817,
                                -49.2788025,
                                0
                            ],
                            [
                                -73.0400828,
                                -49.2793462,
                                0
                            ],
                            [
                                -73.0396837,
                                -49.2800781,
                                0
                            ],
                            [
                                -73.039614,
                                -49.2805702,
                                0
                            ],
                            [
                                -73.0405845,
                                -49.2808915,
                                0
                            ],
                            [
                                -73.0408838,
                                -49.2809685,
                                0
                            ],
                            [
                                -73.096229,
                                -49.2866472,
                                0
                            ]
                        ],
                        [
                            [
                                -73.035298,
                                -49.422515,
                                0
                            ],
                            [
                                -73.037079,
                                -49.420427,
                                0
                            ],
                            [
                                -73.041664,
                                -49.415856,
                                0
                            ],
                            [
                                -73.046786,
                                -49.413569,
                                0
                            ],
                            [
                                -73.050766,
                                -49.411746,
                                0
                            ],
                            [
                                -73.052514,
                                -49.411775,
                                0
                            ],
                            [
                                -73.053894,
                                -49.411067,
                                0
                            ],
                            [
                                -73.055566,
                                -49.409155,
                                0
                            ],
                            [
                                -73.057143,
                                -49.408869,
                                0
                            ],
                            [
                                -73.061928,
                                -49.408978,
                                0
                            ],
                            [
                                -73.066651,
                                -49.409334,
                                0
                            ],
                            [
                                -73.067753,
                                -49.410224,
                                0
                            ],
                            [
                                -73.068923,
                                -49.410416,
                                0
                            ],
                            [
                                -73.069398,
                                -49.410258,
                                0
                            ],
                            [
                                -73.070166,
                                -49.409188,
                                0
                            ],
                            [
                                -73.07069,
                                -49.408733,
                                0
                            ],
                            [
                                -73.073212,
                                -49.407825,
                                0
                            ],
                            [
                                -73.075824,
                                -49.4084,
                                0
                            ],
                            [
                                -73.078769,
                                -49.40859,
                                0
                            ],
                            [
                                -73.080514,
                                -49.408345,
                                0
                            ],
                            [
                                -73.08233,
                                -49.408606,
                                0
                            ],
                            [
                                -73.083292,
                                -49.408893,
                                0
                            ],
                            [
                                -73.086053,
                                -49.408585,
                                0
                            ],
                            [
                                -73.087904,
                                -49.406393,
                                0
                            ],
                            [
                                -73.092964,
                                -49.404534,
                                0
                            ],
                            [
                                -73.094984,
                                -49.404235,
                                0
                            ],
                            [
                                -73.099645,
                                -49.4039,
                                0
                            ],
                            [
                                -73.10044,
                                -49.404355,
                                0
                            ],
                            [
                                -73.103382,
                                -49.403418,
                                0
                            ],
                            [
                                -73.104704,
                                -49.401505,
                                0
                            ],
                            [
                                -73.107918,
                                -49.399623,
                                0
                            ],
                            [
                                -73.110043,
                                -49.399214,
                                0
                            ],
                            [
                                -73.114317,
                                -49.397826,
                                0
                            ],
                            [
                                -73.117426,
                                -49.396372,
                                0
                            ],
                            [
                                -73.118547,
                                -49.394502,
                                0
                            ],
                            [
                                -73.118657,
                                -49.392754,
                                0
                            ],
                            [
                                -73.119399,
                                -49.39047,
                                0
                            ],
                            [
                                -73.120262,
                                -49.389289,
                                0
                            ],
                            [
                                -73.121822,
                                -49.38844,
                                0
                            ],
                            [
                                -73.123004,
                                -49.386934,
                                0
                            ],
                            [
                                -73.123715,
                                -49.385034,
                                0
                            ],
                            [
                                -73.124225,
                                -49.382564,
                                0
                            ],
                            [
                                -73.124742,
                                -49.380877,
                                0
                            ],
                            [
                                -73.127906,
                                -49.377618,
                                0
                            ],
                            [
                                -73.131999,
                                -49.375283,
                                0
                            ],
                            [
                                -73.133503,
                                -49.373058,
                                0
                            ],
                            [
                                -73.133789,
                                -49.369587,
                                0
                            ],
                            [
                                -73.132806,
                                -49.365966,
                                0
                            ],
                            [
                                -73.133947,
                                -49.361381,
                                0
                            ],
                            [
                                -73.133884,
                                -49.360488,
                                0
                            ],
                            [
                                -73.133272,
                                -49.359589,
                                0
                            ],
                            [
                                -73.131305,
                                -49.358688,
                                0
                            ],
                            [
                                -73.129474,
                                -49.357812,
                                0
                            ],
                            [
                                -73.129212,
                                -49.354833,
                                0
                            ],
                            [
                                -73.127645,
                                -49.353647,
                                0
                            ],
                            [
                                -73.125596,
                                -49.352366,
                                0
                            ],
                            [
                                -73.123797,
                                -49.351551,
                                0
                            ],
                            [
                                -73.122165,
                                -49.351221,
                                0
                            ],
                            [
                                -73.118395,
                                -49.348844,
                                0
                            ],
                            [
                                -73.117261,
                                -49.348215,
                                0
                            ],
                            [
                                -73.11518,
                                -49.347347,
                                0
                            ],
                            [
                                -73.109038,
                                -49.343284,
                                0
                            ],
                            [
                                -73.110084,
                                -49.341256,
                                0
                            ],
                            [
                                -73.109383,
                                -49.339459,
                                0
                            ],
                            [
                                -73.107999,
                                -49.339312,
                                0
                            ],
                            [
                                -73.104411,
                                -49.339395,
                                0
                            ],
                            [
                                -73.098345,
                                -49.339013,
                                0
                            ],
                            [
                                -73.097484,
                                -49.338751,
                                0
                            ],
                            [
                                -73.096755,
                                -49.338449,
                                0
                            ],
                            [
                                -73.095365,
                                -49.333926,
                                0
                            ],
                            [
                                -73.095676,
                                -49.330558,
                                0
                            ],
                            [
                                -73.099008,
                                -49.326994,
                                0
                            ],
                            [
                                -73.100126,
                                -49.326632,
                                0
                            ],
                            [
                                -73.101929,
                                -49.325344,
                                0
                            ],
                            [
                                -73.100165,
                                -49.323428,
                                0
                            ],
                            [
                                -73.098487,
                                -49.321951,
                                0
                            ],
                            [
                                -73.096442,
                                -49.320784,
                                0
                            ],
                            [
                                -73.094999,
                                -49.319018,
                                0
                            ],
                            [
                                -73.095507,
                                -49.316831,
                                0
                            ],
                            [
                                -73.096188,
                                -49.315225,
                                0
                            ],
                            [
                                -73.095323,
                                -49.313593,
                                0
                            ],
                            [
                                -73.09471,
                                -49.312874,
                                0
                            ],
                            [
                                -73.096461,
                                -49.310952,
                                0
                            ],
                            [
                                -73.101029,
                                -49.307449,
                                0
                            ],
                            [
                                -73.102769,
                                -49.304423,
                                0
                            ],
                            [
                                -73.103544,
                                -49.302365,
                                0
                            ],
                            [
                                -73.103939,
                                -49.299419,
                                0
                            ],
                            [
                                -73.10278,
                                -49.297815,
                                0
                            ],
                            [
                                -73.100018,
                                -49.295073,
                                0
                            ],
                            [
                                -73.097433,
                                -49.293664,
                                0
                            ],
                            [
                                -73.096685,
                                -49.290871,
                                0
                            ],
                            [
                                -73.096235,
                                -49.286648,
                                0
                            ]
                        ]
                    ]
                }
            },
            {
                "type": "Feature",
                "properties": {
                    "title": "Límite reclamado por Chile antes de 1998",
                    "description": "Sección B",
                    "stroke": "#FF0000"
                },
                "geometry": {
                    "type": "MultiLineString",
                    "coordinates": [
                        [
                            [
                                -73.035298,
                                -49.422515,
                                0
                            ],
                            [
                                -73.037079,
                                -49.420427,
                                0
                            ],
                            [
                                -73.041664,
                                -49.415856,
                                0
                            ],
                            [
                                -73.046786,
                                -49.413569,
                                0
                            ],
                            [
                                -73.050766,
                                -49.411746,
                                0
                            ],
                            [
                                -73.052514,
                                -49.411775,
                                0
                            ],
                            [
                                -73.053894,
                                -49.411067,
                                0
                            ],
                            [
                                -73.055566,
                                -49.409155,
                                0
                            ],
                            [
                                -73.057143,
                                -49.408869,
                                0
                            ],
                            [
                                -73.061928,
                                -49.408978,
                                0
                            ],
                            [
                                -73.066651,
                                -49.409334,
                                0
                            ],
                            [
                                -73.067753,
                                -49.410224,
                                0
                            ],
                            [
                                -73.068923,
                                -49.410416,
                                0
                            ],
                            [
                                -73.069398,
                                -49.410258,
                                0
                            ],
                            [
                                -73.070166,
                                -49.409188,
                                0
                            ],
                            [
                                -73.07069,
                                -49.408733,
                                0
                            ],
                            [
                                -73.073212,
                                -49.407825,
                                0
                            ],
                            [
                                -73.075824,
                                -49.4084,
                                0
                            ],
                            [
                                -73.078769,
                                -49.40859,
                                0
                            ],
                            [
                                -73.080514,
                                -49.408345,
                                0
                            ],
                            [
                                -73.08233,
                                -49.408606,
                                0
                            ],
                            [
                                -73.083292,
                                -49.408893,
                                0
                            ],
                            [
                                -73.086053,
                                -49.408585,
                                0
                            ],
                            [
                                -73.087904,
                                -49.406393,
                                0
                            ],
                            [
                                -73.092964,
                                -49.404534,
                                0
                            ],
                            [
                                -73.094984,
                                -49.404235,
                                0
                            ],
                            [
                                -73.099645,
                                -49.4039,
                                0
                            ],
                            [
                                -73.10044,
                                -49.404355,
                                0
                            ],
                            [
                                -73.103382,
                                -49.403418,
                                0
                            ],
                            [
                                -73.104704,
                                -49.401505,
                                0
                            ],
                            [
                                -73.107918,
                                -49.399623,
                                0
                            ],
                            [
                                -73.110043,
                                -49.399214,
                                0
                            ],
                            [
                                -73.114317,
                                -49.397826,
                                0
                            ],
                            [
                                -73.117426,
                                -49.396372,
                                0
                            ],
                            [
                                -73.118547,
                                -49.394502,
                                0
                            ],
                            [
                                -73.118657,
                                -49.392754,
                                0
                            ],
                            [
                                -73.119399,
                                -49.39047,
                                0
                            ],
                            [
                                -73.120262,
                                -49.389289,
                                0
                            ],
                            [
                                -73.121822,
                                -49.38844,
                                0
                            ],
                            [
                                -73.123004,
                                -49.386934,
                                0
                            ],
                            [
                                -73.123715,
                                -49.385034,
                                0
                            ],
                            [
                                -73.124225,
                                -49.382564,
                                0
                            ],
                            [
                                -73.124742,
                                -49.380877,
                                0
                            ],
                            [
                                -73.127906,
                                -49.377618,
                                0
                            ],
                            [
                                -73.131999,
                                -49.375283,
                                0
                            ],
                            [
                                -73.133503,
                                -49.373058,
                                0
                            ],
                            [
                                -73.133789,
                                -49.369587,
                                0
                            ],
                            [
                                -73.132806,
                                -49.365966,
                                0
                            ],
                            [
                                -73.133947,
                                -49.361381,
                                0
                            ],
                            [
                                -73.133884,
                                -49.360488,
                                0
                            ],
                            [
                                -73.133272,
                                -49.359589,
                                0
                            ],
                            [
                                -73.131305,
                                -49.358688,
                                0
                            ],
                            [
                                -73.129474,
                                -49.357812,
                                0
                            ],
                            [
                                -73.129212,
                                -49.354833,
                                0
                            ],
                            [
                                -73.127645,
                                -49.353647,
                                0
                            ],
                            [
                                -73.125596,
                                -49.352366,
                                0
                            ],
                            [
                                -73.123797,
                                -49.351551,
                                0
                            ],
                            [
                                -73.122165,
                                -49.351221,
                                0
                            ],
                            [
                                -73.118395,
                                -49.348844,
                                0
                            ],
                            [
                                -73.117261,
                                -49.348215,
                                0
                            ],
                            [
                                -73.11518,
                                -49.347347,
                                0
                            ],
                            [
                                -73.109038,
                                -49.343284,
                                0
                            ],
                            [
                                -73.110084,
                                -49.341256,
                                0
                            ],
                            [
                                -73.109383,
                                -49.339459,
                                0
                            ],
                            [
                                -73.107999,
                                -49.339312,
                                0
                            ],
                            [
                                -73.104411,
                                -49.339395,
                                0
                            ],
                            [
                                -73.098345,
                                -49.339013,
                                0
                            ],
                            [
                                -73.097484,
                                -49.338751,
                                0
                            ],
                            [
                                -73.096755,
                                -49.338449,
                                0
                            ],
                            [
                                -73.095365,
                                -49.333926,
                                0
                            ],
                            [
                                -73.095676,
                                -49.330558,
                                0
                            ],
                            [
                                -73.099008,
                                -49.326994,
                                0
                            ],
                            [
                                -73.100126,
                                -49.326632,
                                0
                            ],
                            [
                                -73.101929,
                                -49.325344,
                                0
                            ],
                            [
                                -73.100165,
                                -49.323428,
                                0
                            ],
                            [
                                -73.098487,
                                -49.321951,
                                0
                            ],
                            [
                                -73.096442,
                                -49.320784,
                                0
                            ],
                            [
                                -73.094999,
                                -49.319018,
                                0
                            ],
                            [
                                -73.095507,
                                -49.316831,
                                0
                            ],
                            [
                                -73.096188,
                                -49.315225,
                                0
                            ],
                            [
                                -73.095323,
                                -49.313593,
                                0
                            ],
                            [
                                -73.09471,
                                -49.312874,
                                0
                            ],
                            [
                                -73.096461,
                                -49.310952,
                                0
                            ],
                            [
                                -73.101029,
                                -49.307449,
                                0
                            ],
                            [
                                -73.102769,
                                -49.304423,
                                0
                            ],
                            [
                                -73.103544,
                                -49.302365,
                                0
                            ],
                            [
                                -73.103939,
                                -49.299419,
                                0
                            ],
                            [
                                -73.10278,
                                -49.297815,
                                0
                            ],
                            [
                                -73.100018,
                                -49.295073,
                                0
                            ],
                            [
                                -73.097433,
                                -49.293664,
                                0
                            ],
                            [
                                -73.096685,
                                -49.290871,
                                0
                            ],
                            [
                                -73.096235,
                                -49.286648,
                                0
                            ],
                            [
                                -73.043264,
                                -49.27148,
                                0
                            ]
                        ],
                        [
                            [
                                -73.035045,
                                -49.422631,
                                0
                            ],
                            [
                                -73.03861,
                                -49.426731,
                                0
                            ],
                            [
                                -73.041354,
                                -49.430701,
                                0
                            ],
                            [
                                -73.0362393,
                                -49.4381492,
                                0
                            ],
                            [
                                -73.0343865,
                                -49.440448,
                                0
                            ],
                            [
                                -73.0322668,
                                -49.4432006,
                                0
                            ],
                            [
                                -73.0320476,
                                -49.4451553,
                                0
                            ],
                            [
                                -73.0322147,
                                -49.4463912,
                                0
                            ],
                            [
                                -73.0314202,
                                -49.4473219,
                                0
                            ],
                            [
                                -73.03037,
                                -49.4475586,
                                0
                            ],
                            [
                                -73.0273633,
                                -49.4476318,
                                0
                            ],
                            [
                                -73.023964,
                                -49.4475107,
                                0
                            ],
                            [
                                -73.0208179,
                                -49.4474332,
                                0
                            ],
                            [
                                -73.0165528,
                                -49.4477908,
                                0
                            ],
                            [
                                -73.0174274,
                                -49.4491267,
                                0
                            ],
                            [
                                -73.0174616,
                                -49.4503152,
                                0
                            ],
                            [
                                -73.0173226,
                                -49.4509091,
                                0
                            ],
                            [
                                -73.0178415,
                                -49.451569,
                                0
                            ],
                            [
                                -73.0175965,
                                -49.4526253,
                                0
                            ],
                            [
                                -73.0176794,
                                -49.4536305,
                                0
                            ],
                            [
                                -73.0173653,
                                -49.4554392,
                                0
                            ],
                            [
                                -73.0177646,
                                -49.4557319,
                                0
                            ],
                            [
                                -73.0178663,
                                -49.4563756,
                                0
                            ],
                            [
                                -73.0172149,
                                -49.4574626,
                                0
                            ],
                            [
                                -73.0167846,
                                -49.4602292,
                                0
                            ],
                            [
                                -73.0166649,
                                -49.4606129,
                                0
                            ],
                            [
                                -73.0173354,
                                -49.4612523,
                                0
                            ],
                            [
                                -73.0178455,
                                -49.461863,
                                0
                            ],
                            [
                                -73.0184146,
                                -49.4623334,
                                0
                            ],
                            [
                                -73.0188496,
                                -49.4630111,
                                0
                            ],
                            [
                                -73.0187578,
                                -49.46357,
                                0
                            ],
                            [
                                -73.0185144,
                                -49.4642633,
                                0
                            ],
                            [
                                -73.0175782,
                                -49.4650326,
                                0
                            ],
                            [
                                -73.0169629,
                                -49.4654347,
                                0
                            ],
                            [
                                -73.0161244,
                                -49.4664079,
                                0
                            ],
                            [
                                -73.0157142,
                                -49.4668968,
                                0
                            ],
                            [
                                -73.0154969,
                                -49.4671204,
                                0
                            ],
                            [
                                -73.0159153,
                                -49.4681544,
                                0
                            ],
                            [
                                -73.0166828,
                                -49.4685726,
                                0
                            ],
                            [
                                -73.0171894,
                                -49.4696255,
                                0
                            ],
                            [
                                -73.016372,
                                -49.4705688,
                                0
                            ],
                            [
                                -73.0150175,
                                -49.4716632,
                                0
                            ],
                            [
                                -73.0137816,
                                -49.4732755,
                                0
                            ],
                            [
                                -73.012926,
                                -49.4731393,
                                0
                            ],
                            [
                                -73.0127275,
                                -49.4733537,
                                0
                            ],
                            [
                                -73.0129525,
                                -49.4748371,
                                0
                            ],
                            [
                                -73.0133721,
                                -49.4765986,
                                0
                            ],
                            [
                                -73.0130188,
                                -49.4777157,
                                0
                            ],
                            [
                                -73.0122674,
                                -49.4793185,
                                0
                            ],
                            [
                                -73.0122692,
                                -49.4801033,
                                0
                            ],
                            [
                                -73.0150196,
                                -49.4843269,
                                0
                            ],
                            [
                                -73.0142512,
                                -49.4874021,
                                0
                            ],
                            [
                                -73.0132514,
                                -49.4880385,
                                0
                            ],
                            [
                                -73.0131114,
                                -49.4888383,
                                0
                            ],
                            [
                                -73.0113564,
                                -49.489371,
                                0
                            ],
                            [
                                -73.0105278,
                                -49.4897707,
                                0
                            ],
                            [
                                -73.0103197,
                                -49.4901881,
                                0
                            ],
                            [
                                -73.010345,
                                -49.490959,
                                0
                            ],
                            [
                                -73.0112866,
                                -49.4920198,
                                0
                            ],
                            [
                                -73.0134171,
                                -49.4932828,
                                0
                            ],
                            [
                                -73.015155,
                                -49.4945599,
                                0
                            ],
                            [
                                -73.0160156,
                                -49.4956998,
                                0
                            ],
                            [
                                -73.0163506,
                                -49.4961352,
                                0
                            ],
                            [
                                -73.0166948,
                                -49.4970954,
                                0
                            ],
                            [
                                -73.0165598,
                                -49.4980459,
                                0
                            ],
                            [
                                -73.0162187,
                                -49.4993115,
                                0
                            ],
                            [
                                -73.0172674,
                                -49.5012387,
                                0
                            ],
                            [
                                -73.0180289,
                                -49.5021375,
                                0
                            ],
                            [
                                -73.0194615,
                                -49.5047166,
                                0
                            ],
                            [
                                -73.0210295,
                                -49.5075175,
                                0
                            ],
                            [
                                -73.0221908,
                                -49.5099837,
                                0
                            ],
                            [
                                -73.0228183,
                                -49.5111355,
                                0
                            ],
                            [
                                -73.0227782,
                                -49.5162615,
                                0
                            ],
                            [
                                -73.0247976,
                                -49.5196519,
                                0
                            ],
                            [
                                -73.1384335,
                                -49.6498815,
                                0
                            ],
                            [
                                -73.1524954,
                                -49.6582694,
                                0
                            ],
                            [
                                -73.1528199,
                                -49.6593081,
                                0
                            ],
                            [
                                -73.152943,
                                -49.660194,
                                0
                            ],
                            [
                                -73.153124,
                                -49.661753,
                                0
                            ],
                            [
                                -73.152528,
                                -49.664555,
                                0
                            ],
                            [
                                -73.152601,
                                -49.666183,
                                0
                            ],
                            [
                                -73.151831,
                                -49.667164,
                                0
                            ],
                            [
                                -73.152443,
                                -49.671022,
                                0
                            ],
                            [
                                -73.156379,
                                -49.675496,
                                0
                            ],
                            [
                                -73.1559913,
                                -49.6774631,
                                0
                            ],
                            [
                                -73.1827686,
                                -49.7114533,
                                0
                            ],
                            [
                                -73.4276381,
                                -49.7969963,
                                0
                            ]
                        ]
                    ]
                }
            },
            {
                "type": "Feature",
                "properties": {
                    "title": "Límite reclamado por Chile antes de 1998",
                    "description": "Sección A",
                    "stroke": "#FF0000"
                },
                "geometry": {
                    "type": "MultiLineString",
                    "coordinates": [
                        [
                            [
                                -73.471379,
                                -50.092121,
                                0
                            ],
                            [
                                -73.471298,
                                -50.092913,
                                0
                            ],
                            [
                                -73.47142,
                                -50.093596,
                                0
                            ],
                            [
                                -73.47213,
                                -50.094695,
                                0
                            ],
                            [
                                -73.473292,
                                -50.098,
                                0
                            ],
                            [
                                -73.474784,
                                -50.107961,
                                0
                            ],
                            [
                                -73.4769,
                                -50.122249,
                                0
                            ],
                            [
                                -73.476311,
                                -50.134583,
                                0
                            ],
                            [
                                -73.474152,
                                -50.14628,
                                0
                            ],
                            [
                                -73.4638562,
                                -50.155575,
                                0
                            ],
                            [
                                -73.45978,
                                -50.161993,
                                0
                            ],
                            [
                                -73.453256,
                                -50.16941,
                                0
                            ],
                            [
                                -73.447648,
                                -50.170514,
                                0
                            ],
                            [
                                -73.440817,
                                -50.173395,
                                0
                            ],
                            [
                                -73.43847,
                                -50.176217,
                                0
                            ],
                            [
                                -73.44087,
                                -50.179833,
                                0
                            ],
                            [
                                -73.432141,
                                -50.182203,
                                0
                            ],
                            [
                                -73.430105,
                                -50.18774,
                                0
                            ],
                            [
                                -73.420088,
                                -50.198009,
                                0
                            ],
                            [
                                -73.4153403,
                                -50.2013385,
                                0
                            ],
                            [
                                -73.4055042,
                                -50.2074098,
                                0
                            ],
                            [
                                -73.3902548,
                                -50.2165752,
                                0
                            ],
                            [
                                -73.3775893,
                                -50.2241787,
                                0
                            ],
                            [
                                -73.374799,
                                -50.2257025,
                                0
                            ],
                            [
                                -73.3632722,
                                -50.2355251,
                                0
                            ],
                            [
                                -73.3488463,
                                -50.2483468,
                                0
                            ],
                            [
                                -73.3411661,
                                -50.2592557,
                                0
                            ],
                            [
                                -73.3388605,
                                -50.2671809,
                                0
                            ],
                            [
                                -73.3373204,
                                -50.2730163,
                                0
                            ],
                            [
                                -73.3371405,
                                -50.2778708,
                                0
                            ],
                            [
                                -73.336177,
                                -50.308826,
                                0
                            ],
                            [
                                -73.332648,
                                -50.336167,
                                0
                            ],
                            [
                                -73.3260354,
                                -50.3419063,
                                0
                            ],
                            [
                                -73.3227629,
                                -50.343001,
                                0
                            ],
                            [
                                -73.321112,
                                -50.3436277,
                                0
                            ],
                            [
                                -73.3073462,
                                -50.3699386,
                                0
                            ],
                            [
                                -73.3029575,
                                -50.3787608,
                                0
                            ],
                            [
                                -73.2999605,
                                -50.3844694,
                                0
                            ],
                            [
                                -73.2963401,
                                -50.3907551,
                                0
                            ],
                            [
                                -73.2891497,
                                -50.4018927,
                                0
                            ],
                            [
                                -73.279332,
                                -50.4135194,
                                0
                            ],
                            [
                                -73.2663835,
                                -50.4264063,
                                0
                            ],
                            [
                                -73.2355994,
                                -50.4523082,
                                0
                            ],
                            [
                                -73.1897354,
                                -50.5147054,
                                0
                            ],
                            [
                                -73.1584299,
                                -50.5567791,
                                0
                            ],
                            [
                                -73.1547399,
                                -50.5627178,
                                0
                            ],
                            [
                                -73.1517641,
                                -50.5673063,
                                0
                            ],
                            [
                                -73.1487511,
                                -50.5677829,
                                0
                            ],
                            [
                                -73.1472689,
                                -50.5681033,
                                0
                            ],
                            [
                                -73.145084,
                                -50.5690323,
                                0
                            ],
                            [
                                -73.140186,
                                -50.5742545,
                                0
                            ],
                            [
                                -73.1390878,
                                -50.574986,
                                0
                            ],
                            [
                                -73.1384777,
                                -50.5752628,
                                0
                            ],
                            [
                                -73.1347039,
                                -50.5759881,
                                0
                            ],
                            [
                                -73.133695,
                                -50.5767665,
                                0
                            ],
                            [
                                -73.1339862,
                                -50.5774105,
                                0
                            ],
                            [
                                -73.1351055,
                                -50.5779212,
                                0
                            ],
                            [
                                -73.1351325,
                                -50.5783821,
                                0
                            ],
                            [
                                -73.1349258,
                                -50.5792637,
                                0
                            ],
                            [
                                -73.1343684,
                                -50.5803072,
                                0
                            ],
                            [
                                -73.1339836,
                                -50.5811087,
                                0
                            ],
                            [
                                -73.1330134,
                                -50.5825012,
                                0
                            ],
                            [
                                -73.1330056,
                                -50.5832891,
                                0
                            ],
                            [
                                -73.1332366,
                                -50.5835312,
                                0
                            ],
                            [
                                -73.133651,
                                -50.5833829,
                                0
                            ],
                            [
                                -73.1347998,
                                -50.5838213,
                                0
                            ],
                            [
                                -73.135379,
                                -50.5838313,
                                0
                            ],
                            [
                                -73.1365184,
                                -50.5846247,
                                0
                            ],
                            [
                                -73.1372828,
                                -50.5858472,
                                0
                            ],
                            [
                                -73.137956,
                                -50.5865615,
                                0
                            ],
                            [
                                -73.1378065,
                                -50.5873956,
                                0
                            ],
                            [
                                -73.1381677,
                                -50.5883502,
                                0
                            ],
                            [
                                -73.1381884,
                                -50.5888677,
                                0
                            ],
                            [
                                -73.1379387,
                                -50.5889964,
                                0
                            ],
                            [
                                -73.1365699,
                                -50.5888852,
                                0
                            ],
                            [
                                -73.1340996,
                                -50.5890383,
                                0
                            ],
                            [
                                -73.1337176,
                                -50.5893952,
                                0
                            ],
                            [
                                -73.1331433,
                                -50.5897492,
                                0
                            ],
                            [
                                -73.1320073,
                                -50.590104,
                                0
                            ],
                            [
                                -73.1295802,
                                -50.5907864,
                                0
                            ],
                            [
                                -73.1278316,
                                -50.5917255,
                                0
                            ],
                            [
                                -73.1281315,
                                -50.5933549,
                                0
                            ],
                            [
                                -73.1269508,
                                -50.5961585,
                                0
                            ],
                            [
                                -73.1283466,
                                -50.5990133,
                                0
                            ],
                            [
                                -73.127245,
                                -50.6007485,
                                0
                            ],
                            [
                                -73.1260664,
                                -50.6017049,
                                0
                            ],
                            [
                                -73.1258683,
                                -50.6020992,
                                0
                            ],
                            [
                                -73.1248912,
                                -50.6036242,
                                0
                            ],
                            [
                                -73.1241911,
                                -50.6042103,
                                0
                            ],
                            [
                                -73.1178584,
                                -50.6052675,
                                0
                            ],
                            [
                                -73.1183113,
                                -50.6084715,
                                0
                            ],
                            [
                                -73.118934,
                                -50.6095919,
                                0
                            ],
                            [
                                -73.1202014,
                                -50.6109649,
                                0
                            ],
                            [
                                -73.1203474,
                                -50.6121456,
                                0
                            ],
                            [
                                -73.1203652,
                                -50.6145791,
                                0
                            ],
                            [
                                -73.120225,
                                -50.61588,
                                0
                            ],
                            [
                                -73.120768,
                                -50.6165348,
                                0
                            ],
                            [
                                -73.1213646,
                                -50.6167268,
                                0
                            ],
                            [
                                -73.1216038,
                                -50.6168746,
                                0
                            ],
                            [
                                -73.1218592,
                                -50.6170555,
                                0
                            ],
                            [
                                -73.1227166,
                                -50.6183661,
                                0
                            ],
                            [
                                -73.1234557,
                                -50.618867,
                                0
                            ],
                            [
                                -73.1250434,
                                -50.6201828,
                                0
                            ],
                            [
                                -73.1262091,
                                -50.6209927,
                                0
                            ],
                            [
                                -73.126917,
                                -50.6216699,
                                0
                            ],
                            [
                                -73.1280632,
                                -50.622432,
                                0
                            ],
                            [
                                -73.1316912,
                                -50.6250667,
                                0
                            ],
                            [
                                -73.1326091,
                                -50.6250819,
                                0
                            ],
                            [
                                -73.1342989,
                                -50.626423,
                                0
                            ],
                            [
                                -73.1346424,
                                -50.6271198,
                                0
                            ],
                            [
                                -73.1348442,
                                -50.6284128,
                                0
                            ],
                            [
                                -73.1356772,
                                -50.6332051,
                                0
                            ],
                            [
                                -73.1360569,
                                -50.6353947,
                                0
                            ],
                            [
                                -73.1365412,
                                -50.6355559,
                                0
                            ],
                            [
                                -73.1351843,
                                -50.638625,
                                0
                            ],
                            [
                                -73.136939,
                                -50.640589,
                                0
                            ],
                            [
                                -73.139053,
                                -50.643133,
                                0
                            ],
                            [
                                -73.143863,
                                -50.650741,
                                0
                            ],
                            [
                                -73.146105,
                                -50.653823,
                                0
                            ],
                            [
                                -73.151263,
                                -50.655553,
                                0
                            ],
                            [
                                -73.153322,
                                -50.667742,
                                0
                            ],
                            [
                                -73.15989,
                                -50.672464,
                                0
                            ],
                            [
                                -73.163765,
                                -50.685245,
                                0
                            ],
                            [
                                -73.171267,
                                -50.692202,
                                0
                            ],
                            [
                                -73.170048,
                                -50.700691,
                                0
                            ],
                            [
                                -73.181485,
                                -50.706561,
                                0
                            ],
                            [
                                -73.184528,
                                -50.717342,
                                0
                            ],
                            [
                                -73.187101,
                                -50.726497,
                                0
                            ],
                            [
                                -73.193755,
                                -50.736921,
                                0
                            ],
                            [
                                -73.19613,
                                -50.739442,
                                0
                            ],
                            [
                                -73.197037,
                                -50.742276,
                                0
                            ],
                            [
                                -73.193275,
                                -50.742847,
                                0
                            ],
                            [
                                -73.185301,
                                -50.745936,
                                0
                            ],
                            [
                                -73.181008,
                                -50.750395,
                                0
                            ],
                            [
                                -73.174439,
                                -50.752651,
                                0
                            ],
                            [
                                -73.174682,
                                -50.755856,
                                0
                            ],
                            [
                                -73.171696,
                                -50.758669,
                                0
                            ],
                            [
                                -73.166984,
                                -50.758036,
                                0
                            ],
                            [
                                -73.165467,
                                -50.759252,
                                0
                            ],
                            [
                                -73.160903,
                                -50.760065,
                                0
                            ],
                            [
                                -73.155099,
                                -50.761315,
                                0
                            ],
                            [
                                -73.148847,
                                -50.767812,
                                0
                            ],
                            [
                                -73.127173,
                                -50.771357,
                                0
                            ],
                            [
                                -73.109249,
                                -50.772504,
                                0
                            ],
                            [
                                -73.101677,
                                -50.775534,
                                0
                            ]
                        ],
                        [
                            [
                                -73.471456,
                                -50.092087,
                                0
                            ],
                            [
                                -73.4717531,
                                -50.0888184,
                                0
                            ],
                            [
                                -73.470813,
                                -50.0809542,
                                0
                            ],
                            [
                                -73.472105,
                                -50.0727363,
                                0
                            ],
                            [
                                -73.4687034,
                                -50.0681303,
                                0
                            ],
                            [
                                -73.4626908,
                                -50.0642207,
                                0
                            ],
                            [
                                -73.4626261,
                                -50.060308,
                                0
                            ],
                            [
                                -73.462536,
                                -50.0544978,
                                0
                            ],
                            [
                                -73.4536165,
                                -50.0477742,
                                0
                            ],
                            [
                                -73.4499002,
                                -50.0446523,
                                0
                            ],
                            [
                                -73.4385319,
                                -50.0412135,
                                0
                            ],
                            [
                                -73.4348177,
                                -50.0316137,
                                0
                            ],
                            [
                                -73.434397,
                                -50.0306203,
                                0
                            ],
                            [
                                -73.434646,
                                -50.027849,
                                0
                            ],
                            [
                                -73.4359895,
                                -50.0268508,
                                0
                            ],
                            [
                                -73.4369487,
                                -50.02497,
                                0
                            ],
                            [
                                -73.4385407,
                                -50.0230686,
                                0
                            ],
                            [
                                -73.439468,
                                -50.0204741,
                                0
                            ],
                            [
                                -73.4400824,
                                -50.0196887,
                                0
                            ],
                            [
                                -73.4401607,
                                -50.0193114,
                                0
                            ],
                            [
                                -73.440334,
                                -50.0187081,
                                0
                            ],
                            [
                                -73.4409309,
                                -50.0166071,
                                0
                            ],
                            [
                                -73.4395504,
                                -50.0134217,
                                0
                            ],
                            [
                                -73.4363431,
                                -50.0113343,
                                0
                            ],
                            [
                                -73.43636,
                                -50.011321,
                                0
                            ],
                            [
                                -73.4363643,
                                -50.0113177,
                                0
                            ],
                            [
                                -73.4358193,
                                -50.01041,
                                0
                            ],
                            [
                                -73.4355712,
                                -50.0099275,
                                0
                            ],
                            [
                                -73.4365418,
                                -50.00823,
                                0
                            ],
                            [
                                -73.4382245,
                                -50.0050279,
                                0
                            ],
                            [
                                -73.4391331,
                                -50.0034332,
                                0
                            ],
                            [
                                -73.440474,
                                -50.0009198,
                                0
                            ],
                            [
                                -73.4425068,
                                -49.9970989,
                                0
                            ],
                            [
                                -73.4428104,
                                -49.9962524,
                                0
                            ],
                            [
                                -73.4437439,
                                -49.9901558,
                                0
                            ],
                            [
                                -73.4445571,
                                -49.9892819,
                                0
                            ],
                            [
                                -73.4477831,
                                -49.9850946,
                                0
                            ],
                            [
                                -73.4470601,
                                -49.9841462,
                                0
                            ],
                            [
                                -73.4455616,
                                -49.983638,
                                0
                            ],
                            [
                                -73.442011,
                                -49.9825544,
                                0
                            ],
                            [
                                -73.4412915,
                                -49.9819514,
                                0
                            ],
                            [
                                -73.4420118,
                                -49.9807695,
                                0
                            ],
                            [
                                -73.4438627,
                                -49.979972,
                                0
                            ],
                            [
                                -73.4445032,
                                -49.9789468,
                                0
                            ],
                            [
                                -73.4445255,
                                -49.9781883,
                                0
                            ],
                            [
                                -73.4456914,
                                -49.9767755,
                                0
                            ],
                            [
                                -73.444772,
                                -49.974873,
                                0
                            ],
                            [
                                -73.4451281,
                                -49.9739568,
                                0
                            ],
                            [
                                -73.4449543,
                                -49.9733273,
                                0
                            ],
                            [
                                -73.446149,
                                -49.9709263,
                                0
                            ],
                            [
                                -73.4458807,
                                -49.9689139,
                                0
                            ],
                            [
                                -73.4451667,
                                -49.9675725,
                                0
                            ],
                            [
                                -73.4457596,
                                -49.9640677,
                                0
                            ],
                            [
                                -73.4470111,
                                -49.9631043,
                                0
                            ],
                            [
                                -73.4479025,
                                -49.9627432,
                                0
                            ],
                            [
                                -73.4513375,
                                -49.9603791,
                                0
                            ],
                            [
                                -73.4542851,
                                -49.9596407,
                                0
                            ],
                            [
                                -73.4575128,
                                -49.9584148,
                                0
                            ],
                            [
                                -73.4590066,
                                -49.9570063,
                                0
                            ],
                            [
                                -73.4604418,
                                -49.9566303,
                                0
                            ],
                            [
                                -73.4631348,
                                -49.9559403,
                                0
                            ],
                            [
                                -73.466623,
                                -49.9544328,
                                0
                            ],
                            [
                                -73.4685826,
                                -49.9533301,
                                0
                            ],
                            [
                                -73.4726983,
                                -49.9512581,
                                0
                            ],
                            [
                                -73.4839209,
                                -49.9453487,
                                0
                            ],
                            [
                                -73.4872177,
                                -49.9334533,
                                0
                            ],
                            [
                                -73.4794471,
                                -49.9072474,
                                0
                            ],
                            [
                                -73.4697274,
                                -49.9027994,
                                0
                            ],
                            [
                                -73.4672586,
                                -49.9012796,
                                0
                            ],
                            [
                                -73.4525428,
                                -49.8893107,
                                0
                            ],
                            [
                                -73.4275808,
                                -49.8694642,
                                0
                            ],
                            [
                                -73.4234027,
                                -49.8687997,
                                0
                            ],
                            [
                                -73.4210305,
                                -49.8683829,
                                0
                            ],
                            [
                                -73.418223,
                                -49.8689948,
                                0
                            ],
                            [
                                -73.4164728,
                                -49.8693756,
                                0
                            ],
                            [
                                -73.4120043,
                                -49.8686805,
                                0
                            ],
                            [
                                -73.4054409,
                                -49.8680266,
                                0
                            ],
                            [
                                -73.4051778,
                                -49.8681432,
                                0
                            ],
                            [
                                -73.404405,
                                -49.8675245,
                                0
                            ],
                            [
                                -73.403558,
                                -49.866431,
                                0
                            ],
                            [
                                -73.404294,
                                -49.852415,
                                0
                            ],
                            [
                                -73.4121185,
                                -49.8462357,
                                0
                            ],
                            [
                                -73.4229198,
                                -49.8435998,
                                0
                            ],
                            [
                                -73.420907,
                                -49.828409,
                                0
                            ],
                            [
                                -73.419789,
                                -49.816907,
                                0
                            ],
                            [
                                -73.420047,
                                -49.810745,
                                0
                            ],
                            [
                                -73.422084,
                                -49.804912,
                                0
                            ],
                            [
                                -73.426976,
                                -49.80108,
                                0
                            ],
                            [
                                -73.427415,
                                -49.798062,
                                0
                            ],
                            [
                                -73.427636,
                                -49.796982,
                                0
                            ]
                        ]
                    ]
                }
            },
            {
                "type": "Feature",
                "properties": {
                    "title": "Límite reclamado por Argentina antes de 1998",
                    "description": "Sección A",
                    "stroke": "#0008ff"
                },
                "geometry": {
                    "type": "MultiLineString",
                    "coordinates": [
                        [
                            [
                                -73.450409,
                                -49.790558,
                                0
                            ],
                            [
                                -73.449339,
                                -49.791294,
                                0
                            ],
                            [
                                -73.443277,
                                -49.791258,
                                0
                            ],
                            [
                                -73.439721,
                                -49.79397,
                                0
                            ],
                            [
                                -73.437036,
                                -49.795409,
                                0
                            ],
                            [
                                -73.443446,
                                -49.796327,
                                0
                            ],
                            [
                                -73.445201,
                                -49.795985,
                                0
                            ],
                            [
                                -73.458796,
                                -49.797021,
                                0
                            ],
                            [
                                -73.467085,
                                -49.799119,
                                0
                            ],
                            [
                                -73.476042,
                                -49.803319,
                                0
                            ],
                            [
                                -73.486265,
                                -49.810155,
                                0
                            ],
                            [
                                -73.50467,
                                -49.813438,
                                0
                            ],
                            [
                                -73.509864,
                                -49.817011,
                                0
                            ],
                            [
                                -73.510353,
                                -49.825247,
                                0
                            ],
                            [
                                -73.508989,
                                -49.834455,
                                0
                            ],
                            [
                                -73.507957,
                                -49.844446,
                                0
                            ],
                            [
                                -73.502825,
                                -49.850658,
                                0
                            ],
                            [
                                -73.504833,
                                -49.856646,
                                0
                            ],
                            [
                                -73.507021,
                                -49.860854,
                                0
                            ],
                            [
                                -73.508513,
                                -49.865436,
                                0
                            ],
                            [
                                -73.51291,
                                -49.874228,
                                0
                            ],
                            [
                                -73.514013,
                                -49.876319,
                                0
                            ],
                            [
                                -73.513573,
                                -49.878716,
                                0
                            ],
                            [
                                -73.514995,
                                -49.884262,
                                0
                            ],
                            [
                                -73.521503,
                                -49.897302,
                                0
                            ],
                            [
                                -73.525076,
                                -49.900887,
                                0
                            ],
                            [
                                -73.533329,
                                -49.911987,
                                0
                            ],
                            [
                                -73.543378,
                                -49.917063,
                                0
                            ],
                            [
                                -73.551514,
                                -49.920486,
                                0
                            ],
                            [
                                -73.557044,
                                -49.928627,
                                0
                            ],
                            [
                                -73.561172,
                                -49.937901,
                                0
                            ],
                            [
                                -73.560348,
                                -49.945184,
                                0
                            ],
                            [
                                -73.559657,
                                -49.946596,
                                0
                            ],
                            [
                                -73.5573,
                                -49.948051,
                                0
                            ],
                            [
                                -73.551942,
                                -49.947903,
                                0
                            ],
                            [
                                -73.545415,
                                -49.949747,
                                0
                            ],
                            [
                                -73.540675,
                                -49.949943,
                                0
                            ],
                            [
                                -73.529341,
                                -49.951988,
                                0
                            ],
                            [
                                -73.524514,
                                -49.954127,
                                0
                            ],
                            [
                                -73.518329,
                                -49.956924,
                                0
                            ],
                            [
                                -73.510021,
                                -49.962136,
                                0
                            ],
                            [
                                -73.505827,
                                -49.965545,
                                0
                            ],
                            [
                                -73.508493,
                                -49.969673,
                                0
                            ],
                            [
                                -73.5117,
                                -49.974715,
                                0
                            ],
                            [
                                -73.526582,
                                -49.980447,
                                0
                            ],
                            [
                                -73.544337,
                                -49.98167,
                                0
                            ],
                            [
                                -73.548451,
                                -49.992451,
                                0
                            ],
                            [
                                -73.552165,
                                -50.00261,
                                0
                            ],
                            [
                                -73.563343,
                                -50.012068,
                                0
                            ],
                            [
                                -73.56628,
                                -50.019778,
                                0
                            ],
                            [
                                -73.553214,
                                -50.027672,
                                0
                            ],
                            [
                                -73.549714,
                                -50.030596,
                                0
                            ],
                            [
                                -73.54172,
                                -50.035847,
                                0
                            ],
                            [
                                -73.533169,
                                -50.041107,
                                0
                            ],
                            [
                                -73.524209,
                                -50.043132,
                                0
                            ],
                            [
                                -73.517215,
                                -50.04494,
                                0
                            ],
                            [
                                -73.506598,
                                -50.044918,
                                0
                            ],
                            [
                                -73.501029,
                                -50.045596,
                                0
                            ],
                            [
                                -73.5000182,
                                -50.048481,
                                0
                            ],
                            [
                                -73.4958311,
                                -50.0509677,
                                0
                            ],
                            [
                                -73.4973997,
                                -50.0543611,
                                0
                            ],
                            [
                                -73.49808,
                                -50.059258,
                                0
                            ],
                            [
                                -73.484036,
                                -50.068361,
                                0
                            ],
                            [
                                -73.489986,
                                -50.077105,
                                0
                            ],
                            [
                                -73.496912,
                                -50.08552,
                                0
                            ],
                            [
                                -73.504671,
                                -50.090777,
                                0
                            ],
                            [
                                -73.512457,
                                -50.095784,
                                0
                            ],
                            [
                                -73.51852,
                                -50.102598,
                                0
                            ],
                            [
                                -73.539879,
                                -50.112835,
                                0
                            ],
                            [
                                -73.539144,
                                -50.119289,
                                0
                            ],
                            [
                                -73.532863,
                                -50.128674,
                                0
                            ],
                            [
                                -73.52641,
                                -50.134313,
                                0
                            ],
                            [
                                -73.518993,
                                -50.144156,
                                0
                            ],
                            [
                                -73.522032,
                                -50.153045,
                                0
                            ],
                            [
                                -73.527959,
                                -50.164743,
                                0
                            ],
                            [
                                -73.536688,
                                -50.167969,
                                0
                            ],
                            [
                                -73.543065,
                                -50.17299,
                                0
                            ],
                            [
                                -73.554655,
                                -50.184225,
                                0
                            ],
                            [
                                -73.555674,
                                -50.192292,
                                0
                            ],
                            [
                                -73.555197,
                                -50.197584,
                                0
                            ],
                            [
                                -73.558239,
                                -50.208222,
                                0
                            ],
                            [
                                -73.558532,
                                -50.215547,
                                0
                            ],
                            [
                                -73.548911,
                                -50.222563,
                                0
                            ],
                            [
                                -73.549429,
                                -50.227719,
                                0
                            ],
                            [
                                -73.557288,
                                -50.242103,
                                0
                            ],
                            [
                                -73.564268,
                                -50.254458,
                                0
                            ],
                            [
                                -73.564066,
                                -50.264576,
                                0
                            ],
                            [
                                -73.563701,
                                -50.270489,
                                0
                            ],
                            [
                                -73.552199,
                                -50.273901,
                                0
                            ],
                            [
                                -73.535633,
                                -50.287954,
                                0
                            ],
                            [
                                -73.517204,
                                -50.287561,
                                0
                            ],
                            [
                                -73.515113,
                                -50.288126,
                                0
                            ],
                            [
                                -73.510328,
                                -50.298508,
                                0
                            ],
                            [
                                -73.5078,
                                -50.305206,
                                0
                            ],
                            [
                                -73.502513,
                                -50.309853,
                                0
                            ],
                            [
                                -73.499455,
                                -50.313657,
                                0
                            ],
                            [
                                -73.495121,
                                -50.316974,
                                0
                            ],
                            [
                                -73.485019,
                                -50.317242,
                                0
                            ],
                            [
                                -73.479104,
                                -50.327156,
                                0
                            ],
                            [
                                -73.475936,
                                -50.331645,
                                0
                            ],
                            [
                                -73.469276,
                                -50.340726,
                                0
                            ],
                            [
                                -73.470781,
                                -50.348519,
                                0
                            ],
                            [
                                -73.471987,
                                -50.354535,
                                0
                            ],
                            [
                                -73.474775,
                                -50.363964,
                                0
                            ],
                            [
                                -73.480868,
                                -50.36928,
                                0
                            ],
                            [
                                -73.483158,
                                -50.373216,
                                0
                            ],
                            [
                                -73.485928,
                                -50.381008,
                                0
                            ],
                            [
                                -73.476515,
                                -50.38372,
                                0
                            ],
                            [
                                -73.467123,
                                -50.387419,
                                0
                            ],
                            [
                                -73.452148,
                                -50.392724,
                                0
                            ],
                            [
                                -73.454907,
                                -50.398249,
                                0
                            ],
                            [
                                -73.455106,
                                -50.399337,
                                0
                            ],
                            [
                                -73.452684,
                                -50.400819,
                                0
                            ],
                            [
                                -73.443567,
                                -50.406707,
                                0
                            ],
                            [
                                -73.44211,
                                -50.411022,
                                0
                            ],
                            [
                                -73.439965,
                                -50.415778,
                                0
                            ],
                            [
                                -73.436892,
                                -50.422504,
                                0
                            ],
                            [
                                -73.429736,
                                -50.425579,
                                0
                            ],
                            [
                                -73.421239,
                                -50.426956,
                                0
                            ],
                            [
                                -73.418179,
                                -50.428852,
                                0
                            ],
                            [
                                -73.422598,
                                -50.441502,
                                0
                            ],
                            [
                                -73.417402,
                                -50.442513,
                                0
                            ],
                            [
                                -73.406702,
                                -50.445695,
                                0
                            ],
                            [
                                -73.403213,
                                -50.448998,
                                0
                            ],
                            [
                                -73.403522,
                                -50.454636,
                                0
                            ],
                            [
                                -73.404546,
                                -50.45741,
                                0
                            ],
                            [
                                -73.405677,
                                -50.462435,
                                0
                            ],
                            [
                                -73.405668,
                                -50.465388,
                                0
                            ],
                            [
                                -73.43043,
                                -50.480139,
                                0
                            ],
                            [
                                -73.432463,
                                -50.481914,
                                0
                            ],
                            [
                                -73.426027,
                                -50.482684,
                                0
                            ],
                            [
                                -73.414048,
                                -50.483634,
                                0
                            ],
                            [
                                -73.403705,
                                -50.484185,
                                0
                            ],
                            [
                                -73.38962,
                                -50.485184,
                                0
                            ],
                            [
                                -73.380845,
                                -50.485588,
                                0
                            ],
                            [
                                -73.362547,
                                -50.486247,
                                0
                            ],
                            [
                                -73.35987,
                                -50.488712,
                                0
                            ],
                            [
                                -73.361147,
                                -50.498303,
                                0
                            ],
                            [
                                -73.362554,
                                -50.505854,
                                0
                            ],
                            [
                                -73.363786,
                                -50.508018,
                                0
                            ],
                            [
                                -73.36718,
                                -50.509816,
                                0
                            ],
                            [
                                -73.371019,
                                -50.511838,
                                0
                            ],
                            [
                                -73.37929,
                                -50.513478,
                                0
                            ],
                            [
                                -73.386104,
                                -50.515727,
                                0
                            ],
                            [
                                -73.378427,
                                -50.520929,
                                0
                            ],
                            [
                                -73.369255,
                                -50.528323,
                                0
                            ],
                            [
                                -73.359372,
                                -50.535445,
                                0
                            ],
                            [
                                -73.352921,
                                -50.546477,
                                0
                            ],
                            [
                                -73.33967,
                                -50.553354,
                                0
                            ],
                            [
                                -73.330476,
                                -50.562314,
                                0
                            ],
                            [
                                -73.331975,
                                -50.569926,
                                0
                            ],
                            [
                                -73.317381,
                                -50.570734,
                                0
                            ],
                            [
                                -73.306951,
                                -50.570882,
                                0
                            ],
                            [
                                -73.300355,
                                -50.571623,
                                0
                            ],
                            [
                                -73.293604,
                                -50.580824,
                                0
                            ],
                            [
                                -73.287585,
                                -50.587522,
                                0
                            ],
                            [
                                -73.282129,
                                -50.599145,
                                0
                            ],
                            [
                                -73.277768,
                                -50.607559,
                                0
                            ],
                            [
                                -73.266462,
                                -50.628486,
                                0
                            ],
                            [
                                -73.266329,
                                -50.635153,
                                0
                            ],
                            [
                                -73.271629,
                                -50.641811,
                                0
                            ],
                            [
                                -73.272128,
                                -50.643684,
                                0
                            ],
                            [
                                -73.270795,
                                -50.646169,
                                0
                            ],
                            [
                                -73.270504,
                                -50.648314,
                                0
                            ],
                            [
                                -73.267318,
                                -50.65012,
                                0
                            ],
                            [
                                -73.253622,
                                -50.654292,
                                0
                            ],
                            [
                                -73.238515,
                                -50.666239,
                                0
                            ],
                            [
                                -73.222164,
                                -50.665936,
                                0
                            ],
                            [
                                -73.197458,
                                -50.673801,
                                0
                            ],
                            [
                                -73.174437,
                                -50.67489,
                                0
                            ],
                            [
                                -73.168414,
                                -50.686034,
                                0
                            ],
                            [
                                -73.184394,
                                -50.696369,
                                0
                            ],
                            [
                                -73.186051,
                                -50.701297,
                                0
                            ],
                            [
                                -73.197251,
                                -50.701161,
                                0
                            ],
                            [
                                -73.220182,
                                -50.717591,
                                0
                            ],
                            [
                                -73.251544,
                                -50.728252,
                                0
                            ],
                            [
                                -73.283831,
                                -50.739118,
                                0
                            ],
                            [
                                -73.284917,
                                -50.740985,
                                0
                            ],
                            [
                                -73.282886,
                                -50.742203,
                                0
                            ],
                            [
                                -73.281035,
                                -50.742952,
                                0
                            ],
                            [
                                -73.279594,
                                -50.743369,
                                0
                            ],
                            [
                                -73.255406,
                                -50.750767,
                                0
                            ],
                            [
                                -73.263133,
                                -50.763865,
                                0
                            ],
                            [
                                -73.273835,
                                -50.772291,
                                0
                            ],
                            [
                                -73.278235,
                                -50.778247,
                                0
                            ],
                            [
                                -73.279177,
                                -50.780675,
                                0
                            ],
                            [
                                -73.283665,
                                -50.787812,
                                0
                            ],
                            [
                                -73.281348,
                                -50.801996,
                                0
                            ],
                            [
                                -73.272088,
                                -50.807596,
                                0
                            ],
                            [
                                -73.26716,
                                -50.810434,
                                0
                            ],
                            [
                                -73.26737,
                                -50.82259,
                                0
                            ],
                            [
                                -73.265443,
                                -50.826367,
                                0
                            ],
                            [
                                -73.255374,
                                -50.826544,
                                0
                            ],
                            [
                                -73.242791,
                                -50.822705,
                                0
                            ],
                            [
                                -73.235117,
                                -50.82122,
                                0
                            ],
                            [
                                -73.227332,
                                -50.819609,
                                0
                            ],
                            [
                                -73.219669,
                                -50.819128,
                                0
                            ],
                            [
                                -73.210138,
                                -50.823266,
                                0
                            ],
                            [
                                -73.199474,
                                -50.822363,
                                0
                            ],
                            [
                                -73.189811,
                                -50.812353,
                                0
                            ],
                            [
                                -73.164935,
                                -50.804217,
                                0
                            ],
                            [
                                -73.155867,
                                -50.795635,
                                0
                            ],
                            [
                                -73.130161,
                                -50.784211,
                                0
                            ],
                            [
                                -73.12566,
                                -50.785241,
                                0
                            ],
                            [
                                -73.120445,
                                -50.783993,
                                0
                            ],
                            [
                                -73.111787,
                                -50.780082,
                                0
                            ],
                            [
                                -73.096404,
                                -50.774959,
                                0
                            ]
                        ]
                    ]
                }
            },
            {
                "type": "Feature",
                "properties": {
                    "title": "Límite reclamado por Argentina antes de 1998",
                    "description": "Sección B",
                    "stroke": "#0008ff"
                },
                "geometry": {
                    "type": "MultiLineString",
                    "coordinates": [
                        [
                            [
                                -73.450477,
                                -49.79057,
                                0
                            ],
                            [
                                -73.455539,
                                -49.787148,
                                0
                            ],
                            [
                                -73.454893,
                                -49.784626,
                                0
                            ],
                            [
                                -73.45432,
                                -49.783131,
                                0
                            ],
                            [
                                -73.451052,
                                -49.771177,
                                0
                            ],
                            [
                                -73.444791,
                                -49.764122,
                                0
                            ],
                            [
                                -73.432157,
                                -49.760608,
                                0
                            ],
                            [
                                -73.432677,
                                -49.756671,
                                0
                            ],
                            [
                                -73.442526,
                                -49.754549,
                                0
                            ],
                            [
                                -73.476941,
                                -49.728751,
                                0
                            ],
                            [
                                -73.484331,
                                -49.716242,
                                0
                            ],
                            [
                                -73.497211,
                                -49.711486,
                                0
                            ],
                            [
                                -73.508521,
                                -49.705568,
                                0
                            ],
                            [
                                -73.502048,
                                -49.691527,
                                0
                            ],
                            [
                                -73.495426,
                                -49.683547,
                                0
                            ],
                            [
                                -73.499744,
                                -49.674929,
                                0
                            ],
                            [
                                -73.507149,
                                -49.675339,
                                0
                            ],
                            [
                                -73.516113,
                                -49.676012,
                                0
                            ],
                            [
                                -73.519025,
                                -49.673522,
                                0
                            ],
                            [
                                -73.519205,
                                -49.673282,
                                0
                            ],
                            [
                                -73.513685,
                                -49.671619,
                                0
                            ],
                            [
                                -73.508109,
                                -49.667239,
                                0
                            ],
                            [
                                -73.500011,
                                -49.6568,
                                0
                            ],
                            [
                                -73.491882,
                                -49.650761,
                                0
                            ],
                            [
                                -73.482331,
                                -49.644905,
                                0
                            ],
                            [
                                -73.465942,
                                -49.636147,
                                0
                            ],
                            [
                                -73.460239,
                                -49.623559,
                                0
                            ],
                            [
                                -73.471237,
                                -49.596313,
                                0
                            ],
                            [
                                -73.47805,
                                -49.590737,
                                0
                            ],
                            [
                                -73.489965,
                                -49.576096,
                                0
                            ],
                            [
                                -73.518058,
                                -49.568465,
                                0
                            ],
                            [
                                -73.535138,
                                -49.562374,
                                0
                            ],
                            [
                                -73.54191,
                                -49.554734,
                                0
                            ],
                            [
                                -73.542886,
                                -49.546387,
                                0
                            ],
                            [
                                -73.549444,
                                -49.538254,
                                0
                            ],
                            [
                                -73.547249,
                                -49.534497,
                                0
                            ],
                            [
                                -73.542067,
                                -49.52612,
                                0
                            ],
                            [
                                -73.547509,
                                -49.516305,
                                0
                            ],
                            [
                                -73.547467,
                                -49.504537,
                                0
                            ],
                            [
                                -73.541569,
                                -49.501876,
                                0
                            ],
                            [
                                -73.529718,
                                -49.502791,
                                0
                            ],
                            [
                                -73.512123,
                                -49.502492,
                                0
                            ],
                            [
                                -73.503038,
                                -49.499677,
                                0
                            ],
                            [
                                -73.488274,
                                -49.49912,
                                0
                            ],
                            [
                                -73.484269,
                                -49.495354,
                                0
                            ],
                            [
                                -73.482977,
                                -49.491593,
                                0
                            ],
                            [
                                -73.474368,
                                -49.481997,
                                0
                            ],
                            [
                                -73.466557,
                                -49.479818,
                                0
                            ],
                            [
                                -73.466796,
                                -49.475768,
                                0
                            ],
                            [
                                -73.467679,
                                -49.4713,
                                0
                            ],
                            [
                                -73.469614,
                                -49.468508,
                                0
                            ],
                            [
                                -73.47112,
                                -49.466341,
                                0
                            ],
                            [
                                -73.472207,
                                -49.465866,
                                0
                            ],
                            [
                                -73.474841,
                                -49.465478,
                                0
                            ],
                            [
                                -73.47799,
                                -49.46487,
                                0
                            ],
                            [
                                -73.479755,
                                -49.464436,
                                0
                            ],
                            [
                                -73.486476,
                                -49.448263,
                                0
                            ],
                            [
                                -73.486554,
                                -49.442927,
                                0
                            ],
                            [
                                -73.482744,
                                -49.437705,
                                0
                            ],
                            [
                                -73.496481,
                                -49.431057,
                                0
                            ],
                            [
                                -73.48956,
                                -49.420201,
                                0
                            ],
                            [
                                -73.477057,
                                -49.417702,
                                0
                            ],
                            [
                                -73.468677,
                                -49.407472,
                                0
                            ],
                            [
                                -73.451611,
                                -49.399327,
                                0
                            ],
                            [
                                -73.443925,
                                -49.400645,
                                0
                            ],
                            [
                                -73.441348,
                                -49.396236,
                                0
                            ],
                            [
                                -73.431687,
                                -49.392163,
                                0
                            ],
                            [
                                -73.427783,
                                -49.391559,
                                0
                            ],
                            [
                                -73.427805,
                                -49.388607,
                                0
                            ],
                            [
                                -73.427022,
                                -49.385526,
                                0
                            ],
                            [
                                -73.42816,
                                -49.382883,
                                0
                            ],
                            [
                                -73.426226,
                                -49.373786,
                                0
                            ],
                            [
                                -73.428879,
                                -49.369627,
                                0
                            ],
                            [
                                -73.427608,
                                -49.366697,
                                0
                            ],
                            [
                                -73.432027,
                                -49.363688,
                                0
                            ],
                            [
                                -73.426897,
                                -49.355708,
                                0
                            ],
                            [
                                -73.430179,
                                -49.352668,
                                0
                            ],
                            [
                                -73.429487,
                                -49.34475,
                                0
                            ],
                            [
                                -73.425233,
                                -49.342395,
                                0
                            ],
                            [
                                -73.418908,
                                -49.337373,
                                0
                            ],
                            [
                                -73.415675,
                                -49.33449,
                                0
                            ],
                            [
                                -73.413305,
                                -49.327455,
                                0
                            ],
                            [
                                -73.416359,
                                -49.322403,
                                0
                            ],
                            [
                                -73.42238,
                                -49.319549,
                                0
                            ],
                            [
                                -73.434684,
                                -49.31365,
                                0
                            ],
                            [
                                -73.432279,
                                -49.304927,
                                0
                            ],
                            [
                                -73.438985,
                                -49.302334,
                                0
                            ],
                            [
                                -73.447968,
                                -49.301649,
                                0
                            ],
                            [
                                -73.455333,
                                -49.302145,
                                0
                            ],
                            [
                                -73.459969,
                                -49.29699,
                                0
                            ],
                            [
                                -73.458813,
                                -49.29117,
                                0
                            ],
                            [
                                -73.464774,
                                -49.283172,
                                0
                            ],
                            [
                                -73.475212,
                                -49.274927,
                                0
                            ],
                            [
                                -73.487872,
                                -49.263731,
                                0
                            ],
                            [
                                -73.496128,
                                -49.26105,
                                0
                            ],
                            [
                                -73.495867,
                                -49.244006,
                                0
                            ],
                            [
                                -73.478547,
                                -49.216495,
                                0
                            ],
                            [
                                -73.474882,
                                -49.198393,
                                0
                            ],
                            [
                                -73.1447961,
                                -49.274177,
                                0
                            ],
                            [
                                -73.0419819,
                                -49.2741906,
                                0
                            ]
                        ]
                    ]
                }
            },
            {
                "type": "Feature",
                "properties": {
                    "title": "Acuerdo de 1998 (Monte Fitz Roy límite sur)",
                    "description": "Sección B",
                    "stroke": "#00FF00"
                },
                "geometry": {
                    "type": "MultiLineString",
                    "coordinates": [
                        [
                            [
                                -73.043212,
                                -49.271266,
                                0
                            ],
                            [
                                -73.04278,
                                -49.271605,
                                0
                            ],
                            [
                                -73.042613,
                                -49.271669,
                                0
                            ],
                            [
                                -73.042557,
                                -49.271779,
                                0
                            ],
                            [
                                -73.04235,
                                -49.273064,
                                0
                            ],
                            [
                                -73.041826,
                                -49.274675,
                                0
                            ],
                            [
                                -73.041445,
                                -49.275077,
                                0
                            ],
                            [
                                -73.041436,
                                -49.275525,
                                0
                            ],
                            [
                                -73.041119,
                                -49.275698,
                                0
                            ],
                            [
                                -73.040744,
                                -49.27649,
                                0
                            ],
                            [
                                -73.039981,
                                -49.276917,
                                0
                            ],
                            [
                                -73.042587,
                                -49.277352,
                                0
                            ],
                            [
                                -73.048109,
                                -49.278166,
                                0
                            ],
                            [
                                -73.053849,
                                -49.278999,
                                0
                            ],
                            [
                                -73.059015,
                                -49.279722,
                                0
                            ],
                            [
                                -73.06441,
                                -49.280587,
                                0
                            ],
                            [
                                -73.069989,
                                -49.281486,
                                0
                            ],
                            [
                                -73.075689,
                                -49.282275,
                                0
                            ],
                            [
                                -73.086701,
                                -49.283861,
                                0
                            ],
                            [
                                -73.097509,
                                -49.283931,
                                0
                            ]
                        ]
                    ]
                }
            },
            {
                "type": "Feature",
                "properties": {
                    "title": "Acuerdo de 1998",
                    "description": "Sección A",
                    "stroke": "#00FF00"
                },
                "geometry": {
                    "type": "MultiLineString",
                    "coordinates": [
                        [
                            [
                                -73.450125,
                                -49.789447,
                                0
                            ],
                            [
                                -73.444437,
                                -49.791411,
                                0
                            ],
                            [
                                -73.440641,
                                -49.795015,
                                0
                            ],
                            [
                                -73.439557,
                                -49.799034,
                                0
                            ],
                            [
                                -73.451237,
                                -49.802943,
                                0
                            ],
                            [
                                -73.467307,
                                -49.807645,
                                0
                            ],
                            [
                                -73.481547,
                                -49.809056,
                                0
                            ],
                            [
                                -73.487126,
                                -49.811698,
                                0
                            ],
                            [
                                -73.489989,
                                -49.81688,
                                0
                            ],
                            [
                                -73.490861,
                                -49.824004,
                                0
                            ],
                            [
                                -73.491116,
                                -49.831165,
                                0
                            ],
                            [
                                -73.488337,
                                -49.836502,
                                0
                            ],
                            [
                                -73.484721,
                                -49.83891,
                                0
                            ],
                            [
                                -73.4825,
                                -49.841115,
                                0
                            ],
                            [
                                -73.482477,
                                -49.842854,
                                0
                            ],
                            [
                                -73.483026,
                                -49.843649,
                                0
                            ],
                            [
                                -73.484352,
                                -49.84453,
                                0
                            ],
                            [
                                -73.487033,
                                -49.844297,
                                0
                            ],
                            [
                                -73.488878,
                                -49.845267,
                                0
                            ],
                            [
                                -73.48965,
                                -49.846757,
                                0
                            ],
                            [
                                -73.489885,
                                -49.854878,
                                0
                            ],
                            [
                                -73.496709,
                                -49.85732,
                                0
                            ],
                            [
                                -73.500021,
                                -49.861163,
                                0
                            ],
                            [
                                -73.499273,
                                -49.863997,
                                0
                            ],
                            [
                                -73.499739,
                                -49.866394,
                                0
                            ],
                            [
                                -73.501932,
                                -49.869102,
                                0
                            ],
                            [
                                -73.506576,
                                -49.873847,
                                0
                            ],
                            [
                                -73.507039,
                                -49.875682,
                                0
                            ],
                            [
                                -73.510533,
                                -49.875977,
                                0
                            ],
                            [
                                -73.510588,
                                -49.878578,
                                0
                            ],
                            [
                                -73.512139,
                                -49.881913,
                                0
                            ],
                            [
                                -73.510166,
                                -49.886699,
                                0
                            ],
                            [
                                -73.512776,
                                -49.888705,
                                0
                            ],
                            [
                                -73.514611,
                                -49.889265,
                                0
                            ],
                            [
                                -73.517848,
                                -49.889298,
                                0
                            ],
                            [
                                -73.528624,
                                -49.891657,
                                0
                            ],
                            [
                                -73.535857,
                                -49.894223,
                                0
                            ],
                            [
                                -73.551274,
                                -49.896872,
                                0
                            ],
                            [
                                -73.553614,
                                -49.898798,
                                0
                            ],
                            [
                                -73.554104,
                                -49.903544,
                                0
                            ],
                            [
                                -73.553624,
                                -49.907909,
                                0
                            ],
                            [
                                -73.554314,
                                -49.91268,
                                0
                            ],
                            [
                                -73.556583,
                                -49.917774,
                                0
                            ],
                            [
                                -73.557775,
                                -49.918821,
                                0
                            ],
                            [
                                -73.557808,
                                -49.919844,
                                0
                            ],
                            [
                                -73.556794,
                                -49.921289,
                                0
                            ],
                            [
                                -73.555193,
                                -49.922479,
                                0
                            ],
                            [
                                -73.554536,
                                -49.923466,
                                0
                            ],
                            [
                                -73.554865,
                                -49.925344,
                                0
                            ],
                            [
                                -73.555262,
                                -49.927321,
                                0
                            ],
                            [
                                -73.554066,
                                -49.930742,
                                0
                            ],
                            [
                                -73.554809,
                                -49.931899,
                                0
                            ],
                            [
                                -73.554919,
                                -49.933706,
                                0
                            ],
                            [
                                -73.553899,
                                -49.936366,
                                0
                            ],
                            [
                                -73.553908,
                                -49.938225,
                                0
                            ],
                            [
                                -73.554638,
                                -49.939673,
                                0
                            ],
                            [
                                -73.559772,
                                -49.942759,
                                0
                            ],
                            [
                                -73.560252,
                                -49.945297,
                                0
                            ],
                            [
                                -73.559289,
                                -49.946922,
                                0
                            ],
                            [
                                -73.545239,
                                -49.950813,
                                0
                            ],
                            [
                                -73.541892,
                                -49.950142,
                                0
                            ],
                            [
                                -73.53468,
                                -49.950369,
                                0
                            ],
                            [
                                -73.530502,
                                -49.951653,
                                0
                            ],
                            [
                                -73.527213,
                                -49.953456,
                                0
                            ],
                            [
                                -73.525055,
                                -49.95663,
                                0
                            ],
                            [
                                -73.522162,
                                -49.956871,
                                0
                            ],
                            [
                                -73.521357,
                                -49.95799,
                                0
                            ],
                            [
                                -73.520719,
                                -49.958424,
                                0
                            ],
                            [
                                -73.518788,
                                -49.95881,
                                0
                            ],
                            [
                                -73.515297,
                                -49.959265,
                                0
                            ],
                            [
                                -73.510647,
                                -49.961141,
                                0
                            ],
                            [
                                -73.505232,
                                -49.965352,
                                0
                            ],
                            [
                                -73.503229,
                                -49.966972,
                                0
                            ],
                            [
                                -73.50098,
                                -49.967174,
                                0
                            ],
                            [
                                -73.499843,
                                -49.968033,
                                0
                            ],
                            [
                                -73.498604,
                                -49.967564,
                                0
                            ],
                            [
                                -73.497516,
                                -49.967129,
                                0
                            ],
                            [
                                -73.495331,
                                -49.967362,
                                0
                            ],
                            [
                                -73.494137,
                                -49.968045,
                                0
                            ],
                            [
                                -73.493009,
                                -49.96832,
                                0
                            ],
                            [
                                -73.491114,
                                -49.969341,
                                0
                            ],
                            [
                                -73.487656,
                                -49.969652,
                                0
                            ],
                            [
                                -73.481692,
                                -49.970817,
                                0
                            ],
                            [
                                -73.47574,
                                -49.970067,
                                0
                            ],
                            [
                                -73.471789,
                                -49.969536,
                                0
                            ],
                            [
                                -73.466061,
                                -49.966489,
                                0
                            ],
                            [
                                -73.458331,
                                -49.959046,
                                0
                            ],
                            [
                                -73.457165,
                                -49.95873,
                                0
                            ],
                            [
                                -73.451515,
                                -49.960338,
                                0
                            ],
                            [
                                -73.446007,
                                -49.964425,
                                0
                            ],
                            [
                                -73.445008,
                                -49.966508,
                                0
                            ],
                            [
                                -73.445571,
                                -49.972773,
                                0
                            ],
                            [
                                -73.444835,
                                -49.97519,
                                0
                            ],
                            [
                                -73.445222,
                                -49.977829,
                                0
                            ],
                            [
                                -73.44685,
                                -49.979518,
                                0
                            ],
                            [
                                -73.446319,
                                -49.983418,
                                0
                            ],
                            [
                                -73.447761,
                                -49.984956,
                                0
                            ],
                            [
                                -73.447414,
                                -49.986104,
                                0
                            ],
                            [
                                -73.445952,
                                -49.987259,
                                0
                            ],
                            [
                                -73.445813,
                                -49.988689,
                                0
                            ],
                            [
                                -73.444054,
                                -49.989989,
                                0
                            ],
                            [
                                -73.443271,
                                -49.992681,
                                0
                            ],
                            [
                                -73.441938,
                                -49.997829,
                                0
                            ],
                            [
                                -73.440194,
                                -50.002862,
                                0
                            ],
                            [
                                -73.438487,
                                -50.005472,
                                0
                            ],
                            [
                                -73.436056,
                                -50.008068,
                                0
                            ],
                            [
                                -73.436017,
                                -50.009624,
                                0
                            ],
                            [
                                -73.438243,
                                -50.011547,
                                0
                            ],
                            [
                                -73.442794,
                                -50.012612,
                                0
                            ],
                            [
                                -73.44218,
                                -50.017216,
                                0
                            ],
                            [
                                -73.439209,
                                -50.022669,
                                0
                            ],
                            [
                                -73.436877,
                                -50.024652,
                                0
                            ],
                            [
                                -73.43563,
                                -50.02582,
                                0
                            ],
                            [
                                -73.441028,
                                -50.02725,
                                0
                            ],
                            [
                                -73.446739,
                                -50.031298,
                                0
                            ],
                            [
                                -73.449912,
                                -50.035249,
                                0
                            ],
                            [
                                -73.451326,
                                -50.038693,
                                0
                            ],
                            [
                                -73.460351,
                                -50.045743,
                                0
                            ],
                            [
                                -73.461447,
                                -50.049812,
                                0
                            ],
                            [
                                -73.461692,
                                -50.052173,
                                0
                            ],
                            [
                                -73.461166,
                                -50.053894,
                                0
                            ],
                            [
                                -73.461389,
                                -50.054821,
                                0
                            ],
                            [
                                -73.462275,
                                -50.055014,
                                0
                            ],
                            [
                                -73.469786,
                                -50.053933,
                                0
                            ],
                            [
                                -73.47194,
                                -50.054094,
                                0
                            ],
                            [
                                -73.477636,
                                -50.053842,
                                0
                            ],
                            [
                                -73.485358,
                                -50.051662,
                                0
                            ],
                            [
                                -73.488276,
                                -50.05181,
                                0
                            ],
                            [
                                -73.490809,
                                -50.051004,
                                0
                            ],
                            [
                                -73.492298,
                                -50.050345,
                                0
                            ],
                            [
                                -73.493796,
                                -50.04884,
                                0
                            ],
                            [
                                -73.496203,
                                -50.048205,
                                0
                            ],
                            [
                                -73.498316,
                                -50.048583,
                                0
                            ],
                            [
                                -73.49746,
                                -50.04912,
                                0
                            ],
                            [
                                -73.497446,
                                -50.049538,
                                0
                            ],
                            [
                                -73.4966,
                                -50.049993,
                                0
                            ],
                            [
                                -73.495951,
                                -50.050725,
                                0
                            ],
                            [
                                -73.498994,
                                -50.052955,
                                0
                            ],
                            [
                                -73.500018,
                                -50.053367,
                                0
                            ],
                            [
                                -73.500043,
                                -50.054277,
                                0
                            ],
                            [
                                -73.499405,
                                -50.055747,
                                0
                            ],
                            [
                                -73.499632,
                                -50.056425,
                                0
                            ],
                            [
                                -73.499579,
                                -50.057251,
                                0
                            ],
                            [
                                -73.499851,
                                -50.058114,
                                0
                            ],
                            [
                                -73.500059,
                                -50.058699,
                                0
                            ],
                            [
                                -73.499789,
                                -50.059271,
                                0
                            ],
                            [
                                -73.499717,
                                -50.060095,
                                0
                            ],
                            [
                                -73.498904,
                                -50.059999,
                                0
                            ],
                            [
                                -73.498371,
                                -50.060311,
                                0
                            ],
                            [
                                -73.497108,
                                -50.060663,
                                0
                            ],
                            [
                                -73.496029,
                                -50.061505,
                                0
                            ],
                            [
                                -73.495069,
                                -50.062924,
                                0
                            ],
                            [
                                -73.493203,
                                -50.063461,
                                0
                            ],
                            [
                                -73.491655,
                                -50.064341,
                                0
                            ],
                            [
                                -73.487563,
                                -50.065504,
                                0
                            ],
                            [
                                -73.485881,
                                -50.06684,
                                0
                            ],
                            [
                                -73.483995,
                                -50.068909,
                                0
                            ],
                            [
                                -73.481529,
                                -50.074526,
                                0
                            ],
                            [
                                -73.482087,
                                -50.085978,
                                0
                            ],
                            [
                                -73.482558,
                                -50.087092,
                                0
                            ],
                            [
                                -73.484296,
                                -50.087442,
                                0
                            ],
                            [
                                -73.48748,
                                -50.08728,
                                0
                            ],
                            [
                                -73.490871,
                                -50.086059,
                                0
                            ],
                            [
                                -73.494608,
                                -50.085961,
                                0
                            ],
                            [
                                -73.496697,
                                -50.087652,
                                0
                            ],
                            [
                                -73.497536,
                                -50.088568,
                                0
                            ],
                            [
                                -73.498433,
                                -50.09284,
                                0
                            ],
                            [
                                -73.501266,
                                -50.095858,
                                0
                            ],
                            [
                                -73.501992,
                                -50.097305,
                                0
                            ],
                            [
                                -73.501026,
                                -50.099543,
                                0
                            ],
                            [
                                -73.50096,
                                -50.101224,
                                0
                            ],
                            [
                                -73.502482,
                                -50.103226,
                                0
                            ],
                            [
                                -73.506404,
                                -50.104184,
                                0
                            ],
                            [
                                -73.511889,
                                -50.10459,
                                0
                            ],
                            [
                                -73.513927,
                                -50.103953,
                                0
                            ],
                            [
                                -73.514247,
                                -50.104608,
                                0
                            ],
                            [
                                -73.514707,
                                -50.107041,
                                0
                            ],
                            [
                                -73.514476,
                                -50.110055,
                                0
                            ],
                            [
                                -73.510292,
                                -50.115419,
                                0
                            ],
                            [
                                -73.510084,
                                -50.116823,
                                0
                            ],
                            [
                                -73.510197,
                                -50.117644,
                                0
                            ],
                            [
                                -73.511246,
                                -50.117776,
                                0
                            ],
                            [
                                -73.512472,
                                -50.117729,
                                0
                            ],
                            [
                                -73.51278,
                                -50.11875,
                                0
                            ],
                            [
                                -73.513643,
                                -50.119611,
                                0
                            ],
                            [
                                -73.514577,
                                -50.120227,
                                0
                            ],
                            [
                                -73.515611,
                                -50.121489,
                                0
                            ],
                            [
                                -73.514975,
                                -50.123203,
                                0
                            ],
                            [
                                -73.513022,
                                -50.123558,
                                0
                            ],
                            [
                                -73.513259,
                                -50.124717,
                                0
                            ],
                            [
                                -73.513782,
                                -50.125635,
                                0
                            ],
                            [
                                -73.513847,
                                -50.125639,
                                0
                            ],
                            [
                                -73.514537,
                                -50.128653,
                                0
                            ],
                            [
                                -73.516569,
                                -50.132891,
                                0
                            ],
                            [
                                -73.516812,
                                -50.134628,
                                0
                            ],
                            [
                                -73.515904,
                                -50.136388,
                                0
                            ],
                            [
                                -73.51531,
                                -50.138524,
                                0
                            ],
                            [
                                -73.515727,
                                -50.139998,
                                0
                            ],
                            [
                                -73.518084,
                                -50.14233,
                                0
                            ],
                            [
                                -73.521373,
                                -50.14701,
                                0
                            ],
                            [
                                -73.520064,
                                -50.150511,
                                0
                            ],
                            [
                                -73.519947,
                                -50.152841,
                                0
                            ],
                            [
                                -73.515629,
                                -50.155047,
                                0
                            ],
                            [
                                -73.508384,
                                -50.156129,
                                0
                            ],
                            [
                                -73.505839,
                                -50.156034,
                                0
                            ],
                            [
                                -73.503312,
                                -50.154689,
                                0
                            ],
                            [
                                -73.49968,
                                -50.152469,
                                0
                            ],
                            [
                                -73.497778,
                                -50.155221,
                                0
                            ],
                            [
                                -73.494797,
                                -50.158967,
                                0
                            ],
                            [
                                -73.492149,
                                -50.160409,
                                0
                            ],
                            [
                                -73.489386,
                                -50.162534,
                                0
                            ],
                            [
                                -73.486422,
                                -50.162194,
                                0
                            ],
                            [
                                -73.482213,
                                -50.166431,
                                0
                            ],
                            [
                                -73.479627,
                                -50.166459,
                                0
                            ],
                            [
                                -73.478097,
                                -50.166873,
                                0
                            ],
                            [
                                -73.476736,
                                -50.168495,
                                0
                            ],
                            [
                                -73.47753,
                                -50.170029,
                                0
                            ],
                            [
                                -73.477903,
                                -50.173148,
                                0
                            ],
                            [
                                -73.477086,
                                -50.174512,
                                0
                            ],
                            [
                                -73.472195,
                                -50.180473,
                                0
                            ],
                            [
                                -73.466017,
                                -50.18645,
                                0
                            ],
                            [
                                -73.46384,
                                -50.186097,
                                0
                            ],
                            [
                                -73.459581,
                                -50.18453,
                                0
                            ],
                            [
                                -73.45639,
                                -50.184427,
                                0
                            ],
                            [
                                -73.450964,
                                -50.181899,
                                0
                            ],
                            [
                                -73.445614,
                                -50.180436,
                                0
                            ],
                            [
                                -73.439835,
                                -50.18027,
                                0
                            ],
                            [
                                -73.435061,
                                -50.180729,
                                0
                            ],
                            [
                                -73.431914,
                                -50.182252,
                                0
                            ],
                            [
                                -73.430458,
                                -50.18423,
                                0
                            ],
                            [
                                -73.429773,
                                -50.189067,
                                0
                            ],
                            [
                                -73.424682,
                                -50.193863,
                                0
                            ],
                            [
                                -73.419722,
                                -50.197601,
                                0
                            ],
                            [
                                -73.419888,
                                -50.200518,
                                0
                            ],
                            [
                                -73.420779,
                                -50.20147,
                                0
                            ],
                            [
                                -73.422731,
                                -50.205637,
                                0
                            ],
                            [
                                -73.425262,
                                -50.207939,
                                0
                            ],
                            [
                                -73.426745,
                                -50.209259,
                                0
                            ],
                            [
                                -73.429041,
                                -50.210383,
                                0
                            ],
                            [
                                -73.431063,
                                -50.210638,
                                0
                            ],
                            [
                                -73.433303,
                                -50.210222,
                                0
                            ],
                            [
                                -73.433727,
                                -50.211671,
                                0
                            ],
                            [
                                -73.435825,
                                -50.212782,
                                0
                            ],
                            [
                                -73.438971,
                                -50.213251,
                                0
                            ],
                            [
                                -73.440879,
                                -50.213989,
                                0
                            ],
                            [
                                -73.441261,
                                -50.214886,
                                0
                            ],
                            [
                                -73.443366,
                                -50.215632,
                                0
                            ],
                            [
                                -73.445393,
                                -50.21591,
                                0
                            ],
                            [
                                -73.448346,
                                -50.217208,
                                0
                            ],
                            [
                                -73.448809,
                                -50.217547,
                                0
                            ],
                            [
                                -73.448979,
                                -50.218833,
                                0
                            ],
                            [
                                -73.449007,
                                -50.219636,
                                0
                            ],
                            [
                                -73.449562,
                                -50.220702,
                                0
                            ],
                            [
                                -73.450971,
                                -50.221023,
                                0
                            ],
                            [
                                -73.451148,
                                -50.225173,
                                0
                            ],
                            [
                                -73.451331,
                                -50.225605,
                                0
                            ],
                            [
                                -73.45068,
                                -50.226392,
                                0
                            ],
                            [
                                -73.449317,
                                -50.227236,
                                0
                            ],
                            [
                                -73.449255,
                                -50.228189,
                                0
                            ],
                            [
                                -73.450158,
                                -50.228962,
                                0
                            ],
                            [
                                -73.450336,
                                -50.230707,
                                0
                            ],
                            [
                                -73.453156,
                                -50.231497,
                                0
                            ],
                            [
                                -73.45368,
                                -50.233667,
                                0
                            ],
                            [
                                -73.454199,
                                -50.234603,
                                0
                            ],
                            [
                                -73.451916,
                                -50.240907,
                                0
                            ],
                            [
                                -73.451107,
                                -50.241767,
                                0
                            ],
                            [
                                -73.450636,
                                -50.242146,
                                0
                            ],
                            [
                                -73.451193,
                                -50.242942,
                                0
                            ],
                            [
                                -73.44852,
                                -50.24571,
                                0
                            ],
                            [
                                -73.442275,
                                -50.247946,
                                0
                            ],
                            [
                                -73.439035,
                                -50.247838,
                                0
                            ],
                            [
                                -73.434992,
                                -50.247997,
                                0
                            ],
                            [
                                -73.431206,
                                -50.247803,
                                0
                            ],
                            [
                                -73.429751,
                                -50.248074,
                                0
                            ],
                            [
                                -73.429265,
                                -50.248478,
                                0
                            ],
                            [
                                -73.427626,
                                -50.248756,
                                0
                            ],
                            [
                                -73.411864,
                                -50.261179,
                                0
                            ],
                            [
                                -73.360822,
                                -50.301315,
                                0
                            ],
                            [
                                -73.404046,
                                -50.335491,
                                0
                            ],
                            [
                                -73.425396,
                                -50.336117,
                                0
                            ],
                            [
                                -73.437607,
                                -50.343258,
                                0
                            ],
                            [
                                -73.428396,
                                -50.354806,
                                0
                            ],
                            [
                                -73.435891,
                                -50.362257,
                                0
                            ],
                            [
                                -73.416989,
                                -50.381792,
                                0
                            ],
                            [
                                -73.406466,
                                -50.38002,
                                0
                            ],
                            [
                                -73.397069,
                                -50.370059,
                                0
                            ],
                            [
                                -73.38775,
                                -50.370452,
                                0
                            ],
                            [
                                -73.371956,
                                -50.373358,
                                0
                            ],
                            [
                                -73.368388,
                                -50.372873,
                                0
                            ],
                            [
                                -73.37644,
                                -50.375966,
                                0
                            ],
                            [
                                -73.377492,
                                -50.377188,
                                0
                            ],
                            [
                                -73.377958,
                                -50.379206,
                                0
                            ],
                            [
                                -73.37957,
                                -50.381767,
                                0
                            ],
                            [
                                -73.379776,
                                -50.384141,
                                0
                            ],
                            [
                                -73.382177,
                                -50.387446,
                                0
                            ],
                            [
                                -73.386394,
                                -50.39194,
                                0
                            ],
                            [
                                -73.382732,
                                -50.40138,
                                0
                            ],
                            [
                                -73.375314,
                                -50.416111,
                                0
                            ],
                            [
                                -73.366642,
                                -50.421847,
                                0
                            ],
                            [
                                -73.357461,
                                -50.429004,
                                0
                            ],
                            [
                                -73.355859,
                                -50.430389,
                                0
                            ],
                            [
                                -73.355786,
                                -50.432246,
                                0
                            ],
                            [
                                -73.357789,
                                -50.434977,
                                0
                            ],
                            [
                                -73.358904,
                                -50.437144,
                                0
                            ],
                            [
                                -73.360064,
                                -50.437564,
                                0
                            ],
                            [
                                -73.362395,
                                -50.448888,
                                0
                            ],
                            [
                                -73.364576,
                                -50.453085,
                                0
                            ],
                            [
                                -73.360339,
                                -50.460691,
                                0
                            ],
                            [
                                -73.357135,
                                -50.464102,
                                0
                            ],
                            [
                                -73.354887,
                                -50.467603,
                                0
                            ],
                            [
                                -73.351067,
                                -50.473278,
                                0
                            ],
                            [
                                -73.352291,
                                -50.476121,
                                0
                            ],
                            [
                                -73.355028,
                                -50.479993,
                                0
                            ],
                            [
                                -73.362189,
                                -50.487024,
                                0
                            ],
                            [
                                -73.358469,
                                -50.488227,
                                0
                            ],
                            [
                                -73.353413,
                                -50.490141,
                                0
                            ],
                            [
                                -73.349397,
                                -50.493745,
                                0
                            ],
                            [
                                -73.358134,
                                -50.502698,
                                0
                            ],
                            [
                                -73.357757,
                                -50.508089,
                                0
                            ],
                            [
                                -73.35649,
                                -50.51417,
                                0
                            ],
                            [
                                -73.350356,
                                -50.522252,
                                0
                            ],
                            [
                                -73.353366,
                                -50.528218,
                                0
                            ],
                            [
                                -73.355367,
                                -50.530649,
                                0
                            ],
                            [
                                -73.356308,
                                -50.534146,
                                0
                            ],
                            [
                                -73.35606,
                                -50.53541,
                                0
                            ],
                            [
                                -73.354111,
                                -50.536782,
                                0
                            ],
                            [
                                -73.350617,
                                -50.537515,
                                0
                            ],
                            [
                                -73.348855,
                                -50.537793,
                                0
                            ],
                            [
                                -73.347921,
                                -50.538371,
                                0
                            ],
                            [
                                -73.347558,
                                -50.539418,
                                0
                            ],
                            [
                                -73.348176,
                                -50.540272,
                                0
                            ],
                            [
                                -73.348173,
                                -50.546148,
                                0
                            ],
                            [
                                -73.342128,
                                -50.54827,
                                0
                            ],
                            [
                                -73.338879,
                                -50.549881,
                                0
                            ],
                            [
                                -73.337472,
                                -50.551766,
                                0
                            ],
                            [
                                -73.338634,
                                -50.555371,
                                0
                            ],
                            [
                                -73.337366,
                                -50.557604,
                                0
                            ],
                            [
                                -73.334543,
                                -50.558114,
                                0
                            ],
                            [
                                -73.334109,
                                -50.560015,
                                0
                            ],
                            [
                                -73.331729,
                                -50.562786,
                                0
                            ],
                            [
                                -73.330832,
                                -50.564058,
                                0
                            ],
                            [
                                -73.331756,
                                -50.5672,
                                0
                            ],
                            [
                                -73.331608,
                                -50.568854,
                                0
                            ],
                            [
                                -73.329297,
                                -50.570689,
                                0
                            ],
                            [
                                -73.322625,
                                -50.571811,
                                0
                            ],
                            [
                                -73.317368,
                                -50.57157,
                                0
                            ],
                            [
                                -73.313189,
                                -50.572969,
                                0
                            ],
                            [
                                -73.309212,
                                -50.572238,
                                0
                            ],
                            [
                                -73.301657,
                                -50.571716,
                                0
                            ],
                            [
                                -73.299324,
                                -50.573311,
                                0
                            ],
                            [
                                -73.298039,
                                -50.575892,
                                0
                            ],
                            [
                                -73.294078,
                                -50.581805,
                                0
                            ],
                            [
                                -73.29226,
                                -50.583426,
                                0
                            ],
                            [
                                -73.28892,
                                -50.585162,
                                0
                            ],
                            [
                                -73.286664,
                                -50.587395,
                                0
                            ],
                            [
                                -73.286332,
                                -50.588143,
                                0
                            ],
                            [
                                -73.281331,
                                -50.588041,
                                0
                            ],
                            [
                                -73.276797,
                                -50.591713,
                                0
                            ],
                            [
                                -73.256177,
                                -50.594704,
                                0
                            ],
                            [
                                -73.252357,
                                -50.593733,
                                0
                            ],
                            [
                                -73.244817,
                                -50.594194,
                                0
                            ],
                            [
                                -73.239103,
                                -50.595565,
                                0
                            ],
                            [
                                -73.231667,
                                -50.601873,
                                0
                            ],
                            [
                                -73.231662,
                                -50.604618,
                                0
                            ],
                            [
                                -73.234634,
                                -50.607397,
                                0
                            ],
                            [
                                -73.234708,
                                -50.608864,
                                0
                            ],
                            [
                                -73.232027,
                                -50.609782,
                                0
                            ],
                            [
                                -73.227443,
                                -50.608858,
                                0
                            ],
                            [
                                -73.223303,
                                -50.607415,
                                0
                            ],
                            [
                                -73.219258,
                                -50.6067,
                                0
                            ],
                            [
                                -73.168341,
                                -50.637944,
                                0
                            ],
                            [
                                -73.16873,
                                -50.639895,
                                0
                            ],
                            [
                                -73.167836,
                                -50.641509,
                                0
                            ],
                            [
                                -73.14492,
                                -50.65097,
                                0
                            ],
                            [
                                -73.145032,
                                -50.653623,
                                0
                            ],
                            [
                                -73.146537,
                                -50.655227,
                                0
                            ],
                            [
                                -73.149668,
                                -50.655783,
                                0
                            ],
                            [
                                -73.153789,
                                -50.658588,
                                0
                            ],
                            [
                                -73.154071,
                                -50.660034,
                                0
                            ],
                            [
                                -73.153642,
                                -50.662495,
                                0
                            ],
                            [
                                -73.153463,
                                -50.665109,
                                0
                            ],
                            [
                                -73.151917,
                                -50.66633,
                                0
                            ],
                            [
                                -73.151817,
                                -50.667847,
                                0
                            ],
                            [
                                -73.153249,
                                -50.668402,
                                0
                            ],
                            [
                                -73.160569,
                                -50.673053,
                                0
                            ],
                            [
                                -73.162291,
                                -50.674349,
                                0
                            ],
                            [
                                -73.163083,
                                -50.677575,
                                0
                            ],
                            [
                                -73.164985,
                                -50.680774,
                                0
                            ],
                            [
                                -73.164888,
                                -50.685489,
                                0
                            ],
                            [
                                -73.171278,
                                -50.690839,
                                0
                            ],
                            [
                                -73.172089,
                                -50.693075,
                                0
                            ],
                            [
                                -73.172046,
                                -50.696599,
                                0
                            ],
                            [
                                -73.170906,
                                -50.700515,
                                0
                            ],
                            [
                                -73.171188,
                                -50.703158,
                                0
                            ],
                            [
                                -73.178925,
                                -50.704357,
                                0
                            ],
                            [
                                -73.179825,
                                -50.705549,
                                0
                            ],
                            [
                                -73.182568,
                                -50.706465,
                                0
                            ],
                            [
                                -73.18424,
                                -50.709152,
                                0
                            ],
                            [
                                -73.183504,
                                -50.712809,
                                0
                            ],
                            [
                                -73.184048,
                                -50.715218,
                                0
                            ],
                            [
                                -73.184045,
                                -50.715151,
                                0
                            ],
                            [
                                -73.183033,
                                -50.717549,
                                0
                            ],
                            [
                                -73.185585,
                                -50.719474,
                                0
                            ],
                            [
                                -73.186819,
                                -50.721136,
                                0
                            ],
                            [
                                -73.186719,
                                -50.724925,
                                0
                            ],
                            [
                                -73.188821,
                                -50.728037,
                                0
                            ],
                            [
                                -73.190602,
                                -50.732753,
                                0
                            ],
                            [
                                -73.193097,
                                -50.735634,
                                0
                            ],
                            [
                                -73.194211,
                                -50.73618,
                                0
                            ],
                            [
                                -73.197837,
                                -50.740557,
                                0
                            ],
                            [
                                -73.192828,
                                -50.742473,
                                0
                            ],
                            [
                                -73.184621,
                                -50.746284,
                                0
                            ],
                            [
                                -73.180891,
                                -50.750479,
                                0
                            ],
                            [
                                -73.174168,
                                -50.751833,
                                0
                            ],
                            [
                                -73.173882,
                                -50.753773,
                                0
                            ],
                            [
                                -73.17502,
                                -50.758292,
                                0
                            ],
                            [
                                -73.173405,
                                -50.759298,
                                0
                            ],
                            [
                                -73.170888,
                                -50.758306,
                                0
                            ],
                            [
                                -73.169183,
                                -50.758341,
                                0
                            ],
                            [
                                -73.167968,
                                -50.758225,
                                0
                            ],
                            [
                                -73.167024,
                                -50.757697,
                                0
                            ],
                            [
                                -73.166472,
                                -50.757576,
                                0
                            ],
                            [
                                -73.165159,
                                -50.757628,
                                0
                            ],
                            [
                                -73.162842,
                                -50.758589,
                                0
                            ],
                            [
                                -73.157209,
                                -50.759679,
                                0
                            ],
                            [
                                -73.153956,
                                -50.76194,
                                0
                            ],
                            [
                                -73.149241,
                                -50.766859,
                                0
                            ],
                            [
                                -73.149463,
                                -50.768123,
                                0
                            ],
                            [
                                -73.200083,
                                -50.811428,
                                0
                            ],
                            [
                                -73.200048,
                                -50.820604,
                                0
                            ],
                            [
                                -73.191303,
                                -50.810831,
                                0
                            ],
                            [
                                -73.168224,
                                -50.800003,
                                0
                            ],
                            [
                                -73.143994,
                                -50.780509,
                                0
                            ],
                            [
                                -73.102575,
                                -50.774872,
                                0
                            ]
                        ]
                    ]
                }
            },
            {
                "type": "Feature",
                "properties": {
                    "title": "Poligonal de 1991",
                    "stroke": "#000000"
                },
                "geometry": {
                    "type": "MultiLineString",
                    "coordinates": [
                        [
                            [
                                -73.0419819,
                                -49.2741906,
                                0
                            ],
                            [
                                -73.4031625,
                                -49.27375,
                                0
                            ],
                            [
                                -73.2655021,
                                -49.5183132,
                                0
                            ],
                            [
                                -73.3797488,
                                -49.7064358,
                                0
                            ],
                            [
                                -73.451128,
                                -49.7894581,
                                0
                            ],
                            [
                                -73.500446,
                                -49.862143,
                                0
                            ],
                            [
                                -73.503875,
                                -49.9657116,
                                0
                            ],
                            [
                                -73.4993999,
                                -50.0474802,
                                0
                            ],
                            [
                                -73.4835154,
                                -50.3222688,
                                0
                            ],
                            [
                                -73.3632765,
                                -50.4444254,
                                0
                            ],
                            [
                                -73.288939,
                                -50.486337,
                                0
                            ],
                            [
                                -73.170924,
                                -50.638789,
                                0
                            ],
                            [
                                -73.1668394,
                                -50.7582318,
                                0
                            ],
                            [
                                -73.2507352,
                                -50.8178219,
                                0
                            ],
                            [
                                -73.1999127,
                                -50.817429,
                                0
                            ],
                            [
                                -73.09812,
                                -50.775674,
                                0
                            ]
                        ]
                    ]
                }
            }
        ]
    }
